Orden,AnioMes,Area,Linea,Equipo,DenominacionEquipo,Criticidad,TipoMantenimiento,ClaseOrden,EstadoCierre,Trabajo,TrabajoReal,CostoPlan,CostoReal,DiasCierre,RetrasoDias,FlagsCalidad,GrupoPlanificador,Prioridad,MotivoDetencion
400001,2025-01,Servicios,N/A,EQ-0210,Compresor 3,B,Correctivo,PM01,Cerrada,26.9,32.4,1886.7,1610.6,10,0,0,Servicios,Media,
400002,2025-01,Servicios,N/A,EQ-0202,Caldera 2,B,Preventivo,PM02,Cerrada,21.2,20.2,531.5,530.0,7,0,4,Mecánico,Media,
400003,2025-01,Envasado,Línea 2,EQ-0457,Envasadora L2,A,Preventivo,PM03,Cerrada,13.1,12.7,716.5,749.2,6,0,1,Instrumentación,Alta,
400004,2025-01,Servicios,N/A,EQ-0202,Caldera 2,B,Correctivo,PM01,Cerrada,25.7,38.8,1281.9,1351.0,12,0,0,Instrumentación,Media,
400005,2025-01,Proceso,Línea 2,EQ-0330,Bomba CIP,B,Emergencia,PM05,Abierta,19.1,5.6,1322.2,822.4,,1,3,Mecánico,Alta,
400006,2025-01,Proceso,Línea 2,EQ-0320,Mezclador P2,B,Preventivo,PM02,Cerrada,5.4,5.1,218.5,221.8,3,0,1,Instrumentación,Baja,
400007,2025-01,Proceso,Línea 1,EQ-0311,Intercambiador P1,B,Preventivo,PM03,Cerrada,21.1,22.4,742.7,745.0,17,8,17,Eléctrico,Media,
400008,2025-01,Proceso,Línea 2,EQ-0330,Bomba CIP,B,Correctivo,PM01,Cerrada,10.8,16.0,490.2,446.9,10,0,2,Servicios,Baja,
400009,2025-01,Servicios,N/A,EQ-0201,Caldera 1,A,Correctivo,PM01,Cerrada,20.3,25.8,1826.2,1541.7,4,0,2,Eléctrico,Baja,
400010,2025-01,Servicios,N/A,EQ-0202,Caldera 2,B,Preventivo,PM02,Cerrada,19.3,18.1,805.0,775.5,13,0,2,Eléctrico,Media,
400011,2025-01,Proceso,Línea 1,EQ-0331,Bomba de proceso,C,Preventivo,PM02,Cerrada,9.5,10.4,235.9,269.1,13,0,1,Servicios,Media,
400012,2025-01,Proceso,Línea 2,EQ-0330,Bomba CIP,B,Preventivo,PM03,Abierta,25.0,2.6,747.0,12.5,,10,16,Eléctrico,Baja,
400013,2025-01,Proceso,Línea 1,EQ-0311,Intercambiador P1,B,Correctivo,PM01,Cerrada,22.7,42.6,1011.0,1169.3,14,0,0,Eléctrico,Media,
400014,2025-01,Servicios,N/A,EQ-0211,Chiller 1,A,Preventivo,PM03,Cerrada,16.5,17.5,826.0,915.4,10,0,0,Servicios,Baja,
400015,2025-01,Proceso,Línea 1,EQ-0311,Intercambiador P1,B,Correctivo,PM01,Cerrada,3.5,6.7,228.2,284.2,1,0,0,Mecánico,Alta,
400016,2025-01,Proceso,Línea 2,EQ-0330,Bomba CIP,B,Correctivo,PM01,Cerrada,12.3,19.0,644.9,620.4,3,0,4,Eléctrico,Baja,
400017,2025-01,Envasado,Línea 1,EQ-0461,Etiquetadora L1,A,Correctivo,PM01,Cerrada,27.3,33.5,1774.2,1474.9,12,1,0,Servicios,Alta,
400018,2025-01,Proceso,Línea 1,EQ-0331,Bomba de proceso,C,Correctivo,PM01,Cerrada,4.9,8.2,128.3,141.3,2,0,0,Servicios,Media,
400019,2025-01,Envasado,Línea 1,EQ-0455,Envasadora L1,A,Correctivo,PM01,Abierta,7.4,2.7,673.8,266.8,,8,0,Instrumentación,Media,
400020,2025-01,Proceso,Línea 1,EQ-0310,Reactor P1,A,Mejora,PM04,Cerrada,16.3,15.3,601.1,572.0,6,0,2,Instrumentación,Baja,
400021,2025-01,Servicios,N/A,EQ-0210,Compresor 3,B,Preventivo,PM02,Cerrada,7.7,8.6,231.0,254.3,6,9,2,Mecánico,Media,
400022,2025-01,Proceso,Línea 1,EQ-0310,Reactor P1,A,Correctivo,PM01,Abierta,20.2,2.8,1549.6,428.5,,0,2,Eléctrico,Media,
400023,2025-01,Envasado,Línea 1,EQ-0455,Envasadora L1,A,Preventivo,PM03,Abierta,20.8,8.6,929.6,157.8,,17,16,Mecánico,Media,
400024,2025-01,Envasado,Línea 2,EQ-0462,Etiquetadora L2,B,Preventivo,PM02,Cerrada,22.1,24.5,774.8,815.9,15,0,2,Eléctrico,Baja,
400025,2025-01,Envasado,Línea 1,EQ-0461,Etiquetadora L1,A,Correctivo,PM01,Cerrada,22.7,39.5,1285.5,1563.7,4,2,0,Eléctrico,Baja,
400026,2025-01,Proceso,Línea 1,EQ-0310,Reactor P1,A,Correctivo,PM01,Cerrada,22.8,47.1,1961.8,2793.0,8,0,2,Mecánico,Baja,
400027,2025-01,Envasado,Línea 2,EQ-0462,Etiquetadora L2,B,Correctivo,PM01,Cerrada,27.3,55.7,2007.8,2606.8,7,0,4,Eléctrico,Media,
400028,2025-01,Proceso,Línea 1,EQ-0331,Bomba de proceso,C,Preventivo,PM03,Cerrada,4.5,4.9,93.7,95.5,8,0,2,Eléctrico,Baja,
400029,2025-01,Proceso,Línea 1,EQ-0311,Intercambiador P1,B,Correctivo,PM01,Cerrada,28.6,35.9,1496.2,1178.8,7,6,2,Eléctrico,Media,
400030,2025-01,Proceso,Línea 1,EQ-0311,Intercambiador P1,B,Correctivo,PM01,Cerrada,21.3,39.6,1494.3,1912.6,6,0,0,Mecánico,Alta,
400031,2025-01,Envasado,Línea 2,EQ-0457,Envasadora L2,A,Correctivo,PM01,Cerrada,30.8,67.1,1680.6,2299.4,17,0,0,Eléctrico,Alta,
400032,2025-01,Servicios,N/A,EQ-0202,Caldera 2,B,Preventivo,PM03,Cerrada,22.9,23.4,668.0,723.2,4,0,4,Servicios,Media,
400033,2025-01,Proceso,Línea 2,EQ-0320,Mezclador P2,B,Correctivo,PM01,Cerrada,7.9,9.8,348.8,305.0,7,0,0,Eléctrico,Media,
400034,2025-01,Envasado,Línea 2,EQ-0457,Envasadora L2,A,Emergencia,PM05,Cerrada,12.6,25.3,835.4,1112.0,7,0,0,Eléctrico,Media,
400035,2025-01,Servicios,N/A,EQ-0211,Chiller 1,A,Preventivo,PM02,Cerrada,17.3,16.7,644.5,612.1,17,0,0,Instrumentación,Baja,
400036,2025-01,Envasado,Línea 2,EQ-0457,Envasadora L2,A,Preventivo,PM03,Cerrada,14.0,13.2,550.4,564.1,17,3,3,Mecánico,Baja,
400037,2025-01,Envasado,Línea 2,EQ-0457,Envasadora L2,A,Correctivo,PM01,Abierta,20.1,3.4,1831.6,90.3,,12,0,Eléctrico,Media,
400038,2025-01,Envasado,Línea 2,EQ-0457,Envasadora L2,A,Correctivo,PM01,Cerrada,16.9,20.4,1608.3,1259.0,14,0,2,Instrumentación,Alta,
400039,2025-01,Envasado,Línea 1,EQ-0461,Etiquetadora L1,A,Correctivo,PM01,Cerrada,22.9,30.4,1762.4,1618.1,15,0,0,Eléctrico,Media,
400040,2025-01,Envasado,Línea 3,EQ-0471,Transportador L3,C,Correctivo,PM01,Cerrada,7.3,11.6,296.4,308.8,17,0,0,Mecánico,Alta,
400041,2025-01,Proceso,Línea 1,EQ-0310,Reactor P1,A,Preventivo,PM03,Abierta,4.6,1.3,242.0,82.4,,5,0,Eléctrico,Media,
400042,2025-01,Proceso,Línea 1,EQ-0331,Bomba de proceso,C,Mejora,PM04,Cerrada,25.1,23.6,644.8,617.2,12,0,0,Eléctrico,Media,
400043,2025-01,Servicios,N/A,EQ-0210,Compresor 3,B,Preventivo,PM02,Cerrada,4.7,4.5,144.8,143.2,4,4,0,Mecánico,Media,
400044,2025-01,Envasado,Línea 3,EQ-0471,Transportador L3,C,Predictivo,PM06,Cerrada,9.6,9.9,207.2,221.1,15,0,0,Eléctrico,Baja,
400045,2025-01,Proceso,Línea 2,EQ-0330,Bomba CIP,B,Preventivo,PM02,Cerrada,9.2,9.7,255.1,263.0,2,2,0,Mecánico,Baja,
400046,2025-01,Servicios,N/A,EQ-0202,Caldera 2,B,Correctivo,PM01,Cerrada,26.4,49.6,1415.4,1916.4,1,0,0,Mecánico,Media,
400047,2025-01,Servicios,N/A,EQ-0201,Caldera 1,A,Preventivo,PM02,Cerrada,7.0,6.5,256.6,227.9,15,0,6,Eléctrico,Alta,
400048,2025-01,Servicios,N/A,EQ-0211,Chiller 1,A,Preventivo,PM03,Cerrada,14.6,16.1,757.3,860.3,7,0,6,Servicios,Baja,
400049,2025-01,Proceso,Línea 2,EQ-0320,Mezclador P2,B,Correctivo,PM01,Cerrada,30.9,66.9,1409.4,2186.6,3,0,0,Instrumentación,Media,
400050,2025-01,Envasado,Línea 1,EQ-0461,Etiquetadora L1,A,Correctivo,PM01,Cerrada,4.9,7.9,391.3,413.5,7,0,2,Instrumentación,Media,
400051,2025-01,Servicios,N/A,EQ-0201,Caldera 1,A,Emergencia,PM05,Cerrada,18.9,27.2,1252.4,1240.9,10,0,2,Eléctrico,Baja,
400052,2025-01,Envasado,Línea 2,EQ-0457,Envasadora L2,A,Correctivo,PM01,Abierta,30.1,8.6,2300.7,356.0,,0,0,Instrumentación,Baja,
400053,2025-01,Envasado,Línea 1,EQ-0461,Etiquetadora L1,A,Preventivo,PM02,Cerrada,13.8,13.1,544.3,483.8,13,0,0,Eléctrico,Media,
400054,2025-01,Proceso,Línea 2,EQ-0320,Mezclador P2,B,Predictivo,PM06,Cerrada,13.4,13.2,638.5,646.1,5,0,4,Eléctrico,Media,
400055,2025-01,Envasado,Línea 2,EQ-0462,Etiquetadora L2,B,Correctivo,PM01,Cerrada,24.1,51.2,1583.4,2102.3,12,0,0,Mecánico,Media,
400056,2025-01,Proceso,Línea 1,EQ-0310,Reactor P1,A,Correctivo,PM01,Cerrada,27.9,46.1,2330.3,2398.0,7,0,0,Mecánico,Alta,
400057,2025-01,Servicios,N/A,EQ-0201,Caldera 1,A,Preventivo,PM02,Cerrada,6.4,6.3,321.5,301.8,13,0,0,Mecánico,Media,
400058,2025-01,Envasado,Línea 1,EQ-0455,Envasadora L1,A,Preventivo,PM02,Cerrada,8.8,8.7,442.2,457.4,11,0,0,Eléctrico,Alta,
400059,2025-01,Envasado,Línea 2,EQ-0457,Envasadora L2,A,Correctivo,PM01,Cerrada,27.9,42.3,2293.3,2237.6,9,0,4,Mecánico,Baja,
400060,2025-01,Bodega,N/A,EQ-0601,Grúa horquilla 4,C,Preventivo,PM02,Cerrada,23.7,24.8,557.7,631.4,9,0,0,Eléctrico,Baja,
400061,2025-01,Proceso,Línea 2,EQ-0320,Mezclador P2,B,Preventivo,PM03,Cerrada,14.9,14.4,460.2,480.7,3,0,0,Eléctrico,Alta,
400062,2025-01,Proceso,Línea 2,EQ-0330,Bomba CIP,B,Preventivo,PM02,Cerrada,14.8,16.4,440.6,530.3,7,0,0,Mecánico,Baja,
400063,2025-01,Proceso,Línea 1,EQ-0310,Reactor P1,A,Correctivo,PM01,Cerrada,18.1,36.8,1592.3,2011.6,14,0,0,Mecánico,Alta,
400064,2025-01,Proceso,Línea 1,EQ-0331,Bomba de proceso,C,Preventivo,PM02,Abierta,23.6,1.7,838.9,425.7,,0,0,Mecánico,Alta,
400065,2025-01,Proceso,Línea 1,EQ-0310,Reactor P1,A,Correctivo,PM01,Cerrada,25.9,53.4,1475.6,2076.7,2,0,6,Mecánico,Alta,
400066,2025-01,Servicios,N/A,EQ-0210,Compresor 3,B,Preventivo,PM03,Cerrada,21.3,20.9,581.9,584.9,6,0,2,Mecánico,Baja,
400067,2025-01,Bodega,N/A,EQ-0601,Grúa horquilla 4,C,Preventivo,PM02,Cerrada,7.3,7.0,243.0,239.0,16,0,0,Mecánico,Media,
400068,2025-01,Envasado,Línea 3,EQ-0471,Transportador L3,C,Preventivo,PM02,Cerrada,25.3,26.5,522.8,591.1,9,0,6,Eléctrico,Alta,
400069,2025-01,Proceso,Línea 1,EQ-0331,Bomba de proceso,C,Preventivo,PM02,Cerrada,12.3,11.3,417.0,381.1,4,0,6,Servicios,Baja,
400070,2025-01,Servicios,N/A,EQ-0210,Compresor 3,B,Preventivo,PM02,Abierta,6.0,1.3,244.9,60.1,,0,0,Eléctrico,Baja,
400071,2025-01,Proceso,Línea 1,EQ-0310,Reactor P1,A,Correctivo,PM01,Cerrada,26.8,40.9,1891.9,1920.7,1,0,4,Eléctrico,Baja,
400072,2025-01,Envasado,Línea 1,EQ-0461,Etiquetadora L1,A,Preventivo,PM02,Cerrada,17.4,16.5,902.0,827.8,3,4,4,Mecánico,Media,
400073,2025-01,Servicios,N/A,EQ-0201,Caldera 1,A,Mejora,PM04,Cerrada,15.3,16.8,477.1,485.2,8,0,0,Mecánico,Media,
400074,2025-01,Proceso,Línea 1,EQ-0310,Reactor P1,A,Mejora,PM04,Cerrada,24.6,23.6,1510.8,1378.9,13,0,0,Servicios,Baja,
400075,2025-01,Envasado,Línea 1,EQ-0455,Envasadora L1,A,Correctivo,PM01,Abierta,16.9,0.9,1603.8,226.8,,27,2,Mecánico,Media,Requiere parada de planta
400076,2025-01,Envasado,Línea 1,EQ-0455,Envasadora L1,A,Preventivo,PM02,Cerrada,21.2,23.1,1148.5,1294.4,13,0,0,Mecánico,Media,
400077,2025-01,Proceso,Línea 2,EQ-0330,Bomba CIP,B,Preventivo,PM02,Cerrada,12.3,12.8,343.9,379.5,2,0,4,Mecánico,Media,
400078,2025-01,Proceso,Línea 1,EQ-0310,Reactor P1,A,Correctivo,PM01,Cerrada,16.1,23.9,1231.1,1192.8,12,0,2,Mecánico,Baja,
400079,2025-01,Servicios,N/A,EQ-0211,Chiller 1,A,Preventivo,PM02,Abierta,3.6,0.6,152.8,48.9,,0,0,Eléctrico,Alta,
400080,2025-01,Envasado,Línea 1,EQ-0461,Etiquetadora L1,A,Preventivo,PM03,Cerrada,24.9,27.2,1369.2,1608.8,9,0,0,Instrumentación,Baja,
400081,2025-01,Servicios,N/A,EQ-0202,Caldera 2,B,Correctivo,PM01,Cerrada,21.7,31.0,1228.5,1162.2,14,0,0,Mecánico,Alta,
400082,2025-01,Envasado,Línea 1,EQ-0461,Etiquetadora L1,A,Correctivo,PM01,Cerrada,23.2,43.6,1742.7,2194.9,11,0,0,Mecánico,Media,
400083,2025-01,Envasado,Línea 3,EQ-0471,Transportador L3,C,Correctivo,PM01,Cerrada,26.2,45.9,1169.7,1261.3,3,0,4,Mecánico,Alta,
400084,2025-01,Proceso,Línea 2,EQ-0320,Mezclador P2,B,Preventivo,PM02,Abierta,23.8,6.2,1100.8,189.5,,0,1,Mecánico,Alta,
400085,2025-01,Envasado,Línea 2,EQ-0462,Etiquetadora L2,B,Preventivo,PM02,Cerrada,13.0,13.8,380.6,392.8,3,0,0,Eléctrico,Media,
400086,2025-01,Envasado,Línea 1,EQ-0461,Etiquetadora L1,A,Preventivo,PM02,Cerrada,22.6,21.1,1188.2,1157.3,4,0,0,Instrumentación,Media,
400087,2025-01,Servicios,N/A,EQ-0202,Caldera 2,B,Preventivo,PM02,Cerrada,9.2,9.0,220.6,234.2,1,5,0,Eléctrico,Baja,
400088,2025-01,Envasado,Línea 2,EQ-0457,Envasadora L2,A,Preventivo,PM02,Cerrada,20.4,20.2,672.9,724.1,8,0,2,Eléctrico,Media,
400089,2025-01,Proceso,Línea 1,EQ-0331,Bomba de proceso,C,Preventivo,PM03,Cerrada,6.9,7.2,135.6,131.0,1,0,2,Servicios,Alta,
400090,2025-01,Proceso,Línea 1,EQ-0311,Intercambiador P1,B,Preventivo,PM03,Cerrada,22.1,20.5,917.3,800.2,14,0,1,Eléctrico,Media,
400091,2025-01,Proceso,Línea 1,EQ-0311,Intercambiador P1,B,Preventivo,PM03,Cerrada,15.2,14.9,417.1,405.8,5,0,0,Mecánico,Baja,
400092,2025-01,Envasado,Línea 2,EQ-0462,Etiquetadora L2,B,Correctivo,PM01,Cerrada,10.4,12.3,356.0,263.4,4,0,0,Eléctrico,Alta,
400093,2025-01,Servicios,N/A,EQ-0211,Chiller 1,A,Preventivo,PM03,Cerrada,20.9,21.2,1002.6,943.1,15,0,4,Instrumentación,Media,
400094,2025-01,Servicios,N/A,EQ-0211,Chiller 1,A,Correctivo,PM01,Cerrada,15.1,24.5,1234.8,1242.0,14,0,0,Mecánico,Media,
400095,2025-01,Envasado,Línea 1,EQ-0455,Envasadora L1,A,Correctivo,PM01,Cerrada,6.5,11.3,384.9,474.6,2,0,0,Eléctrico,Media,
400096,2025-01,Servicios,N/A,EQ-0211,Chiller 1,A,Preventivo,PM03,Abierta,18.9,2.7,903.1,415.5,,1,0,Mecánico,Media,
400097,2025-01,Proceso,Línea 1,EQ-0310,Reactor P1,A,Correctivo,PM01,Abierta,31.3,7.4,1856.1,157.2,,0,0,Eléctrico,Baja,
400098,2025-01,Servicios,N/A,EQ-0210,Compresor 3,B,Preventivo,PM02,Abierta,18.8,4.6,654.2,161.9,,15,16,Eléctrico,Media,
400099,2025-01,Envasado,Línea 2,EQ-0462,Etiquetadora L2,B,Correctivo,PM01,Cerrada,10.2,12.0,715.7,536.6,5,10,0,Eléctrico,Media,
400100,2025-01,Envasado,Línea 3,EQ-0470,Paletizador,B,Emergencia,PM05,Cerrada,18.7,23.1,1323.4,1113.6,16,8,0,Mecánico,Media,
400101,2025-01,Servicios,N/A,EQ-0210,Compresor 3,B,Preventivo,PM03,Cerrada,3.5,3.2,165.1,147.5,13,0,2,Instrumentación,Alta,
400102,2025-01,Servicios,N/A,EQ-0201,Caldera 1,A,Correctivo,PM01,Cerrada,21.8,31.9,1187.6,1169.1,9,10,2,Mecánico,Baja,
400103,2025-01,Servicios,N/A,EQ-0211,Chiller 1,A,Correctivo,PM01,Cerrada,3.5,6.5,280.6,324.1,16,5,0,Mecánico,Baja,
400104,2025-01,Servicios,N/A,EQ-0210,Compresor 3,B,Emergencia,PM05,Cerrada,20.1,23.7,1290.8,940.2,11,0,0,Mecánico,Baja,
400105,2025-01,Bodega,N/A,EQ-0601,Grúa horquilla 4,C,Mejora,PM04,Cerrada,14.2,14.5,342.0,323.1,13,0,2,Eléctrico,Baja,
400106,2025-01,Envasado,Línea 2,EQ-0457,Envasadora L2,A,Emergencia,PM05,Cerrada,28.9,47.6,2331.9,2498.5,2,0,0,Eléctrico,Media,
400107,2025-01,Proceso,Línea 2,EQ-0330,Bomba CIP,B,Preventivo,PM02,Cerrada,21.1,19.9,519.1,454.6,15,0,0,Eléctrico,Alta,
400108,2025-01,Servicios,N/A,EQ-0210,Compresor 3,B,Correctivo,PM01,Cerrada,23.1,26.8,1051.8,758.2,2,0,0,Mecánico,Alta,
400109,2025-01,Proceso,Línea 1,EQ-0310,Reactor P1,A,Correctivo,PM01,Cerrada,8.8,16.9,495.5,630.4,7,0,0,Mecánico,Alta,
400110,2025-01,Proceso,Línea 1,EQ-0331,Bomba de proceso,C,Preventivo,PM03,Cerrada,24.5,25.4,643.9,651.7,14,0,1,Eléctrico,Media,
400111,2025-01,Envasado,Línea 2,EQ-0462,Etiquetadora L2,B,Correctivo,PM01,Abierta,12.0,3.2,765.6,371.0,,13,0,Mecánico,Baja,
400112,2025-01,Envasado,Línea 1,EQ-0461,Etiquetadora L1,A,Mejora,PM04,Cerrada,12.1,11.5,553.3,513.0,10,0,2,Servicios,Alta,
400113,2025-01,Proceso,Línea 1,EQ-0310,Reactor P1,A,Emergencia,PM05,Cerrada,31.5,58.9,1714.8,2214.7,5,0,0,Mecánico,Media,
400114,2025-01,Servicios,N/A,EQ-0201,Caldera 1,A,Preventivo,PM02,Cerrada,12.2,12.6,770.7,812.2,1,0,0,Eléctrico,Baja,
400115,2025-01,Servicios,N/A,EQ-0210,Compresor 3,B,Mejora,PM04,Cerrada,2.3,2.6,85.9,92.5,1,0,0,Mecánico,Alta,
400116,2025-01,Proceso,Línea 1,EQ-0331,Bomba de proceso,C,Preventivo,PM02,Cerrada,10.5,10.7,246.2,240.2,11,0,0,Eléctrico,Baja,
400117,2025-01,Envasado,Línea 1,EQ-0461,Etiquetadora L1,A,Correctivo,PM01,Cerrada,10.0,17.5,591.2,691.7,8,0,0,Eléctrico,Baja,
400118,2025-01,Envasado,Línea 3,EQ-0470,Paletizador,B,Correctivo,PM01,Abierta,31.4,6.3,1818.0,248.6,,19,0,Eléctrico,Media,
400119,2025-01,Servicios,N/A,EQ-0201,Caldera 1,A,Correctivo,PM01,Cerrada,31.5,42.1,1419.9,1266.1,5,0,0,Mecánico,Media,
400120,2025-01,Proceso,Línea 2,EQ-0320,Mezclador P2,B,Mejora,PM04,Cerrada,7.5,7.8,195.3,213.8,14,0,2,Eléctrico,Baja,
400121,2025-01,Envasado,Línea 3,EQ-0470,Paletizador,B,Correctivo,PM01,Cerrada,28.5,49.2,1621.0,1924.4,14,0,1,Servicios,Baja,
400122,2025-01,Proceso,Línea 1,EQ-0310,Reactor P1,A,Correctivo,PM01,Cerrada,24.8,51.1,2327.5,3403.7,9,0,6,Mecánico,Media,
400123,2025-01,Envasado,Línea 1,EQ-0455,Envasadora L1,A,Preventivo,PM02,Cerrada,13.8,15.0,458.1,511.9,1,0,4,Eléctrico,Media,
400124,2025-01,Servicios,N/A,EQ-0211,Chiller 1,A,Correctivo,PM01,Cerrada,26.0,40.8,1915.6,2157.8,14,0,0,Instrumentación,Media,
400125,2025-01,Proceso,Línea 2,EQ-0330,Bomba CIP,B,Preventivo,PM02,Cerrada,19.0,18.7,529.8,509.1,12,0,0,Eléctrico,Baja,
400126,2025-01,Envasado,Línea 2,EQ-0462,Etiquetadora L2,B,Preventivo,PM02,Cerrada,3.1,3.4,83.4,90.3,5,11,17,Mecánico,Baja,
400127,2025-01,Proceso,Línea 1,EQ-0310,Reactor P1,A,Correctivo,PM01,Cerrada,11.7,25.7,711.6,1104.3,2,0,1,Mecánico,Media,
400128,2025-01,Proceso,Línea 1,EQ-0331,Bomba de proceso,C,Correctivo,PM01,Cerrada,12.8,24.4,329.6,436.7,7,5,6,Eléctrico,Baja,
400129,2025-01,Servicios,N/A,EQ-0201,Caldera 1,A,Preventivo,PM03,Cerrada,10.1,10.6,553.8,555.1,16,0,0,Mecánico,Baja,
400130,2025-01,Servicios,N/A,EQ-0201,Caldera 1,A,Preventivo,PM02,Cerrada,13.2,13.9,723.8,744.7,14,0,1,Mecánico,Baja,
400131,2025-01,Proceso,Línea 1,EQ-0310,Reactor P1,A,Preventivo,PM02,Cerrada,5.2,5.2,285.8,303.8,7,0,0,Mecánico,Baja,
400132,2025-01,Envasado,Línea 2,EQ-0457,Envasadora L2,A,Preventivo,PM02,Cerrada,4.5,4.4,182.5,165.4,14,0,4,Mecánico,Media,
400133,2025-01,Proceso,Línea 1,EQ-0310,Reactor P1,A,Preventivo,PM02,Cerrada,12.4,13.5,451.1,502.3,12,0,2,Eléctrico,Baja,
400134,2025-01,Envasado,Línea 3,EQ-0471,Transportador L3,C,Preventivo,PM02,Cerrada,11.0,11.4,194.5,193.5,6,0,0,Mecánico,Baja,
400135,2025-01,Servicios,N/A,EQ-0211,Chiller 1,A,Correctivo,PM01,Cerrada,23.7,48.9,2110.5,2962.5,7,0,2,Instrumentación,Alta,
400136,2025-01,Servicios,N/A,EQ-0201,Caldera 1,A,Emergencia,PM05,Cerrada,20.0,30.6,1623.8,1655.3,16,0,2,Servicios,Alta,
400137,2025-01,Servicios,N/A,EQ-0202,Caldera 2,B,Preventivo,PM02,Cerrada,22.3,22.1,676.4,689.3,12,0,6,Eléctrico,Baja,
400138,2025-01,Envasado,Línea 3,EQ-0471,Transportador L3,C,Preventivo,PM02,Cerrada,19.3,21.2,390.8,460.0,2,0,0,Mecánico,Baja,
400139,2025-01,Proceso,Línea 2,EQ-0330,Bomba CIP,B,Emergencia,PM05,Cerrada,23.9,41.1,1286.8,1470.9,11,0,0,Instrumentación,Baja,
400140,2025-02,Envasado,Línea 3,EQ-0471,Transportador L3,C,Correctivo,PM01,Cerrada,23.7,52.0,1236.9,1935.8,8,0,4,Eléctrico,Media,
400141,2025-02,Envasado,Línea 1,EQ-0461,Etiquetadora L1,A,Preventivo,PM02,Cerrada,4.1,3.9,236.8,219.8,7,6,0,Servicios,Baja,
400142,2025-02,Envasado,Línea 3,EQ-0470,Paletizador,B,Emergencia,PM05,Cerrada,10.9,22.2,650.3,956.6,7,0,0,Mecánico,Baja,
400143,2025-02,Envasado,Línea 1,EQ-0455,Envasadora L1,A,Preventivo,PM02,Cerrada,16.9,17.5,675.1,722.8,9,0,0,Instrumentación,Baja,
400144,2025-02,Proceso,Línea 1,EQ-0331,Bomba de proceso,C,Preventivo,PM03,Cerrada,3.6,3.5,133.3,129.1,8,11,0,Mecánico,Baja,
400145,2025-02,Envasado,Línea 1,EQ-0461,Etiquetadora L1,A,Correctivo,PM01,Cerrada,15.9,32.1,966.4,1341.3,11,4,0,Mecánico,Media,
400146,2025-02,Envasado,Línea 2,EQ-0462,Etiquetadora L2,B,Correctivo,PM01,Cerrada,19.7,29.5,864.3,895.3,5,0,2,Eléctrico,Alta,
400147,2025-02,Proceso,Línea 2,EQ-0320,Mezclador P2,B,Preventivo,PM02,Cerrada,6.0,6.3,219.4,233.0,3,0,4,Mecánico,Media,
400148,2025-02,Bodega,N/A,EQ-0601,Grúa horquilla 4,C,Preventivo,PM03,Cerrada,12.8,14.1,470.1,561.4,2,9,20,Mecánico,Alta,
400149,2025-02,Envasado,Línea 1,EQ-0461,Etiquetadora L1,A,Correctivo,PM01,Abierta,21.3,1.1,1089.8,458.9,,0,0,Eléctrico,Media,
400150,2025-02,Proceso,Línea 2,EQ-0320,Mezclador P2,B,Predictivo,PM06,Cerrada,10.5,11.0,449.2,487.4,14,0,1,Mecánico,Alta,
400151,2025-02,Bodega,N/A,EQ-0601,Grúa horquilla 4,C,Preventivo,PM02,Cerrada,16.2,17.9,299.0,346.1,3,10,16,Mecánico,Media,
400152,2025-02,Envasado,Línea 1,EQ-0455,Envasadora L1,A,Preventivo,PM02,Cerrada,5.6,5.4,267.8,280.5,6,0,0,Mecánico,Media,
400153,2025-02,Envasado,Línea 2,EQ-0462,Etiquetadora L2,B,Preventivo,PM02,Cerrada,22.9,21.4,537.6,492.7,14,0,0,Instrumentación,Baja,
400154,2025-02,Servicios,N/A,EQ-0210,Compresor 3,B,Correctivo,PM01,Cerrada,24.6,47.9,964.6,1208.3,8,0,0,Mecánico,Media,
400155,2025-02,Proceso,Línea 2,EQ-0330,Bomba CIP,B,Mejora,PM04,Cerrada,21.9,24.2,530.8,592.6,13,8,2,Instrumentación,Alta,
400156,2025-02,Proceso,Línea 2,EQ-0330,Bomba CIP,B,Correctivo,PM01,Cerrada,20.2,30.7,1168.3,1098.7,8,0,4,Eléctrico,Media,
400157,2025-02,Envasado,Línea 1,EQ-0455,Envasadora L1,A,Preventivo,PM02,Abierta,7.0,2.0,233.1,45.0,,0,0,Instrumentación,Alta,
400158,2025-02,Bodega,N/A,EQ-0601,Grúa horquilla 4,C,Preventivo,PM03,Cerrada,6.0,5.9,179.5,188.6,16,0,0,Eléctrico,Media,
400159,2025-02,Envasado,Línea 3,EQ-0471,Transportador L3,C,Preventivo,PM02,Cerrada,7.4,7.7,164.1,184.5,8,11,0,Mecánico,Media,
400160,2025-02,Proceso,Línea 1,EQ-0311,Intercambiador P1,B,Preventivo,PM02,Abierta,25.9,0.9,799.2,306.2,,0,2,Mecánico,Media,
400161,2025-02,Envasado,Línea 1,EQ-0455,Envasadora L1,A,Preventivo,PM02,Cerrada,10.2,10.1,313.6,308.0,3,0,0,Eléctrico,Media,
400162,2025-02,Proceso,Línea 2,EQ-0320,Mezclador P2,B,Preventivo,PM02,Abierta,2.7,1.2,112.5,32.7,,29,18,Servicios,Baja,Requiere parada de planta
400163,2025-02,Envasado,Línea 2,EQ-0457,Envasadora L2,A,Correctivo,PM01,Cerrada,3.9,6.4,264.2,291.5,3,7,0,Eléctrico,Baja,
400164,2025-02,Envasado,Línea 1,EQ-0455,Envasadora L1,A,Preventivo,PM02,Abierta,12.7,5.6,677.0,397.9,,7,0,Eléctrico,Media,
400165,2025-02,Proceso,Línea 1,EQ-0331,Bomba de proceso,C,Preventivo,PM03,Cerrada,10.2,10.7,283.5,299.9,3,0,0,Servicios,Alta,
400166,2025-02,Proceso,Línea 2,EQ-0330,Bomba CIP,B,Emergencia,PM05,Cerrada,30.0,60.9,2074.6,2704.7,7,0,0,Instrumentación,Media,
400167,2025-02,Proceso,Línea 1,EQ-0310,Reactor P1,A,Preventivo,PM02,Cerrada,16.6,15.9,989.1,915.6,15,11,0,Mecánico,Alta,
400168,2025-02,Envasado,Línea 1,EQ-0455,Envasadora L1,A,Correctivo,PM01,Cerrada,8.8,12.5,806.1,717.5,8,0,0,Mecánico,Baja,
400169,2025-02,Envasado,Línea 1,EQ-0455,Envasadora L1,A,Correctivo,PM01,Cerrada,24.5,36.8,1886.6,1821.6,4,0,4,Eléctrico,Baja,
400170,2025-02,Envasado,Línea 1,EQ-0455,Envasadora L1,A,Preventivo,PM03,Cerrada,6.4,6.1,249.6,238.2,5,0,0,Servicios,Alta,
400171,2025-02,Proceso,Línea 1,EQ-0311,Intercambiador P1,B,Correctivo,PM01,Cerrada,26.8,36.2,1185.1,1075.0,15,0,0,Eléctrico,Media,
400172,2025-02,Proceso,Línea 1,EQ-0311,Intercambiador P1,B,Mejora,PM04,Cerrada,22.3,22.8,714.1,705.2,14,0,6,Eléctrico,Baja,
400173,2025-02,Envasado,Línea 1,EQ-0455,Envasadora L1,A,Preventivo,PM02,Cerrada,18.7,18.3,891.5,806.8,14,0,1,Servicios,Baja,
400174,2025-02,Servicios,N/A,EQ-0201,Caldera 1,A,Preventivo,PM02,Cerrada,21.8,21.5,1091.7,1032.6,5,0,4,Servicios,Alta,
400175,2025-02,Envasado,Línea 2,EQ-0462,Etiquetadora L2,B,Correctivo,PM01,Cerrada,24.6,34.8,1597.5,1517.1,3,0,0,Mecánico,Baja,
400176,2025-02,Envasado,Línea 3,EQ-0470,Paletizador,B,Preventivo,PM03,Cerrada,19.2,18.1,757.9,700.2,2,6,16,Servicios,Media,
400177,2025-02,Proceso,Línea 1,EQ-0311,Intercambiador P1,B,Correctivo,PM01,Cerrada,29.8,59.7,1107.1,1375.8,10,0,2,Instrumentación,Media,
400178,2025-02,Envasado,Línea 2,EQ-0457,Envasadora L2,A,Preventivo,PM02,Cerrada,10.3,11.2,358.1,413.6,8,0,0,Eléctrico,Alta,
400179,2025-02,Envasado,Línea 3,EQ-0470,Paletizador,B,Preventivo,PM02,Cerrada,18.7,18.1,544.4,493.4,8,11,16,Instrumentación,Media,
400180,2025-02,Envasado,Línea 1,EQ-0461,Etiquetadora L1,A,Preventivo,PM02,Cerrada,19.7,21.3,957.5,1008.4,12,0,2,Mecánico,Alta,
400181,2025-02,Proceso,Línea 2,EQ-0330,Bomba CIP,B,Emergencia,PM05,Cerrada,7.7,15.4,496.3,666.3,14,0,6,Eléctrico,Media,
400182,2025-02,Envasado,Línea 3,EQ-0470,Paletizador,B,Preventivo,PM02,Cerrada,18.9,21.1,485.9,525.3,10,0,0,Mecánico,Alta,
400183,2025-02,Envasado,Línea 3,EQ-0471,Transportador L3,C,Preventivo,PM02,Cerrada,23.7,25.9,462.4,514.6,14,0,4,Mecánico,Media,
400184,2025-02,Envasado,Línea 3,EQ-0471,Transportador L3,C,Preventivo,PM02,Cerrada,20.5,20.9,743.5,727.7,16,0,0,Mecánico,Media,
400185,2025-02,Proceso,Línea 2,EQ-0330,Bomba CIP,B,Correctivo,PM01,Cerrada,7.3,10.9,444.5,420.5,5,0,0,Instrumentación,Baja,
400186,2025-02,Proceso,Línea 1,EQ-0311,Intercambiador P1,B,Preventivo,PM02,Cerrada,4.5,4.7,204.5,219.8,5,0,0,Servicios,Baja,
400187,2025-02,Envasado,Línea 3,EQ-0471,Transportador L3,C,Preventivo,PM02,Cerrada,9.4,9.9,322.0,317.3,9,0,1,Mecánico,Baja,
400188,2025-02,Envasado,Línea 2,EQ-0462,Etiquetadora L2,B,Correctivo,PM01,Cerrada,4.6,7.4,196.3,210.5,2,0,4,Eléctrico,Media,
400189,2025-02,Servicios,N/A,EQ-0201,Caldera 1,A,Correctivo,PM01,Cerrada,15.0,29.0,1293.9,1731.1,16,0,0,Mecánico,Media,
400190,2025-02,Envasado,Línea 1,EQ-0461,Etiquetadora L1,A,Correctivo,PM01,Cerrada,15.7,32.6,1434.3,2032.9,7,0,4,Mecánico,Media,
400191,2025-02,Servicios,N/A,EQ-0211,Chiller 1,A,Correctivo,PM01,Abierta,10.5,2.6,832.0,151.3,,8,0,Eléctrico,Media,
400192,2025-02,Servicios,N/A,EQ-0202,Caldera 2,B,Preventivo,PM03,Cerrada,5.2,4.9,233.7,217.6,15,3,16,Eléctrico,Alta,
400193,2025-02,Servicios,N/A,EQ-0211,Chiller 1,A,Preventivo,PM02,Cerrada,24.4,23.9,1209.9,1235.9,2,0,3,Instrumentación,Media,
400194,2025-02,Envasado,Línea 1,EQ-0455,Envasadora L1,A,Predictivo,PM06,Abierta,24.6,8.8,1489.3,59.7,,0,1,Instrumentación,Baja,
400195,2025-02,Bodega,N/A,EQ-0601,Grúa horquilla 4,C,Preventivo,PM02,Cerrada,11.5,11.9,334.3,327.9,7,0,0,Instrumentación,Baja,
400196,2025-02,Servicios,N/A,EQ-0210,Compresor 3,B,Preventivo,PM02,Cerrada,18.0,18.7,439.7,452.9,4,0,0,Instrumentación,Alta,
400197,2025-02,Proceso,Línea 1,EQ-0311,Intercambiador P1,B,Preventivo,PM02,Cerrada,22.5,25.2,853.1,1017.6,4,2,0,Mecánico,Baja,
400198,2025-02,Envasado,Línea 2,EQ-0457,Envasadora L2,A,Preventivo,PM02,Cerrada,20.5,22.9,1140.1,1355.7,4,0,1,Eléctrico,Media,
400199,2025-02,Proceso,Línea 2,EQ-0320,Mezclador P2,B,Preventivo,PM03,Cerrada,7.9,7.9,306.3,332.6,1,0,0,Servicios,Media,
400200,2025-02,Servicios,N/A,EQ-0210,Compresor 3,B,Preventivo,PM02,Cerrada,11.9,12.8,378.9,428.3,12,0,2,Mecánico,Alta,
400201,2025-02,Envasado,Línea 1,EQ-0461,Etiquetadora L1,A,Preventivo,PM02,Cerrada,17.8,19.5,914.9,962.9,2,0,4,Eléctrico,Baja,
400202,2025-02,Servicios,N/A,EQ-0202,Caldera 2,B,Preventivo,PM02,Cerrada,21.8,23.9,761.5,900.2,7,0,0,Mecánico,Media,
400203,2025-02,Envasado,Línea 1,EQ-0461,Etiquetadora L1,A,Preventivo,PM02,Cerrada,19.1,18.6,1131.0,1076.7,7,1,16,Mecánico,Baja,
400204,2025-02,Proceso,Línea 2,EQ-0320,Mezclador P2,B,Preventivo,PM02,Cerrada,14.5,15.2,469.1,521.1,5,0,0,Mecánico,Baja,
400205,2025-02,Proceso,Línea 1,EQ-0310,Reactor P1,A,Preventivo,PM02,Cerrada,20.6,19.4,1316.3,1159.8,12,0,4,Mecánico,Media,
400206,2025-02,Servicios,N/A,EQ-0201,Caldera 1,A,Preventivo,PM02,Cerrada,23.8,25.9,1373.6,1543.4,6,8,16,Eléctrico,Baja,
400207,2025-02,Envasado,Línea 3,EQ-0470,Paletizador,B,Preventivo,PM02,Abierta,25.6,7.0,1167.6,289.9,,18,2,Eléctrico,Media,
400208,2025-02,Proceso,Línea 2,EQ-0330,Bomba CIP,B,Correctivo,PM01,Cerrada,3.7,4.3,245.8,177.2,11,0,2,Eléctrico,Media,
400209,2025-02,Envasado,Línea 2,EQ-0457,Envasadora L2,A,Correctivo,PM01,Cerrada,6.8,11.0,496.5,580.0,11,11,1,Mecánico,Media,
400210,2025-02,Envasado,Línea 2,EQ-0457,Envasadora L2,A,Correctivo,PM01,Abierta,12.4,4.6,1067.3,283.6,,15,3,Mecánico,Baja,
400211,2025-02,Servicios,N/A,EQ-0210,Compresor 3,B,Correctivo,PM01,Cerrada,8.4,15.9,344.1,400.0,1,4,2,Mecánico,Alta,
400212,2025-02,Envasado,Línea 3,EQ-0470,Paletizador,B,Preventivo,PM02,Abierta,25.9,5.6,752.6,213.3,,0,0,Servicios,Media,
400213,2025-02,Bodega,N/A,EQ-0601,Grúa horquilla 4,C,Preventivo,PM02,Cerrada,9.3,8.9,173.0,158.3,16,0,2,Mecánico,Baja,
400214,2025-02,Envasado,Línea 3,EQ-0470,Paletizador,B,Preventivo,PM02,Abierta,24.0,3.2,1145.6,191.2,,7,0,Mecánico,Media,
400215,2025-02,Envasado,Línea 3,EQ-0470,Paletizador,B,Preventivo,PM02,Cerrada,14.6,14.1,716.7,695.5,5,0,0,Eléctrico,Media,
400216,2025-02,Servicios,N/A,EQ-0202,Caldera 2,B,Preventivo,PM02,Abierta,20.5,1.1,939.6,147.8,,15,16,Servicios,Alta,
400217,2025-02,Envasado,Línea 3,EQ-0470,Paletizador,B,Preventivo,PM02,Cerrada,20.8,22.4,508.8,563.6,10,0,0,Mecánico,Baja,
400218,2025-02,Proceso,Línea 2,EQ-0330,Bomba CIP,B,Preventivo,PM02,Cerrada,11.3,12.4,502.3,531.6,6,6,16,Mecánico,Media,
400219,2025-02,Envasado,Línea 1,EQ-0455,Envasadora L1,A,Correctivo,PM01,Abierta,20.2,4.2,1107.1,473.0,,0,0,Mecánico,Baja,
400220,2025-02,Envasado,Línea 3,EQ-0471,Transportador L3,C,Preventivo,PM02,Cerrada,5.7,5.4,178.7,163.0,6,0,5,Instrumentación,Media,
400221,2025-02,Bodega,N/A,EQ-0601,Grúa horquilla 4,C,Correctivo,PM01,Cerrada,16.9,26.5,449.3,455.2,10,0,0,Mecánico,Alta,
400222,2025-02,Envasado,Línea 2,EQ-0462,Etiquetadora L2,B,Preventivo,PM02,Cerrada,21.9,21.5,656.6,630.8,11,1,0,Servicios,Alta,
400223,2025-02,Servicios,N/A,EQ-0201,Caldera 1,A,Preventivo,PM02,Abierta,23.6,3.8,1472.9,21.4,,27,0,Mecánico,Baja,Espera de repuesto
400224,2025-02,Servicios,N/A,EQ-0211,Chiller 1,A,Predictivo,PM06,Cerrada,19.3,20.5,1124.7,1277.8,15,0,4,Mecánico,Media,
400225,2025-02,Envasado,Línea 2,EQ-0462,Etiquetadora L2,B,Preventivo,PM02,Abierta,22.4,5.7,787.5,460.5,,12,16,Mecánico,Baja,
400226,2025-02,Envasado,Línea 2,EQ-0462,Etiquetadora L2,B,Emergencia,PM05,Cerrada,30.5,42.9,2116.0,2055.5,3,5,0,Instrumentación,Alta,
400227,2025-02,Envasado,Línea 3,EQ-0471,Transportador L3,C,Preventivo,PM02,Cerrada,19.4,18.1,363.8,359.5,5,0,0,Instrumentación,Baja,
400228,2025-02,Envasado,Línea 1,EQ-0461,Etiquetadora L1,A,Preventivo,PM02,Cerrada,20.2,18.6,1190.5,1027.9,16,0,0,Eléctrico,Baja,
400229,2025-02,Envasado,Línea 2,EQ-0457,Envasadora L2,A,Correctivo,PM01,Cerrada,24.1,39.7,1588.0,1883.9,5,0,4,Eléctrico,Media,
400230,2025-02,Envasado,Línea 1,EQ-0461,Etiquetadora L1,A,Preventivo,PM02,Cerrada,23.2,25.1,1157.1,1187.7,9,0,0,Eléctrico,Alta,
400231,2025-02,Servicios,N/A,EQ-0201,Caldera 1,A,Preventivo,PM02,Cerrada,2.8,2.9,106.3,116.5,5,2,16,Mecánico,Media,
400232,2025-02,Servicios,N/A,EQ-0201,Caldera 1,A,Preventivo,PM02,Cerrada,4.8,5.1,212.0,225.4,5,0,0,Instrumentación,Media,
400233,2025-02,Servicios,N/A,EQ-0210,Compresor 3,B,Correctivo,PM01,Cerrada,14.8,21.3,515.5,496.7,1,3,0,Instrumentación,Media,
400234,2025-02,Proceso,Línea 1,EQ-0311,Intercambiador P1,B,Predictivo,PM06,Abierta,17.5,5.9,683.8,211.7,,12,2,Eléctrico,Alta,
400235,2025-02,Envasado,Línea 2,EQ-0457,Envasadora L2,A,Correctivo,PM01,Cerrada,6.2,9.0,440.5,396.6,3,4,0,Instrumentación,Baja,
400236,2025-02,Servicios,N/A,EQ-0211,Chiller 1,A,Mejora,PM04,Abierta,22.1,3.3,1148.4,155.9,,30,0,Eléctrico,Media,Espera de repuesto
400237,2025-02,Proceso,Línea 1,EQ-0311,Intercambiador P1,B,Emergencia,PM05,Abierta,10.1,1.0,415.5,36.3,,5,0,Mecánico,Media,
400238,2025-02,Envasado,Línea 2,EQ-0462,Etiquetadora L2,B,Mejora,PM04,Cerrada,3.5,3.5,146.8,159.4,1,9,0,Eléctrico,Media,
400239,2025-02,Envasado,Línea 3,EQ-0470,Paletizador,B,Preventivo,PM02,Cerrada,3.0,2.9,72.0,68.4,10,0,0,Eléctrico,Alta,
400240,2025-02,Proceso,Línea 1,EQ-0311,Intercambiador P1,B,Emergencia,PM05,Cerrada,19.1,29.7,779.3,862.8,2,0,0,Instrumentación,Media,
400241,2025-02,Envasado,Línea 2,EQ-0457,Envasadora L2,A,Emergencia,PM05,Cerrada,27.9,36.7,1873.2,1712.6,5,0,0,Mecánico,Media,
400242,2025-02,Proceso,Línea 2,EQ-0320,Mezclador P2,B,Preventivo,PM02,Cerrada,23.1,23.1,842.2,792.8,1,0,0,Instrumentación,Alta,
400243,2025-02,Servicios,N/A,EQ-0211,Chiller 1,A,Correctivo,PM01,Cerrada,22.3,28.8,1760.1,1421.3,9,0,2,Mecánico,Media,
400244,2025-02,Servicios,N/A,EQ-0201,Caldera 1,A,Correctivo,PM01,Cerrada,7.1,13.0,393.6,448.9,9,0,0,Instrumentación,Alta,
400245,2025-02,Servicios,N/A,EQ-0211,Chiller 1,A,Preventivo,PM03,Cerrada,20.9,22.1,791.8,885.5,14,0,0,Eléctrico,Baja,
400246,2025-02,Servicios,N/A,EQ-0210,Compresor 3,B,Preventivo,PM03,Cerrada,2.9,2.9,134.1,146.6,1,6,0,Mecánico,Baja,
400247,2025-02,Envasado,Línea 3,EQ-0471,Transportador L3,C,Preventivo,PM02,Cerrada,22.0,24.2,652.5,755.0,7,9,16,Mecánico,Baja,
400248,2025-02,Bodega,N/A,EQ-0601,Grúa horquilla 4,C,Correctivo,PM01,Cerrada,32.1,42.8,867.5,717.4,11,0,2,Eléctrico,Baja,
400249,2025-02,Proceso,Línea 1,EQ-0331,Bomba de proceso,C,Preventivo,PM02,Cerrada,18.5,19.8,405.0,447.6,15,0,0,Mecánico,Baja,
400250,2025-02,Proceso,Línea 1,EQ-0311,Intercambiador P1,B,Preventivo,PM02,Abierta,13.4,0.2,455.7,59.1,,0,2,Instrumentación,Media,
400251,2025-02,Proceso,Línea 2,EQ-0330,Bomba CIP,B,Preventivo,PM02,Cerrada,25.1,23.6,918.5,853.1,5,0,0,Instrumentación,Media,
400252,2025-02,Envasado,Línea 1,EQ-0461,Etiquetadora L1,A,Preventivo,PM02,Cerrada,11.7,12.7,640.8,699.3,1,6,20,Eléctrico,Baja,
400253,2025-02,Servicios,N/A,EQ-0202,Caldera 2,B,Mejora,PM04,Cerrada,4.9,5.3,113.6,119.6,5,2,2,Mecánico,Media,
400254,2025-02,Envasado,Línea 1,EQ-0461,Etiquetadora L1,A,Emergencia,PM05,Abierta,14.8,6.4,724.2,79.6,,2,0,Mecánico,Baja,
400255,2025-02,Envasado,Línea 2,EQ-0457,Envasadora L2,A,Emergencia,PM05,Cerrada,15.7,25.0,1138.1,1148.5,15,0,0,Servicios,Media,
400256,2025-02,Proceso,Línea 2,EQ-0330,Bomba CIP,B,Preventivo,PM02,Cerrada,11.5,12.6,351.2,377.6,8,0,1,Mecánico,Media,
400257,2025-02,Proceso,Línea 1,EQ-0311,Intercambiador P1,B,Correctivo,PM01,Abierta,24.8,4.0,1642.1,398.2,,19,0,Servicios,Media,
400258,2025-02,Proceso,Línea 1,EQ-0331,Bomba de proceso,C,Preventivo,PM02,Cerrada,21.2,22.4,680.2,761.3,10,0,0,Instrumentación,Alta,
400259,2025-02,Envasado,Línea 1,EQ-0455,Envasadora L1,A,Correctivo,PM01,Cerrada,29.2,45.5,2499.6,2805.9,12,8,4,Eléctrico,Alta,
400260,2025-02,Servicios,N/A,EQ-0210,Compresor 3,B,Correctivo,PM01,Cerrada,7.5,10.3,429.9,397.9,13,0,2,Instrumentación,Baja,
400261,2025-02,Envasado,Línea 2,EQ-0457,Envasadora L2,A,Preventivo,PM02,Cerrada,14.9,14.5,841.5,810.2,9,0,0,Eléctrico,Baja,
400262,2025-02,Proceso,Línea 1,EQ-0331,Bomba de proceso,C,Preventivo,PM03,Cerrada,24.4,25.2,559.8,573.8,8,0,0,Servicios,Alta,
400263,2025-02,Proceso,Línea 2,EQ-0330,Bomba CIP,B,Emergencia,PM05,Cerrada,16.7,30.7,1206.0,1411.3,12,8,0,Eléctrico,Media,
400264,2025-02,Servicios,N/A,EQ-0201,Caldera 1,A,Correctivo,PM01,Cerrada,27.9,54.9,1562.4,1983.8,6,0,0,Eléctrico,Media,
400265,2025-02,Envasado,Línea 3,EQ-0471,Transportador L3,C,Predictivo,PM06,Cerrada,6.4,6.1,198.4,192.8,2,0,0,Instrumentación,Media,
400266,2025-02,Proceso,Línea 1,EQ-0310,Reactor P1,A,Correctivo,PM01,Cerrada,11.5,19.0,533.4,583.5,1,0,0,Instrumentación,Baja,
400267,2025-02,Servicios,N/A,EQ-0210,Compresor 3,B,Preventivo,PM03,Abierta,20.8,3.8,525.3,126.4,,14,0,Eléctrico,Media,
400268,2025-02,Envasado,Línea 1,EQ-0461,Etiquetadora L1,A,Correctivo,PM01,Cerrada,8.7,13.0,523.5,489.2,10,0,0,Instrumentación,Baja,
400269,2025-02,Envasado,Línea 3,EQ-0470,Paletizador,B,Preventivo,PM02,Cerrada,15.6,15.6,534.0,556.9,6,0,5,Servicios,Media,
400270,2025-02,Servicios,N/A,EQ-0210,Compresor 3,B,Correctivo,PM01,Cerrada,17.8,29.1,1204.8,1417.3,11,0,0,Eléctrico,Baja,
400271,2025-02,Bodega,N/A,EQ-0601,Grúa horquilla 4,C,Preventivo,PM02,Cerrada,11.8,11.8,408.0,413.1,5,0,1,Eléctrico,Baja,
400272,2025-02,Envasado,Línea 1,EQ-0461,Etiquetadora L1,A,Correctivo,PM01,Cerrada,15.6,32.4,1489.8,2198.5,8,0,0,Mecánico,Alta,
400273,2025-02,Proceso,Línea 1,EQ-0331,Bomba de proceso,C,Preventivo,PM03,Cerrada,15.1,16.7,525.5,584.6,4,0,0,Instrumentación,Media,
400274,2025-02,Proceso,Línea 1,EQ-0331,Bomba de proceso,C,Mejora,PM04,Cerrada,4.4,4.9,135.4,146.7,6,0,3,Eléctrico,Alta,
400275,2025-02,Proceso,Línea 2,EQ-0320,Mezclador P2,B,Preventivo,PM02,Abierta,7.0,2.2,306.4,125.1,,0,0,Instrumentación,Media,
400276,2025-03,Proceso,Línea 1,EQ-0331,Bomba de proceso,C,Preventivo,PM02,Cerrada,18.1,17.2,592.1,537.8,13,0,0,Mecánico,Media,
400277,2025-03,Bodega,N/A,EQ-0601,Grúa horquilla 4,C,Preventivo,PM02,Cerrada,14.6,16.3,441.6,522.8,9,0,4,Instrumentación,Alta,
400278,2025-03,Servicios,N/A,EQ-0211,Chiller 1,A,Preventivo,PM02,Cerrada,12.4,13.2,732.2,736.3,10,0,0,Instrumentación,Media,
400279,2025-03,Proceso,Línea 1,EQ-0311,Intercambiador P1,B,Preventivo,PM03,Cerrada,17.5,18.3,834.9,838.2,13,8,18,Eléctrico,Baja,
400280,2025-03,Bodega,N/A,EQ-0601,Grúa horquilla 4,C,Preventivo,PM03,Cerrada,10.0,10.1,267.2,275.2,2,0,0,Servicios,Media,
400281,2025-03,Proceso,Línea 1,EQ-0331,Bomba de proceso,C,Preventivo,PM02,Cerrada,24.6,25.9,734.5,782.0,12,0,1,Eléctrico,Media,
400282,2025-03,Proceso,Línea 2,EQ-0330,Bomba CIP,B,Preventivo,PM02,Cerrada,7.2,7.0,171.7,155.2,7,0,0,Eléctrico,Media,
400283,2025-03,Envasado,Línea 2,EQ-0457,Envasadora L2,A,Preventivo,PM02,Cerrada,6.8,6.6,236.7,219.9,10,0,5,Mecánico,Baja,
400284,2025-03,Proceso,Línea 1,EQ-0331,Bomba de proceso,C,Preventivo,PM02,Cerrada,4.2,4.0,83.6,75.1,9,0,0,Mecánico,Media,
400285,2025-03,Proceso,Línea 1,EQ-0331,Bomba de proceso,C,Correctivo,PM01,Cerrada,2.8,5.1,133.0,163.1,2,0,4,Mecánico,Media,
400286,2025-03,Servicios,N/A,EQ-0211,Chiller 1,A,Correctivo,PM01,Cerrada,31.2,47.5,2417.9,2457.3,7,10,0,Mecánico,Media,
400287,2025-03,Envasado,Línea 3,EQ-0470,Paletizador,B,Preventivo,PM03,Cerrada,19.5,18.4,569.8,528.0,2,0,0,Mecánico,Media,
400288,2025-03,Envasado,Línea 1,EQ-0461,Etiquetadora L1,A,Preventivo,PM02,Cerrada,13.9,13.5,671.8,676.6,8,0,0,Instrumentación,Alta,
400289,2025-03,Proceso,Línea 2,EQ-0320,Mezclador P2,B,Correctivo,PM01,Cerrada,10.5,17.8,493.9,540.6,4,0,0,Mecánico,Media,
400290,2025-03,Proceso,Línea 1,EQ-0311,Intercambiador P1,B,Correctivo,PM01,Abierta,32.1,7.0,1442.6,674.8,,0,0,Instrumentación,Alta,
400291,2025-03,Servicios,N/A,EQ-0211,Chiller 1,A,Preventivo,PM02,Abierta,15.8,4.6,977.6,408.0,,22,16,Mecánico,Alta,
400292,2025-03,Envasado,Línea 2,EQ-0462,Etiquetadora L2,B,Correctivo,PM01,Cerrada,13.5,21.4,984.4,1101.4,3,5,4,Mecánico,Media,
400293,2025-03,Proceso,Línea 1,EQ-0310,Reactor P1,A,Preventivo,PM02,Cerrada,20.2,22.4,877.7,1026.5,5,0,0,Eléctrico,Baja,
400294,2025-03,Envasado,Línea 1,EQ-0461,Etiquetadora L1,A,Predictivo,PM06,Abierta,25.6,8.7,775.8,325.9,,19,0,Eléctrico,Baja,
400295,2025-03,Envasado,Línea 2,EQ-0457,Envasadora L2,A,Preventivo,PM03,Cerrada,8.2,8.6,411.5,423.6,2,7,17,Mecánico,Media,
400296,2025-03,Proceso,Línea 2,EQ-0320,Mezclador P2,B,Preventivo,PM02,Cerrada,11.5,12.6,473.2,563.4,9,0,0,Mecánico,Baja,
400297,2025-03,Envasado,Línea 2,EQ-0457,Envasadora L2,A,Correctivo,PM01,Cerrada,16.7,36.7,1376.3,2019.5,16,0,0,Eléctrico,Media,
400298,2025-03,Servicios,N/A,EQ-0201,Caldera 1,A,Correctivo,PM01,Cerrada,13.6,18.0,993.5,893.2,3,7,0,Instrumentación,Baja,
400299,2025-03,Proceso,Línea 1,EQ-0331,Bomba de proceso,C,Correctivo,PM01,Cerrada,5.9,7.7,320.8,274.3,11,0,4,Eléctrico,Media,
400300,2025-03,Envasado,Línea 2,EQ-0462,Etiquetadora L2,B,Preventivo,PM03,Cerrada,8.6,8.8,319.0,352.9,11,0,0,Instrumentación,Baja,
400301,2025-03,Envasado,Línea 3,EQ-0471,Transportador L3,C,Correctivo,PM01,Cerrada,4.3,6.5,228.5,217.7,5,0,0,Eléctrico,Alta,
400302,2025-03,Envasado,Línea 1,EQ-0461,Etiquetadora L1,A,Predictivo,PM06,Cerrada,23.1,24.7,943.9,951.3,6,0,0,Mecánico,Alta,
400303,2025-03,Proceso,Línea 1,EQ-0311,Intercambiador P1,B,Preventivo,PM02,Abierta,5.5,2.4,150.5,48.0,,14,17,Mecánico,Alta,
400304,2025-03,Envasado,Línea 3,EQ-0471,Transportador L3,C,Preventivo,PM02,Cerrada,10.6,10.1,388.0,381.2,2,4,20,Instrumentación,Media,
400305,2025-03,Servicios,N/A,EQ-0211,Chiller 1,A,Correctivo,PM01,Cerrada,4.9,10.7,376.6,525.6,2,0,4,Eléctrico,Media,
400306,2025-03,Envasado,Línea 2,EQ-0457,Envasadora L2,A,Correctivo,PM01,Cerrada,23.7,47.6,1716.3,2471.8,4,0,0,Instrumentación,Media,
400307,2025-03,Envasado,Línea 2,EQ-0462,Etiquetadora L2,B,Preventivo,PM02,Cerrada,12.1,12.9,412.9,451.0,11,0,0,Mecánico,Media,
400308,2025-03,Servicios,N/A,EQ-0211,Chiller 1,A,Preventivo,PM02,Cerrada,5.9,6.4,250.6,269.5,11,4,0,Eléctrico,Baja,
400309,2025-03,Envasado,Línea 1,EQ-0461,Etiquetadora L1,A,Correctivo,PM01,Cerrada,26.4,57.7,2264.9,3275.8,11,0,0,Eléctrico,Alta,
400310,2025-03,Envasado,Línea 3,EQ-0470,Paletizador,B,Preventivo,PM03,Cerrada,21.9,21.1,782.9,792.1,4,0,3,Instrumentación,Media,
400311,2025-03,Proceso,Línea 2,EQ-0330,Bomba CIP,B,Preventivo,PM02,Cerrada,12.6,12.0,493.8,463.2,9,0,2,Mecánico,Alta,
400312,2025-03,Envasado,Línea 2,EQ-0462,Etiquetadora L2,B,Preventivo,PM03,Cerrada,9.3,9.4,242.4,247.5,1,0,2,Servicios,Baja,
400313,2025-03,Servicios,N/A,EQ-0210,Compresor 3,B,Correctivo,PM01,Cerrada,6.3,10.9,435.3,493.1,3,0,0,Instrumentación,Baja,
400314,2025-03,Envasado,Línea 2,EQ-0462,Etiquetadora L2,B,Mejora,PM04,Cerrada,10.8,11.5,333.4,362.5,7,0,0,Servicios,Media,
400315,2025-03,Proceso,Línea 2,EQ-0320,Mezclador P2,B,Preventivo,PM02,Cerrada,4.1,4.5,160.5,189.1,7,6,16,Eléctrico,Baja,
400316,2025-03,Envasado,Línea 1,EQ-0455,Envasadora L1,A,Correctivo,PM01,Cerrada,22.1,33.7,1661.5,1701.3,3,0,0,Mecánico,Baja,
400317,2025-03,Proceso,Línea 1,EQ-0310,Reactor P1,A,Predictivo,PM06,Abierta,6.6,1.3,408.6,188.7,,9,0,Mecánico,Baja,
400318,2025-03,Proceso,Línea 2,EQ-0330,Bomba CIP,B,Preventivo,PM02,Cerrada,22.7,22.0,909.7,927.0,3,0,6,Eléctrico,Baja,
400319,2025-03,Envasado,Línea 2,EQ-0462,Etiquetadora L2,B,Mejora,PM04,Abierta,21.7,6.4,961.0,284.6,,10,0,Servicios,Media,
400320,2025-03,Proceso,Línea 1,EQ-0311,Intercambiador P1,B,Correctivo,PM01,Cerrada,18.8,34.8,674.2,776.0,14,0,0,Instrumentación,Media,
400321,2025-03,Proceso,Línea 2,EQ-0330,Bomba CIP,B,Preventivo,PM02,Abierta,7.4,0.5,263.4,48.6,,0,0,Mecánico,Baja,
400322,2025-03,Envasado,Línea 2,EQ-0457,Envasadora L2,A,Correctivo,PM01,Cerrada,28.1,51.4,1773.8,2158.8,12,0,0,Mecánico,Alta,
400323,2025-03,Proceso,Línea 2,EQ-0320,Mezclador P2,B,Preventivo,PM02,Cerrada,4.8,4.8,210.0,211.4,1,4,16,Eléctrico,Alta,
400324,2025-03,Envasado,Línea 2,EQ-0462,Etiquetadora L2,B,Preventivo,PM02,Cerrada,3.7,4.1,102.4,114.2,6,10,18,Instrumentación,Baja,
400325,2025-03,Envasado,Línea 3,EQ-0471,Transportador L3,C,Preventivo,PM02,Cerrada,25.5,28.4,937.9,996.7,15,8,20,Mecánico,Baja,
400326,2025-03,Envasado,Línea 3,EQ-0470,Paletizador,B,Preventivo,PM02,Abierta,6.1,1.8,253.9,52.7,,13,18,Instrumentación,Alta,
400327,2025-03,Servicios,N/A,EQ-0201,Caldera 1,A,Preventivo,PM02,Cerrada,9.5,9.0,466.1,462.0,8,0,0,Mecánico,Baja,
400328,2025-03,Envasado,Línea 3,EQ-0471,Transportador L3,C,Correctivo,PM01,Abierta,9.6,0.0,352.9,91.4,,0,8,Eléctrico,Baja,
400329,2025-03,Bodega,N/A,EQ-0601,Grúa horquilla 4,C,Preventivo,PM02,Cerrada,20.3,22.7,727.9,764.4,1,0,0,Instrumentación,Baja,
400330,2025-03,Envasado,Línea 2,EQ-0462,Etiquetadora L2,B,Correctivo,PM01,Cerrada,18.2,23.7,1311.3,1164.5,2,0,2,Instrumentación,Baja,
400331,2025-03,Proceso,Línea 1,EQ-0310,Reactor P1,A,Correctivo,PM01,Cerrada,22.6,31.7,2064.8,1965.5,5,0,2,Mecánico,Baja,
400332,2025-03,Proceso,Línea 2,EQ-0320,Mezclador P2,B,Mejora,PM04,Cerrada,13.5,14.3,476.1,513.1,5,0,0,Mecánico,Media,
400333,2025-03,Proceso,Línea 2,EQ-0330,Bomba CIP,B,Predictivo,PM06,Cerrada,2.7,3.0,62.3,72.1,7,0,0,Mecánico,Media,
400334,2025-03,Proceso,Línea 2,EQ-0320,Mezclador P2,B,Emergencia,PM05,Cerrada,7.3,12.3,509.0,552.7,16,0,2,Mecánico,Media,
400335,2025-03,Envasado,Línea 3,EQ-0470,Paletizador,B,Emergencia,PM05,Cerrada,29.4,41.0,1926.9,1797.7,3,0,0,Mecánico,Alta,
400336,2025-03,Envasado,Línea 3,EQ-0470,Paletizador,B,Preventivo,PM02,Cerrada,12.7,12.3,323.5,326.3,10,0,4,Mecánico,Baja,
400337,2025-03,Envasado,Línea 1,EQ-0461,Etiquetadora L1,A,Correctivo,PM01,Cerrada,26.9,50.6,2014.5,2662.9,14,0,4,Instrumentación,Baja,
400338,2025-03,Envasado,Línea 1,EQ-0461,Etiquetadora L1,A,Correctivo,PM01,Cerrada,15.7,30.5,963.8,1297.8,6,0,2,Instrumentación,Baja,
400339,2025-03,Envasado,Línea 2,EQ-0457,Envasadora L2,A,Preventivo,PM02,Cerrada,21.6,23.4,1381.2,1521.0,3,0,0,Mecánico,Alta,
400340,2025-03,Envasado,Línea 1,EQ-0461,Etiquetadora L1,A,Emergencia,PM05,Abierta,30.4,10.9,2243.9,645.5,,1,0,Eléctrico,Media,
400341,2025-03,Proceso,Línea 2,EQ-0330,Bomba CIP,B,Emergencia,PM05,Cerrada,27.7,48.0,1661.8,1899.7,12,0,0,Instrumentación,Media,
400342,2025-03,Servicios,N/A,EQ-0210,Compresor 3,B,Correctivo,PM01,Abierta,31.6,3.1,2052.3,386.7,,13,0,Eléctrico,Baja,
400343,2025-03,Servicios,N/A,EQ-0202,Caldera 2,B,Preventivo,PM02,Cerrada,21.4,24.0,572.1,661.5,5,0,0,Mecánico,Media,
400344,2025-03,Proceso,Línea 1,EQ-0310,Reactor P1,A,Correctivo,PM01,Cerrada,27.2,33.3,1503.5,1159.6,9,0,0,Mecánico,Media,
400345,2025-03,Envasado,Línea 2,EQ-0457,Envasadora L2,A,Emergencia,PM05,Cerrada,18.5,22.0,919.4,708.8,5,0,0,Eléctrico,Alta,
400346,2025-03,Servicios,N/A,EQ-0202,Caldera 2,B,Preventivo,PM02,Cerrada,9.1,8.8,300.2,310.5,14,0,0,Eléctrico,Baja,
400347,2025-03,Proceso,Línea 1,EQ-0311,Intercambiador P1,B,Preventivo,PM03,Cerrada,12.8,14.2,389.4,444.2,3,0,0,Instrumentación,Media,
400348,2025-03,Envasado,Línea 2,EQ-0457,Envasadora L2,A,Preventivo,PM02,Cerrada,7.3,8.0,263.2,305.1,2,0,0,Mecánico,Alta,
400349,2025-03,Envasado,Línea 2,EQ-0457,Envasadora L2,A,Mejora,PM04,Cerrada,12.1,12.9,421.8,437.0,10,1,1,Mecánico,Media,
400350,2025-03,Servicios,N/A,EQ-0210,Compresor 3,B,Preventivo,PM02,Cerrada,18.8,20.5,482.1,511.3,13,0,1,Eléctrico,Baja,
400351,2025-03,Proceso,Línea 2,EQ-0320,Mezclador P2,B,Preventivo,PM03,Abierta,22.1,9.1,699.3,202.2,,0,0,Mecánico,Media,
400352,2025-03,Envasado,Línea 2,EQ-0457,Envasadora L2,A,Correctivo,PM01,Cerrada,26.6,33.9,2423.9,2072.5,1,0,0,Mecánico,Baja,
400353,2025-03,Proceso,Línea 2,EQ-0320,Mezclador P2,B,Preventivo,PM02,Cerrada,14.5,14.8,460.5,493.4,3,0,0,Eléctrico,Media,
400354,2025-03,Envasado,Línea 3,EQ-0470,Paletizador,B,Mejora,PM04,Cerrada,8.3,8.3,260.0,247.6,7,4,0,Eléctrico,Baja,
400355,2025-03,Proceso,Línea 1,EQ-0311,Intercambiador P1,B,Emergencia,PM05,Cerrada,15.4,26.0,979.2,1097.7,7,0,4,Eléctrico,Baja,
400356,2025-03,Servicios,N/A,EQ-0201,Caldera 1,A,Preventivo,PM02,Cerrada,14.7,16.2,913.3,950.1,6,0,0,Eléctrico,Alta,
400357,2025-03,Envasado,Línea 2,EQ-0457,Envasadora L2,A,Correctivo,PM01,Cerrada,25.0,30.4,1956.2,1461.3,16,0,4,Eléctrico,Media,
400358,2025-03,Proceso,Línea 1,EQ-0310,Reactor P1,A,Preventivo,PM02,Cerrada,5.3,5.2,234.5,228.3,9,0,4,Mecánico,Baja,
400359,2025-03,Envasado,Línea 1,EQ-0461,Etiquetadora L1,A,Emergencia,PM05,Cerrada,9.0,18.2,713.2,965.8,11,0,0,Eléctrico,Baja,
400360,2025-03,Servicios,N/A,EQ-0210,Compresor 3,B,Emergencia,PM05,Abierta,20.7,3.8,1324.3,422.1,,12,0,Mecánico,Media,
400361,2025-03,Proceso,Línea 1,EQ-0331,Bomba de proceso,C,Correctivo,PM01,Cerrada,25.7,33.4,831.1,684.1,3,0,0,Instrumentación,Alta,
400362,2025-03,Proceso,Línea 1,EQ-0311,Intercambiador P1,B,Correctivo,PM01,Abierta,20.1,1.2,744.0,36.7,,0,0,Instrumentación,Baja,
400363,2025-03,Bodega,N/A,EQ-0601,Grúa horquilla 4,C,Mejora,PM04,Cerrada,25.9,25.8,545.9,555.0,12,0,0,Instrumentación,Media,
400364,2025-03,Envasado,Línea 2,EQ-0462,Etiquetadora L2,B,Correctivo,PM01,Abierta,2.5,0.4,86.9,9.8,,1,2,Instrumentación,Baja,
400365,2025-03,Envasado,Línea 2,EQ-0457,Envasadora L2,A,Emergencia,PM05,Cerrada,27.5,42.3,2511.7,2659.9,11,0,0,Eléctrico,Baja,
400366,2025-03,Envasado,Línea 3,EQ-0471,Transportador L3,C,Mejora,PM04,Cerrada,12.3,11.6,349.0,305.8,14,0,0,Eléctrico,Baja,
400367,2025-03,Envasado,Línea 3,EQ-0471,Transportador L3,C,Correctivo,PM01,Cerrada,13.6,20.1,728.0,710.7,11,0,1,Mecánico,Media,
400368,2025-03,Envasado,Línea 1,EQ-0461,Etiquetadora L1,A,Preventivo,PM03,Cerrada,20.7,19.8,1151.5,1020.9,3,0,3,Mecánico,Baja,
400369,2025-03,Servicios,N/A,EQ-0211,Chiller 1,A,Correctivo,PM01,Cerrada,28.2,41.5,1823.8,1919.4,16,0,0,Mecánico,Baja,
400370,2025-03,Servicios,N/A,EQ-0210,Compresor 3,B,Preventivo,PM03,Cerrada,20.7,20.2,591.8,545.5,11,0,0,Instrumentación,Baja,
400371,2025-03,Proceso,Línea 1,EQ-0310,Reactor P1,A,Correctivo,PM01,Cerrada,3.0,5.2,269.5,302.7,2,11,5,Mecánico,Baja,
400372,2025-03,Proceso,Línea 1,EQ-0331,Bomba de proceso,C,Correctivo,PM01,Cerrada,30.2,63.8,1554.9,2344.2,7,0,2,Instrumentación,Baja,
400373,2025-03,Proceso,Línea 1,EQ-0310,Reactor P1,A,Correctivo,PM01,Cerrada,3.9,7.8,311.9,422.1,5,0,0,Eléctrico,Alta,
400374,2025-03,Servicios,N/A,EQ-0201,Caldera 1,A,Emergencia,PM05,Cerrada,19.6,29.3,1559.5,1682.8,5,0,0,Instrumentación,Media,
400375,2025-03,Envasado,Línea 1,EQ-0461,Etiquetadora L1,A,Emergencia,PM05,Cerrada,17.0,24.2,1041.3,1028.8,4,0,0,Mecánico,Baja,
400376,2025-03,Proceso,Línea 1,EQ-0311,Intercambiador P1,B,Preventivo,PM02,Cerrada,25.2,27.4,862.4,875.5,7,0,0,Eléctrico,Media,
400377,2025-03,Envasado,Línea 3,EQ-0470,Paletizador,B,Preventivo,PM02,Cerrada,13.1,14.3,641.6,687.0,2,0,2,Servicios,Media,
400378,2025-03,Proceso,Línea 1,EQ-0331,Bomba de proceso,C,Correctivo,PM01,Abierta,24.2,3.2,953.2,248.9,,0,0,Mecánico,Media,
400379,2025-03,Bodega,N/A,EQ-0601,Grúa horquilla 4,C,Mejora,PM04,Cerrada,18.5,18.3,493.8,499.0,5,0,2,Mecánico,Media,
400380,2025-03,Envasado,Línea 2,EQ-0462,Etiquetadora L2,B,Preventivo,PM02,Cerrada,17.5,17.1,717.9,684.0,10,0,0,Eléctrico,Alta,
400381,2025-03,Envasado,Línea 1,EQ-0455,Envasadora L1,A,Preventivo,PM03,Cerrada,12.6,12.0,626.3,560.1,11,0,1,Mecánico,Alta,
400382,2025-03,Envasado,Línea 3,EQ-0470,Paletizador,B,Correctivo,PM01,Cerrada,20.6,36.2,1091.8,1302.8,6,0,0,Mecánico,Baja,
400383,2025-03,Envasado,Línea 2,EQ-0457,Envasadora L2,A,Correctivo,PM01,Cerrada,3.2,5.9,264.0,317.5,5,0,0,Mecánico,Media,
400384,2025-03,Proceso,Línea 1,EQ-0331,Bomba de proceso,C,Correctivo,PM01,Cerrada,4.3,6.5,150.8,152.3,4,0,2,Eléctrico,Baja,
400385,2025-03,Proceso,Línea 1,EQ-0310,Reactor P1,A,Preventivo,PM02,Cerrada,17.3,16.6,714.7,713.7,11,0,2,Instrumentación,Media,
400386,2025-03,Proceso,Línea 1,EQ-0311,Intercambiador P1,B,Preventivo,PM03,Cerrada,13.4,15.0,413.4,479.8,13,10,16,Mecánico,Media,
400387,2025-03,Envasado,Línea 3,EQ-0470,Paletizador,B,Preventivo,PM02,Cerrada,9.2,9.7,245.9,275.8,6,2,2,Mecánico,Media,
400388,2025-03,Servicios,N/A,EQ-0201,Caldera 1,A,Correctivo,PM01,Abierta,24.4,1.5,1736.7,506.9,,0,2,Servicios,Baja,
400389,2025-03,Envasado,Línea 3,EQ-0471,Transportador L3,C,Preventivo,PM02,Cerrada,5.5,5.6,170.1,164.9,5,0,2,Eléctrico,Media,
400390,2025-03,Envasado,Línea 1,EQ-0461,Etiquetadora L1,A,Correctivo,PM01,Cerrada,22.2,41.9,1387.3,1849.3,15,0,0,Eléctrico,Alta,
400391,2025-03,Servicios,N/A,EQ-0201,Caldera 1,A,Preventivo,PM03,Abierta,7.6,1.4,251.3,122.2,,19,0,Servicios,Baja,
400392,2025-03,Envasado,Línea 2,EQ-0457,Envasadora L2,A,Correctivo,PM01,Cerrada,27.0,45.6,1765.6,1840.9,13,0,0,Eléctrico,Baja,
400393,2025-03,Envasado,Línea 1,EQ-0455,Envasadora L1,A,Preventivo,PM03,Cerrada,13.6,12.7,821.6,747.0,8,1,16,Eléctrico,Baja,
400394,2025-03,Bodega,N/A,EQ-0601,Grúa horquilla 4,C,Correctivo,PM01,Cerrada,9.0,12.3,270.2,266.5,3,0,0,Instrumentación,Media,
400395,2025-03,Servicios,N/A,EQ-0211,Chiller 1,A,Preventivo,PM03,Cerrada,11.6,11.6,672.5,656.3,7,4,16,Instrumentación,Media,
400396,2025-03,Bodega,N/A,EQ-0601,Grúa horquilla 4,C,Preventivo,PM02,Cerrada,17.7,18.7,379.7,414.5,9,0,0,Mecánico,Media,
400397,2025-03,Envasado,Línea 2,EQ-0462,Etiquetadora L2,B,Correctivo,PM01,Cerrada,9.4,17.3,568.0,740.4,8,0,6,Mecánico,Alta,
400398,2025-04,Envasado,Línea 1,EQ-0461,Etiquetadora L1,A,Correctivo,PM01,Cerrada,23.3,32.5,1339.6,1269.5,11,8,0,Mecánico,Media,
400399,2025-04,Servicios,N/A,EQ-0202,Caldera 2,B,Preventivo,PM02,Cerrada,3.7,3.5,90.0,88.6,14,0,4,Eléctrico,Baja,
400400,2025-04,Proceso,Línea 1,EQ-0331,Bomba de proceso,C,Correctivo,PM01,Cerrada,17.9,31.4,976.7,1132.3,10,8,0,Mecánico,Alta,
400401,2025-04,Servicios,N/A,EQ-0202,Caldera 2,B,Preventivo,PM02,Cerrada,9.0,10.0,386.8,456.7,12,0,3,Eléctrico,Media,
400402,2025-04,Servicios,N/A,EQ-0202,Caldera 2,B,Preventivo,PM02,Cerrada,16.0,15.6,677.5,700.8,12,0,0,Instrumentación,Media,
400403,2025-04,Servicios,N/A,EQ-0201,Caldera 1,A,Preventivo,PM02,Cerrada,22.0,23.5,873.8,998.9,1,0,0,Eléctrico,Alta,
400404,2025-04,Proceso,Línea 2,EQ-0330,Bomba CIP,B,Preventivo,PM02,Abierta,24.9,3.3,701.3,307.9,,1,16,Eléctrico,Baja,
400405,2025-04,Envasado,Línea 3,EQ-0471,Transportador L3,C,Preventivo,PM02,Cerrada,21.1,23.5,713.0,767.6,16,0,0,Mecánico,Alta,
400406,2025-04,Envasado,Línea 2,EQ-0457,Envasadora L2,A,Correctivo,PM01,Cerrada,23.9,39.7,2092.4,2457.4,1,0,0,Mecánico,Baja,
400407,2025-04,Envasado,Línea 2,EQ-0462,Etiquetadora L2,B,Preventivo,PM02,Cerrada,4.1,4.3,100.8,109.8,4,0,0,Mecánico,Alta,
400408,2025-04,Envasado,Línea 1,EQ-0455,Envasadora L1,A,Preventivo,PM02,Cerrada,14.7,14.4,858.7,790.9,5,0,0,Eléctrico,Alta,
400409,2025-04,Envasado,Línea 2,EQ-0462,Etiquetadora L2,B,Correctivo,PM01,Cerrada,27.0,53.3,1743.6,2196.4,2,0,0,Servicios,Baja,
400410,2025-04,Bodega,N/A,EQ-0601,Grúa horquilla 4,C,Preventivo,PM02,Abierta,7.8,3.4,196.8,0.5,,9,16,Eléctrico,Media,
400411,2025-04,Proceso,Línea 1,EQ-0310,Reactor P1,A,Preventivo,PM02,Cerrada,18.5,20.0,883.4,918.5,6,0,5,Instrumentación,Media,
400412,2025-04,Envasado,Línea 1,EQ-0455,Envasadora L1,A,Correctivo,PM01,Cerrada,29.5,37.0,2121.7,1765.3,1,0,0,Mecánico,Media,
400413,2025-04,Envasado,Línea 3,EQ-0470,Paletizador,B,Correctivo,PM01,Cerrada,30.2,66.3,1696.1,2360.1,12,2,0,Eléctrico,Baja,
400414,2025-04,Envasado,Línea 1,EQ-0455,Envasadora L1,A,Correctivo,PM01,Cerrada,26.0,33.9,1328.3,1088.5,7,0,0,Mecánico,Media,
400415,2025-04,Envasado,Línea 2,EQ-0462,Etiquetadora L2,B,Preventivo,PM03,Cerrada,10.3,10.3,441.1,424.8,3,0,0,Mecánico,Media,
400416,2025-04,Proceso,Línea 1,EQ-0331,Bomba de proceso,C,Predictivo,PM06,Cerrada,9.2,9.6,164.3,162.1,11,0,0,Mecánico,Baja,
400417,2025-04,Proceso,Línea 2,EQ-0320,Mezclador P2,B,Correctivo,PM01,Abierta,12.9,3.7,886.1,65.6,,7,0,Mecánico,Alta,
400418,2025-04,Envasado,Línea 2,EQ-0457,Envasadora L2,A,Correctivo,PM01,Cerrada,15.1,24.1,1384.9,1425.0,14,0,0,Mecánico,Alta,
400419,2025-04,Proceso,Línea 1,EQ-0331,Bomba de proceso,C,Preventivo,PM02,Cerrada,18.8,17.9,564.6,553.1,3,0,0,Instrumentación,Media,
400420,2025-04,Proceso,Línea 2,EQ-0330,Bomba CIP,B,Preventivo,PM02,Cerrada,18.1,17.5,498.9,467.3,1,0,5,Eléctrico,Media,
400421,2025-04,Servicios,N/A,EQ-0211,Chiller 1,A,Emergencia,PM05,Cerrada,8.5,15.6,749.4,890.1,10,0,2,Mecánico,Baja,
400422,2025-04,Envasado,Línea 1,EQ-0455,Envasadora L1,A,Preventivo,PM03,Cerrada,24.4,27.0,799.6,921.7,3,0,0,Eléctrico,Alta,
400423,2025-04,Envasado,Línea 1,EQ-0455,Envasadora L1,A,Preventivo,PM02,Cerrada,13.9,14.8,601.1,639.6,12,0,4,Instrumentación,Media,
400424,2025-04,Envasado,Línea 2,EQ-0457,Envasadora L2,A,Correctivo,PM01,Cerrada,25.9,51.9,2391.1,3138.3,4,0,2,Mecánico,Alta,
400425,2025-04,Bodega,N/A,EQ-0601,Grúa horquilla 4,C,Preventivo,PM02,Cerrada,13.6,14.4,286.6,300.9,7,0,4,Mecánico,Baja,
400426,2025-04,Proceso,Línea 1,EQ-0311,Intercambiador P1,B,Preventivo,PM02,Cerrada,9.5,10.6,314.6,324.2,5,0,4,Mecánico,Media,
400427,2025-04,Proceso,Línea 1,EQ-0310,Reactor P1,A,Correctivo,PM01,Cerrada,14.9,29.0,1285.8,1551.3,16,0,1,Mecánico,Media,
400428,2025-04,Proceso,Línea 2,EQ-0330,Bomba CIP,B,Preventivo,PM02,Cerrada,6.8,6.5,265.8,244.4,6,0,0,Mecánico,Baja,
400429,2025-04,Servicios,N/A,EQ-0201,Caldera 1,A,Preventivo,PM02,Cerrada,16.5,18.3,864.7,939.7,6,9,22,Mecánico,Media,
400430,2025-04,Servicios,N/A,EQ-0201,Caldera 1,A,Preventivo,PM02,Cerrada,20.1,22.2,662.2,752.3,5,0,4,Instrumentación,Baja,
400431,2025-04,Envasado,Línea 3,EQ-0470,Paletizador,B,Preventivo,PM02,Cerrada,23.5,26.0,589.0,610.2,9,0,0,Eléctrico,Media,
400432,2025-04,Bodega,N/A,EQ-0601,Grúa horquilla 4,C,Preventivo,PM03,Cerrada,13.0,13.2,403.6,443.1,13,0,0,Eléctrico,Baja,
400433,2025-04,Envasado,Línea 1,EQ-0461,Etiquetadora L1,A,Correctivo,PM01,Cerrada,6.4,10.7,532.4,602.8,12,0,0,Instrumentación,Media,
400434,2025-04,Proceso,Línea 2,EQ-0320,Mezclador P2,B,Preventivo,PM02,Cerrada,4.0,3.9,90.9,85.2,7,0,6,Eléctrico,Media,
400435,2025-04,Envasado,Línea 3,EQ-0471,Transportador L3,C,Correctivo,PM01,Abierta,25.4,9.0,1323.3,809.7,,4,0,Instrumentación,Baja,
400436,2025-04,Proceso,Línea 1,EQ-0310,Reactor P1,A,Mejora,PM04,Cerrada,13.4,15.0,658.4,688.2,7,0,0,Mecánico,Baja,
400437,2025-04,Servicios,N/A,EQ-0211,Chiller 1,A,Mejora,PM04,Cerrada,5.6,5.9,283.5,284.0,8,0,0,Servicios,Media,
400438,2025-04,Proceso,Línea 1,EQ-0331,Bomba de proceso,C,Mejora,PM04,Cerrada,13.8,13.3,274.0,285.5,7,0,2,Mecánico,Alta,
400439,2025-04,Envasado,Línea 1,EQ-0455,Envasadora L1,A,Correctivo,PM01,Cerrada,19.4,24.0,1767.2,1386.1,13,0,2,Mecánico,Baja,
400440,2025-04,Bodega,N/A,EQ-0601,Grúa horquilla 4,C,Preventivo,PM02,Cerrada,18.8,18.8,438.7,445.6,2,0,0,Servicios,Media,
400441,2025-04,Proceso,Línea 1,EQ-0310,Reactor P1,A,Correctivo,PM01,Abierta,13.8,1.8,671.7,125.5,,14,2,Eléctrico,Media,
400442,2025-04,Servicios,N/A,EQ-0210,Compresor 3,B,Emergencia,PM05,Cerrada,18.9,26.3,743.1,657.2,9,0,4,Mecánico,Baja,
400443,2025-04,Servicios,N/A,EQ-0201,Caldera 1,A,Correctivo,PM01,Cerrada,31.1,44.9,2301.7,2072.8,13,0,0,Servicios,Baja,
400444,2025-04,Envasado,Línea 1,EQ-0461,Etiquetadora L1,A,Correctivo,PM01,Cerrada,20.5,37.8,1814.4,2309.0,3,0,0,Instrumentación,Baja,
400445,2025-04,Proceso,Línea 1,EQ-0331,Bomba de proceso,C,Preventivo,PM02,Cerrada,12.9,13.4,454.6,491.1,2,4,18,Servicios,Media,
400446,2025-04,Envasado,Línea 2,EQ-0457,Envasadora L2,A,Preventivo,PM02,Cerrada,7.9,8.7,338.5,374.9,8,0,2,Mecánico,Media,
400447,2025-04,Servicios,N/A,EQ-0210,Compresor 3,B,Correctivo,PM01,Cerrada,21.7,30.6,989.5,925.1,7,9,2,Eléctrico,Baja,
400448,2025-04,Envasado,Línea 1,EQ-0461,Etiquetadora L1,A,Correctivo,PM01,Abierta,23.8,2.4,1828.8,434.2,,23,0,Instrumentación,Media,
400449,2025-04,Envasado,Línea 2,EQ-0457,Envasadora L2,A,Preventivo,PM02,Cerrada,10.6,10.9,508.7,549.1,15,0,2,Eléctrico,Baja,
400450,2025-04,Envasado,Línea 3,EQ-0471,Transportador L3,C,Correctivo,PM01,Cerrada,21.2,43.3,810.9,1146.8,3,0,1,Eléctrico,Baja,
400451,2025-04,Envasado,Línea 2,EQ-0457,Envasadora L2,A,Correctivo,PM01,Cerrada,5.1,6.6,390.3,338.4,3,0,0,Mecánico,Baja,
400452,2025-04,Envasado,Línea 2,EQ-0462,Etiquetadora L2,B,Mejora,PM04,Cerrada,10.2,9.6,469.1,465.4,11,0,0,Servicios,Media,
400453,2025-04,Servicios,N/A,EQ-0202,Caldera 2,B,Preventivo,PM03,Cerrada,11.3,12.5,393.7,443.0,1,10,0,Eléctrico,Alta,
400454,2025-04,Envasado,Línea 1,EQ-0461,Etiquetadora L1,A,Preventivo,PM02,Cerrada,8.7,8.8,335.1,348.0,15,0,0,Mecánico,Media,
400455,2025-04,Servicios,N/A,EQ-0211,Chiller 1,A,Preventivo,PM02,Cerrada,19.6,20.3,1086.6,1169.5,4,0,0,Eléctrico,Baja,
400456,2025-04,Envasado,Línea 3,EQ-0471,Transportador L3,C,Preventivo,PM02,Cerrada,7.4,6.9,136.9,122.8,7,0,2,Instrumentación,Baja,
400457,2025-04,Proceso,Línea 1,EQ-0311,Intercambiador P1,B,Mejora,PM04,Abierta,18.3,7.1,739.3,209.4,,7,0,Eléctrico,Media,
400458,2025-04,Bodega,N/A,EQ-0601,Grúa horquilla 4,C,Preventivo,PM02,Cerrada,12.6,13.8,459.5,527.6,10,0,0,Eléctrico,Baja,
400459,2025-04,Servicios,N/A,EQ-0202,Caldera 2,B,Preventivo,PM02,Cerrada,21.9,20.4,1051.2,931.9,11,10,20,Mecánico,Media,
400460,2025-04,Envasado,Línea 2,EQ-0457,Envasadora L2,A,Correctivo,PM01,Cerrada,7.1,9.1,509.6,413.2,16,0,0,Eléctrico,Media,
400461,2025-04,Servicios,N/A,EQ-0201,Caldera 1,A,Preventivo,PM02,Cerrada,12.5,12.2,498.1,452.5,7,0,0,Instrumentación,Media,
400462,2025-04,Proceso,Línea 1,EQ-0311,Intercambiador P1,B,Preventivo,PM03,Cerrada,3.4,3.8,151.8,176.7,13,0,0,Servicios,Baja,
400463,2025-04,Proceso,Línea 1,EQ-0331,Bomba de proceso,C,Predictivo,PM06,Abierta,24.5,1.0,742.1,231.6,,11,0,Mecánico,Alta,
400464,2025-04,Servicios,N/A,EQ-0210,Compresor 3,B,Correctivo,PM01,Cerrada,30.8,36.1,1644.7,1293.1,6,9,1,Eléctrico,Baja,
400465,2025-04,Envasado,Línea 1,EQ-0455,Envasadora L1,A,Correctivo,PM01,Abierta,21.8,1.6,1104.5,465.5,,0,0,Eléctrico,Media,
400466,2025-04,Servicios,N/A,EQ-0211,Chiller 1,A,Preventivo,PM03,Cerrada,11.6,10.8,441.6,418.1,5,4,16,Mecánico,Media,
400467,2025-04,Servicios,N/A,EQ-0202,Caldera 2,B,Preventivo,PM02,Cerrada,14.9,16.5,380.9,404.6,9,0,0,Eléctrico,Media,
400468,2025-04,Envasado,Línea 2,EQ-0457,Envasadora L2,A,Correctivo,PM01,Cerrada,12.2,23.4,1079.7,1378.8,8,0,2,Eléctrico,Media,
400469,2025-04,Servicios,N/A,EQ-0210,Compresor 3,B,Correctivo,PM01,Cerrada,19.7,27.8,1284.8,1145.7,9,0,0,Instrumentación,Baja,
400470,2025-04,Envasado,Línea 1,EQ-0461,Etiquetadora L1,A,Preventivo,PM02,Cerrada,23.5,25.8,1139.0,1181.6,14,0,0,Mecánico,Alta,
400471,2025-04,Envasado,Línea 2,EQ-0462,Etiquetadora L2,B,Preventivo,PM03,Cerrada,14.2,13.6,375.0,375.8,15,0,0,Eléctrico,Baja,
400472,2025-04,Servicios,N/A,EQ-0211,Chiller 1,A,Correctivo,PM01,Cerrada,5.7,8.9,307.3,329.7,6,1,0,Eléctrico,Alta,
400473,2025-04,Proceso,Línea 1,EQ-0311,Intercambiador P1,B,Preventivo,PM02,Cerrada,4.8,4.4,151.8,133.0,13,0,0,Eléctrico,Baja,
400474,2025-04,Servicios,N/A,EQ-0211,Chiller 1,A,Preventivo,PM02,Cerrada,3.2,3.2,126.6,124.7,11,0,0,Mecánico,Media,
400475,2025-04,Proceso,Línea 1,EQ-0331,Bomba de proceso,C,Preventivo,PM02,Cerrada,23.6,23.7,717.2,675.1,7,0,1,Servicios,Media,
400476,2025-04,Envasado,Línea 3,EQ-0470,Paletizador,B,Preventivo,PM02,Cerrada,16.0,17.0,441.9,497.1,15,3,16,Instrumentación,Baja,
400477,2025-04,Proceso,Línea 2,EQ-0320,Mezclador P2,B,Mejora,PM04,Cerrada,2.8,2.7,99.0,93.6,8,0,2,Servicios,Media,
400478,2025-04,Proceso,Línea 2,EQ-0320,Mezclador P2,B,Correctivo,PM01,Cerrada,13.6,19.3,590.8,582.9,11,0,6,Eléctrico,Media,
400479,2025-04,Proceso,Línea 1,EQ-0310,Reactor P1,A,Preventivo,PM02,Abierta,19.2,2.4,994.3,225.4,,32,0,Mecánico,Alta,Sin asignación de técnico
400480,2025-04,Servicios,N/A,EQ-0201,Caldera 1,A,Mejora,PM04,Cerrada,7.0,6.8,230.5,231.4,2,0,0,Eléctrico,Media,
400481,2025-04,Servicios,N/A,EQ-0201,Caldera 1,A,Preventivo,PM03,Cerrada,15.9,16.6,716.6,808.0,9,0,3,Mecánico,Baja,
400482,2025-04,Envasado,Línea 2,EQ-0457,Envasadora L2,A,Preventivo,PM02,Cerrada,14.4,15.8,807.0,944.3,16,7,1,Mecánico,Media,
400483,2025-04,Envasado,Línea 3,EQ-0470,Paletizador,B,Preventivo,PM02,Abierta,18.3,4.7,427.6,38.0,,0,0,Instrumentación,Baja,
400484,2025-04,Envasado,Línea 2,EQ-0457,Envasadora L2,A,Preventivo,PM02,Cerrada,12.6,13.5,458.9,525.3,15,0,0,Eléctrico,Media,
400485,2025-04,Servicios,N/A,EQ-0210,Compresor 3,B,Preventivo,PM03,Cerrada,12.4,13.5,496.9,523.2,15,0,1,Instrumentación,Baja,
400486,2025-04,Proceso,Línea 1,EQ-0331,Bomba de proceso,C,Preventivo,PM02,Cerrada,22.3,23.2,500.0,528.4,16,0,4,Mecánico,Alta,
400487,2025-04,Envasado,Línea 1,EQ-0461,Etiquetadora L1,A,Correctivo,PM01,Cerrada,4.0,6.7,231.3,255.8,13,3,0,Instrumentación,Alta,
400488,2025-04,Servicios,N/A,EQ-0211,Chiller 1,A,Preventivo,PM02,Cerrada,12.8,14.0,539.1,549.9,12,6,0,Mecánico,Media,
400489,2025-04,Proceso,Línea 1,EQ-0311,Intercambiador P1,B,Correctivo,PM01,Cerrada,8.5,17.9,620.2,808.0,5,2,6,Mecánico,Media,
400490,2025-04,Envasado,Línea 1,EQ-0461,Etiquetadora L1,A,Emergencia,PM05,Cerrada,13.4,25.9,1237.7,1537.7,8,0,0,Eléctrico,Alta,
400491,2025-04,Proceso,Línea 1,EQ-0331,Bomba de proceso,C,Correctivo,PM01,Cerrada,13.5,16.6,461.0,386.8,10,0,0,Servicios,Baja,
400492,2025-04,Envasado,Línea 1,EQ-0461,Etiquetadora L1,A,Preventivo,PM02,Cerrada,17.1,18.0,514.4,508.4,12,2,0,Mecánico,Media,
400493,2025-04,Proceso,Línea 2,EQ-0320,Mezclador P2,B,Preventivo,PM02,Abierta,8.7,3.0,214.6,77.8,,18,16,Mecánico,Media,
400494,2025-04,Servicios,N/A,EQ-0202,Caldera 2,B,Preventivo,PM02,Abierta,2.8,0.8,70.1,5.2,,9,16,Mecánico,Media,
400495,2025-04,Servicios,N/A,EQ-0201,Caldera 1,A,Preventivo,PM02,Cerrada,13.0,13.0,552.2,560.1,14,0,4,Mecánico,Baja,
400496,2025-04,Proceso,Línea 1,EQ-0310,Reactor P1,A,Preventivo,PM03,Cerrada,15.2,15.5,886.9,856.6,3,0,0,Eléctrico,Alta,
400497,2025-04,Servicios,N/A,EQ-0211,Chiller 1,A,Preventivo,PM03,Abierta,14.0,1.0,538.1,82.9,,14,16,Mecánico,Baja,
400498,2025-04,Envasado,Línea 1,EQ-0461,Etiquetadora L1,A,Correctivo,PM01,Cerrada,31.3,57.0,2678.0,3129.2,2,0,0,Mecánico,Alta,
400499,2025-04,Servicios,N/A,EQ-0210,Compresor 3,B,Preventivo,PM02,Cerrada,18.6,19.6,519.5,548.5,4,0,0,Eléctrico,Alta,
400500,2025-04,Envasado,Línea 2,EQ-0457,Envasadora L2,A,Mejora,PM04,Cerrada,22.1,23.3,858.2,957.2,10,0,4,Eléctrico,Media,
400501,2025-04,Envasado,Línea 1,EQ-0455,Envasadora L1,A,Preventivo,PM02,Cerrada,6.8,7.2,240.9,264.8,2,3,5,Instrumentación,Media,
400502,2025-04,Bodega,N/A,EQ-0601,Grúa horquilla 4,C,Preventivo,PM02,Cerrada,23.1,22.2,479.9,457.5,1,8,16,Eléctrico,Media,
400503,2025-04,Servicios,N/A,EQ-0202,Caldera 2,B,Preventivo,PM02,Cerrada,16.8,17.9,544.2,580.4,9,0,5,Eléctrico,Media,
400504,2025-04,Envasado,Línea 3,EQ-0471,Transportador L3,C,Preventivo,PM03,Cerrada,5.1,5.3,163.9,158.3,3,2,18,Mecánico,Baja,
400505,2025-04,Proceso,Línea 2,EQ-0320,Mezclador P2,B,Preventivo,PM03,Cerrada,14.2,15.2,439.0,439.2,6,0,0,Mecánico,Media,
400506,2025-04,Envasado,Línea 1,EQ-0461,Etiquetadora L1,A,Preventivo,PM03,Cerrada,17.2,17.9,979.8,1081.9,4,0,0,Instrumentación,Media,
400507,2025-04,Servicios,N/A,EQ-0211,Chiller 1,A,Preventivo,PM03,Cerrada,24.1,22.9,837.4,779.1,9,0,2,Mecánico,Alta,
400508,2025-04,Envasado,Línea 3,EQ-0471,Transportador L3,C,Preventivo,PM02,Cerrada,7.9,7.3,153.2,144.4,14,0,0,Mecánico,Media,
400509,2025-04,Envasado,Línea 2,EQ-0457,Envasadora L2,A,Correctivo,PM01,Abierta,6.0,1.2,553.3,241.8,,0,0,Mecánico,Alta,
400510,2025-05,Proceso,Línea 1,EQ-0311,Intercambiador P1,B,Preventivo,PM02,Cerrada,16.8,17.8,657.2,711.9,8,0,0,Eléctrico,Media,
400511,2025-05,Proceso,Línea 2,EQ-0330,Bomba CIP,B,Correctivo,PM01,Abierta,25.7,9.5,1485.3,826.7,,0,0,Mecánico,Alta,
400512,2025-05,Proceso,Línea 2,EQ-0320,Mezclador P2,B,Correctivo,PM01,Abierta,18.3,6.1,932.6,422.1,,27,0,Mecánico,Media,Requiere parada de planta
400513,2025-05,Servicios,N/A,EQ-0211,Chiller 1,A,Preventivo,PM02,Cerrada,24.5,23.9,1377.1,1280.4,5,0,0,Mecánico,Baja,
400514,2025-05,Envasado,Línea 2,EQ-0462,Etiquetadora L2,B,Correctivo,PM01,Cerrada,30.1,52.9,2127.3,2386.4,14,0,0,Mecánico,Alta,
400515,2025-05,Servicios,N/A,EQ-0202,Caldera 2,B,Preventivo,PM02,Cerrada,20.8,20.0,1001.9,991.9,14,0,0,Mecánico,Media,
400516,2025-05,Proceso,Línea 1,EQ-0331,Bomba de proceso,C,Preventivo,PM02,Cerrada,18.2,19.5,376.3,432.4,15,0,0,Mecánico,Baja,
400517,2025-05,Bodega,N/A,EQ-0601,Grúa horquilla 4,C,Preventivo,PM02,Cerrada,15.5,16.0,394.1,399.7,13,0,0,Eléctrico,Baja,
400518,2025-05,Envasado,Línea 3,EQ-0470,Paletizador,B,Correctivo,PM01,Cerrada,28.8,53.6,1720.4,2194.4,2,0,0,Mecánico,Media,
400519,2025-05,Servicios,N/A,EQ-0202,Caldera 2,B,Correctivo,PM01,Cerrada,25.4,38.2,1705.5,1814.6,1,8,0,Mecánico,Media,
400520,2025-05,Envasado,Línea 2,EQ-0457,Envasadora L2,A,Preventivo,PM02,Cerrada,4.8,5.1,302.0,315.8,9,0,1,Mecánico,Media,
400521,2025-05,Envasado,Línea 3,EQ-0471,Transportador L3,C,Correctivo,PM01,Abierta,18.1,5.3,978.5,255.6,,37,8,Mecánico,Alta,Sin asignación de técnico
400522,2025-05,Envasado,Línea 3,EQ-0471,Transportador L3,C,Preventivo,PM03,Cerrada,6.6,6.1,122.5,119.0,1,0,0,Mecánico,Media,
400523,2025-05,Envasado,Línea 3,EQ-0471,Transportador L3,C,Correctivo,PM01,Cerrada,19.7,38.8,637.6,846.7,6,0,4,Eléctrico,Media,
400524,2025-05,Servicios,N/A,EQ-0210,Compresor 3,B,Correctivo,PM01,Cerrada,30.3,64.2,1968.2,2749.4,13,0,0,Instrumentación,Baja,
400525,2025-05,Envasado,Línea 2,EQ-0457,Envasadora L2,A,Correctivo,PM01,Cerrada,11.9,17.5,789.2,798.1,12,0,0,Eléctrico,Media,
400526,2025-05,Envasado,Línea 3,EQ-0470,Paletizador,B,Emergencia,PM05,Cerrada,14.0,22.3,711.4,816.2,10,0,4,Instrumentación,Baja,
400527,2025-05,Servicios,N/A,EQ-0210,Compresor 3,B,Preventivo,PM02,Cerrada,9.9,10.2,395.0,391.8,9,0,4,Instrumentación,Alta,
400528,2025-05,Proceso,Línea 1,EQ-0331,Bomba de proceso,C,Preventivo,PM02,Cerrada,13.2,13.7,399.2,393.3,11,0,1,Mecánico,Media,
400529,2025-05,Envasado,Línea 2,EQ-0457,Envasadora L2,A,Correctivo,PM01,Cerrada,29.8,45.7,2260.5,2462.0,10,0,0,Mecánico,Alta,
400530,2025-05,Servicios,N/A,EQ-0202,Caldera 2,B,Preventivo,PM02,Cerrada,3.2,3.1,113.7,113.0,9,0,0,Mecánico,Baja,
400531,2025-05,Bodega,N/A,EQ-0601,Grúa horquilla 4,C,Preventivo,PM02,Cerrada,5.8,6.1,150.0,157.8,5,0,0,Mecánico,Alta,
400532,2025-05,Envasado,Línea 1,EQ-0461,Etiquetadora L1,A,Correctivo,PM01,Cerrada,6.8,12.6,629.1,795.0,13,0,0,Mecánico,Baja,
400533,2025-05,Envasado,Línea 2,EQ-0457,Envasadora L2,A,Mejora,PM04,Cerrada,12.7,12.6,708.7,723.7,5,0,0,Mecánico,Media,
400534,2025-05,Envasado,Línea 2,EQ-0462,Etiquetadora L2,B,Preventivo,PM03,Cerrada,12.3,12.9,433.7,436.9,6,0,0,Servicios,Media,
400535,2025-05,Envasado,Línea 1,EQ-0461,Etiquetadora L1,A,Emergencia,PM05,Abierta,26.3,1.5,2414.3,621.5,,0,0,Instrumentación,Media,
400536,2025-05,Proceso,Línea 1,EQ-0311,Intercambiador P1,B,Preventivo,PM02,Cerrada,4.0,3.8,139.9,135.3,12,0,6,Eléctrico,Alta,
400537,2025-05,Proceso,Línea 1,EQ-0310,Reactor P1,A,Preventivo,PM03,Cerrada,21.7,21.3,1114.5,1098.6,10,8,16,Mecánico,Media,
400538,2025-05,Servicios,N/A,EQ-0202,Caldera 2,B,Preventivo,PM02,Cerrada,15.3,14.7,653.6,599.3,9,8,16,Instrumentación,Baja,
400539,2025-05,Envasado,Línea 3,EQ-0471,Transportador L3,C,Preventivo,PM02,Cerrada,3.4,3.2,105.8,102.2,7,0,6,Eléctrico,Baja,
400540,2025-05,Bodega,N/A,EQ-0601,Grúa horquilla 4,C,Preventivo,PM02,Cerrada,2.7,2.9,91.2,92.3,13,3,0,Instrumentación,Alta,
400541,2025-05,Envasado,Línea 1,EQ-0455,Envasadora L1,A,Preventivo,PM02,Abierta,2.1,0.1,111.8,10.6,,33,0,Eléctrico,Baja,Espera de repuesto
400542,2025-05,Envasado,Línea 2,EQ-0457,Envasadora L2,A,Correctivo,PM01,Cerrada,8.5,15.2,403.1,491.8,13,0,4,Eléctrico,Baja,
400543,2025-05,Envasado,Línea 3,EQ-0471,Transportador L3,C,Correctivo,PM01,Cerrada,11.2,21.4,405.3,516.7,10,0,0,Eléctrico,Baja,
400544,2025-05,Envasado,Línea 1,EQ-0461,Etiquetadora L1,A,Preventivo,PM02,Cerrada,24.4,27.2,1418.0,1622.4,2,0,2,Servicios,Baja,
400545,2025-05,Servicios,N/A,EQ-0210,Compresor 3,B,Preventivo,PM02,Cerrada,21.1,20.2,763.2,731.8,1,0,0,Mecánico,Media,
400546,2025-05,Proceso,Línea 1,EQ-0310,Reactor P1,A,Emergencia,PM05,Cerrada,6.2,7.7,282.2,216.4,4,0,0,Mecánico,Baja,
400547,2025-05,Proceso,Línea 1,EQ-0331,Bomba de proceso,C,Correctivo,PM01,Cerrada,4.0,7.1,179.0,222.3,7,0,4,Eléctrico,Alta,
400548,2025-05,Servicios,N/A,EQ-0202,Caldera 2,B,Mejora,PM04,Cerrada,17.7,18.9,744.7,823.2,15,0,0,Instrumentación,Media,
400549,2025-05,Proceso,Línea 1,EQ-0310,Reactor P1,A,Correctivo,PM01,Cerrada,26.5,35.7,1737.8,1581.1,7,0,0,Mecánico,Alta,
400550,2025-05,Envasado,Línea 1,EQ-0461,Etiquetadora L1,A,Preventivo,PM02,Cerrada,23.5,26.0,1112.9,1142.3,8,0,1,Eléctrico,Media,
400551,2025-05,Servicios,N/A,EQ-0202,Caldera 2,B,Preventivo,PM02,Cerrada,13.2,13.6,428.8,427.7,4,1,4,Mecánico,Media,
400552,2025-05,Envasado,Línea 3,EQ-0471,Transportador L3,C,Preventivo,PM03,Cerrada,9.9,10.9,170.1,178.4,1,0,0,Instrumentación,Media,
400553,2025-05,Envasado,Línea 1,EQ-0455,Envasadora L1,A,Preventivo,PM02,Cerrada,20.5,19.9,1112.8,1110.4,15,0,0,Eléctrico,Baja,
400554,2025-05,Proceso,Línea 1,EQ-0331,Bomba de proceso,C,Preventivo,PM02,Cerrada,2.2,2.2,49.5,53.6,13,8,2,Mecánico,Media,
400555,2025-05,Envasado,Línea 1,EQ-0455,Envasadora L1,A,Correctivo,PM01,Cerrada,23.0,35.2,2150.4,2194.1,15,0,0,Mecánico,Alta,
400556,2025-05,Servicios,N/A,EQ-0211,Chiller 1,A,Preventivo,PM02,Cerrada,21.3,20.9,1137.2,1036.5,12,0,0,Eléctrico,Media,
400557,2025-05,Envasado,Línea 3,EQ-0470,Paletizador,B,Emergencia,PM05,Cerrada,26.5,46.9,1624.1,1850.0,15,0,2,Instrumentación,Media,
400558,2025-05,Envasado,Línea 2,EQ-0457,Envasadora L2,A,Correctivo,PM01,Cerrada,23.0,48.2,1831.5,2744.3,5,0,4,Eléctrico,Alta,
400559,2025-05,Proceso,Línea 1,EQ-0310,Reactor P1,A,Preventivo,PM03,Cerrada,4.1,4.2,250.7,256.6,5,0,4,Eléctrico,Media,
400560,2025-05,Servicios,N/A,EQ-0211,Chiller 1,A,Preventivo,PM03,Cerrada,16.7,17.3,627.3,641.7,3,9,20,Eléctrico,Baja,
400561,2025-05,Envasado,Línea 2,EQ-0457,Envasadora L2,A,Correctivo,PM01,Cerrada,26.0,32.8,2495.0,2075.1,7,0,0,Mecánico,Baja,
400562,2025-05,Envasado,Línea 2,EQ-0462,Etiquetadora L2,B,Correctivo,PM01,Cerrada,17.6,31.3,1102.6,1218.7,1,0,0,Mecánico,Media,
400563,2025-05,Proceso,Línea 2,EQ-0320,Mezclador P2,B,Preventivo,PM02,Cerrada,9.1,9.7,326.1,345.6,15,0,0,Mecánico,Alta,
400564,2025-05,Proceso,Línea 1,EQ-0311,Intercambiador P1,B,Correctivo,PM01,Cerrada,14.7,22.7,1089.6,1076.1,2,0,6,Mecánico,Baja,
400565,2025-05,Envasado,Línea 3,EQ-0470,Paletizador,B,Predictivo,PM06,Cerrada,9.4,10.1,313.2,316.6,8,0,0,Servicios,Baja,
400566,2025-05,Envasado,Línea 2,EQ-0462,Etiquetadora L2,B,Preventivo,PM03,Abierta,16.7,0.6,759.5,37.2,,2,24,Mecánico,Alta,
400567,2025-05,Servicios,N/A,EQ-0201,Caldera 1,A,Preventivo,PM02,Abierta,24.1,3.9,964.1,220.9,,5,8,Mecánico,Media,
400568,2025-05,Envasado,Línea 1,EQ-0455,Envasadora L1,A,Correctivo,PM01,Cerrada,6.2,12.8,484.0,641.7,11,4,2,Eléctrico,Baja,
400569,2025-05,Envasado,Línea 1,EQ-0455,Envasadora L1,A,Correctivo,PM01,Cerrada,19.0,39.4,1128.1,1604.4,5,0,0,Eléctrico,Media,
400570,2025-05,Servicios,N/A,EQ-0201,Caldera 1,A,Preventivo,PM03,Cerrada,17.9,18.9,723.0,726.3,12,0,0,Eléctrico,Media,
400571,2025-05,Servicios,N/A,EQ-0201,Caldera 1,A,Preventivo,PM02,Cerrada,10.9,10.6,375.5,347.0,15,0,1,Mecánico,Media,
400572,2025-05,Proceso,Línea 1,EQ-0311,Intercambiador P1,B,Correctivo,PM01,Cerrada,10.4,13.7,629.9,591.7,15,0,0,Servicios,Alta,
400573,2025-05,Servicios,N/A,EQ-0211,Chiller 1,A,Preventivo,PM03,Abierta,23.7,2.7,752.3,183.5,,21,16,Mecánico,Media,
400574,2025-05,Proceso,Línea 1,EQ-0331,Bomba de proceso,C,Preventivo,PM02,Cerrada,10.3,9.9,292.2,265.3,10,0,4,Mecánico,Media,
400575,2025-05,Envasado,Línea 2,EQ-0462,Etiquetadora L2,B,Preventivo,PM02,Cerrada,8.1,7.5,398.8,392.8,15,0,4,Servicios,Baja,
400576,2025-05,Envasado,Línea 2,EQ-0462,Etiquetadora L2,B,Correctivo,PM01,Cerrada,8.3,16.8,582.5,776.4,4,0,0,Eléctrico,Baja,
400577,2025-05,Proceso,Línea 1,EQ-0331,Bomba de proceso,C,Preventivo,PM02,Cerrada,13.2,14.0,386.9,401.5,10,0,0,Instrumentación,Baja,
400578,2025-05,Proceso,Línea 2,EQ-0320,Mezclador P2,B,Preventivo,PM02,Cerrada,12.1,11.8,563.0,530.2,6,1,0,Eléctrico,Media,
400579,2025-05,Proceso,Línea 2,EQ-0320,Mezclador P2,B,Preventivo,PM03,Abierta,4.5,0.8,194.4,37.2,,0,0,Eléctrico,Media,
400580,2025-05,Proceso,Línea 1,EQ-0331,Bomba de proceso,C,Preventivo,PM02,Cerrada,22.6,22.3,498.3,499.6,3,0,1,Servicios,Media,
400581,2025-05,Envasado,Línea 1,EQ-0461,Etiquetadora L1,A,Correctivo,PM01,Abierta,8.5,1.3,533.5,223.5,,3,0,Eléctrico,Alta,
400582,2025-05,Proceso,Línea 2,EQ-0330,Bomba CIP,B,Mejora,PM04,Cerrada,7.6,7.3,244.3,249.3,6,0,0,Mecánico,Media,
400583,2025-05,Servicios,N/A,EQ-0202,Caldera 2,B,Preventivo,PM02,Cerrada,17.5,17.6,527.2,549.1,3,0,0,Mecánico,Media,
400584,2025-05,Servicios,N/A,EQ-0211,Chiller 1,A,Preventivo,PM03,Cerrada,13.8,15.4,662.6,708.0,15,8,0,Instrumentación,Media,
400585,2025-05,Proceso,Línea 1,EQ-0310,Reactor P1,A,Preventivo,PM02,Cerrada,24.6,25.0,1388.3,1504.4,4,0,4,Mecánico,Alta,
400586,2025-05,Envasado,Línea 2,EQ-0462,Etiquetadora L2,B,Preventivo,PM02,Abierta,9.2,2.7,214.6,46.8,,19,0,Eléctrico,Media,
400587,2025-05,Servicios,N/A,EQ-0201,Caldera 1,A,Preventivo,PM03,Cerrada,8.8,8.5,427.8,410.4,14,0,4,Mecánico,Alta,
400588,2025-05,Servicios,N/A,EQ-0201,Caldera 1,A,Emergencia,PM05,Cerrada,14.3,28.1,1292.8,1757.1,2,0,0,Servicios,Media,
400589,2025-05,Envasado,Línea 2,EQ-0462,Etiquetadora L2,B,Preventivo,PM02,Cerrada,8.9,9.8,274.3,311.5,11,0,1,Eléctrico,Baja,
400590,2025-05,Envasado,Línea 2,EQ-0457,Envasadora L2,A,Preventivo,PM02,Cerrada,2.4,2.2,75.2,69.4,4,8,0,Mecánico,Media,
400591,2025-05,Servicios,N/A,EQ-0201,Caldera 1,A,Preventivo,PM02,Cerrada,19.2,19.8,994.0,967.9,14,0,1,Mecánico,Baja,
400592,2025-05,Proceso,Línea 2,EQ-0320,Mezclador P2,B,Preventivo,PM03,Cerrada,19.7,18.5,591.1,597.8,13,0,0,Mecánico,Media,
400593,2025-05,Proceso,Línea 1,EQ-0310,Reactor P1,A,Preventivo,PM02,Cerrada,2.6,2.4,86.1,76.7,13,0,4,Mecánico,Media,
400594,2025-05,Bodega,N/A,EQ-0601,Grúa horquilla 4,C,Preventivo,PM02,Cerrada,19.0,17.9,487.3,454.2,9,0,1,Eléctrico,Baja,
400595,2025-05,Servicios,N/A,EQ-0211,Chiller 1,A,Correctivo,PM01,Cerrada,27.1,32.5,1929.1,1633.5,1,0,2,Instrumentación,Media,
400596,2025-05,Proceso,Línea 1,EQ-0311,Intercambiador P1,B,Preventivo,PM02,Cerrada,17.2,19.1,438.4,521.0,9,3,0,Mecánico,Media,
400597,2025-05,Envasado,Línea 3,EQ-0471,Transportador L3,C,Predictivo,PM06,Cerrada,17.2,18.8,363.8,369.6,6,0,0,Instrumentación,Media,
400598,2025-05,Envasado,Línea 1,EQ-0461,Etiquetadora L1,A,Emergencia,PM05,Cerrada,15.9,23.8,842.6,789.6,4,0,0,Eléctrico,Alta,
400599,2025-05,Envasado,Línea 1,EQ-0461,Etiquetadora L1,A,Correctivo,PM01,Cerrada,9.7,14.4,431.0,406.1,1,0,0,Instrumentación,Baja,
400600,2025-05,Envasado,Línea 3,EQ-0470,Paletizador,B,Preventivo,PM03,Cerrada,17.1,17.6,507.0,558.0,2,0,4,Eléctrico,Media,
400601,2025-05,Envasado,Línea 1,EQ-0461,Etiquetadora L1,A,Emergencia,PM05,Cerrada,20.3,25.0,1347.8,1047.5,15,0,4,Eléctrico,Media,
400602,2025-05,Envasado,Línea 2,EQ-0457,Envasadora L2,A,Emergencia,PM05,Cerrada,15.1,25.7,1071.4,1235.3,2,0,1,Instrumentación,Media,
400603,2025-05,Envasado,Línea 2,EQ-0462,Etiquetadora L2,B,Correctivo,PM01,Cerrada,13.5,27.3,795.6,988.0,4,0,2,Instrumentación,Media,
400604,2025-05,Proceso,Línea 1,EQ-0310,Reactor P1,A,Correctivo,PM01,Cerrada,10.6,20.2,769.9,929.8,4,1,4,Eléctrico,Alta,
400605,2025-05,Servicios,N/A,EQ-0211,Chiller 1,A,Preventivo,PM03,Cerrada,2.4,2.3,109.5,108.4,15,0,0,Mecánico,Media,
400606,2025-05,Proceso,Línea 2,EQ-0320,Mezclador P2,B,Emergencia,PM05,Cerrada,23.7,46.6,1283.8,1740.1,3,0,0,Eléctrico,Media,
400607,2025-05,Proceso,Línea 1,EQ-0311,Intercambiador P1,B,Preventivo,PM02,Cerrada,6.8,7.4,250.8,286.4,2,0,0,Instrumentación,Alta,
400608,2025-05,Proceso,Línea 2,EQ-0330,Bomba CIP,B,Preventivo,PM03,Cerrada,19.4,20.8,595.7,600.7,3,1,16,Mecánico,Media,
400609,2025-05,Proceso,Línea 1,EQ-0310,Reactor P1,A,Correctivo,PM01,Cerrada,30.1,61.7,2807.8,4101.5,1,0,0,Instrumentación,Media,
400610,2025-05,Servicios,N/A,EQ-0201,Caldera 1,A,Preventivo,PM02,Abierta,10.7,1.6,341.3,60.5,,13,16,Eléctrico,Media,
400611,2025-05,Envasado,Línea 2,EQ-0462,Etiquetadora L2,B,Mejora,PM04,Cerrada,7.3,6.9,245.8,230.0,9,0,2,Mecánico,Media,
400612,2025-05,Envasado,Línea 1,EQ-0461,Etiquetadora L1,A,Preventivo,PM03,Cerrada,10.1,10.2,476.2,459.1,7,0,0,Mecánico,Baja,
400613,2025-05,Envasado,Línea 2,EQ-0462,Etiquetadora L2,B,Correctivo,PM01,Cerrada,30.7,56.8,1235.2,1623.3,12,0,0,Mecánico,Media,
400614,2025-05,Envasado,Línea 3,EQ-0471,Transportador L3,C,Preventivo,PM02,Abierta,4.1,1.7,116.1,28.5,,6,0,Instrumentación,Media,
400615,2025-05,Servicios,N/A,EQ-0201,Caldera 1,A,Preventivo,PM02,Cerrada,4.4,4.4,238.6,242.1,12,0,0,Eléctrico,Media,
400616,2025-05,Proceso,Línea 1,EQ-0311,Intercambiador P1,B,Preventivo,PM03,Abierta,18.7,6.6,519.5,162.7,,0,0,Mecánico,Baja,
400617,2025-05,Envasado,Línea 1,EQ-0455,Envasadora L1,A,Preventivo,PM03,Cerrada,3.4,3.2,173.6,177.6,10,7,20,Mecánico,Media,
400618,2025-05,Proceso,Línea 2,EQ-0320,Mezclador P2,B,Preventivo,PM02,Cerrada,3.1,3.2,125.2,136.4,14,0,4,Eléctrico,Baja,
400619,2025-05,Servicios,N/A,EQ-0201,Caldera 1,A,Preventivo,PM02,Cerrada,22.8,25.1,1192.3,1345.7,7,0,0,Mecánico,Baja,
400620,2025-05,Envasado,Línea 3,EQ-0470,Paletizador,B,Preventivo,PM02,Cerrada,4.6,4.5,196.4,188.9,15,0,0,Mecánico,Media,
400621,2025-06,Servicios,N/A,EQ-0201,Caldera 1,A,Correctivo,PM01,Abierta,7.7,1.8,571.6,3.0,,20,0,Servicios,Media,
400622,2025-06,Proceso,Línea 1,EQ-0310,Reactor P1,A,Preventivo,PM02,Cerrada,20.9,19.6,1064.0,1043.1,6,6,0,Eléctrico,Baja,
400623,2025-06,Proceso,Línea 2,EQ-0330,Bomba CIP,B,Correctivo,PM01,Cerrada,16.3,22.4,1195.9,1125.3,8,0,0,Eléctrico,Baja,
400624,2025-06,Envasado,Línea 3,EQ-0470,Paletizador,B,Correctivo,PM01,Cerrada,13.5,17.8,776.1,655.3,14,11,2,Eléctrico,Media,
400625,2025-06,Servicios,N/A,EQ-0210,Compresor 3,B,Preventivo,PM02,Cerrada,24.7,25.0,1077.0,1089.3,14,0,0,Servicios,Baja,
400626,2025-06,Envasado,Línea 3,EQ-0471,Transportador L3,C,Preventivo,PM02,Cerrada,8.9,8.8,160.5,157.1,7,0,2,Mecánico,Baja,
400627,2025-06,Servicios,N/A,EQ-0211,Chiller 1,A,Correctivo,PM01,Cerrada,28.4,38.4,2283.0,2150.1,2,0,0,Eléctrico,Alta,
400628,2025-06,Bodega,N/A,EQ-0601,Grúa horquilla 4,C,Preventivo,PM03,Cerrada,7.4,7.6,196.5,218.4,9,0,0,Eléctrico,Media,
400629,2025-06,Servicios,N/A,EQ-0211,Chiller 1,A,Preventivo,PM02,Cerrada,15.5,17.1,488.0,540.7,9,0,0,Instrumentación,Baja,
400630,2025-06,Proceso,Línea 1,EQ-0331,Bomba de proceso,C,Predictivo,PM06,Cerrada,14.4,16.0,520.7,629.3,1,0,0,Mecánico,Media,
400631,2025-06,Bodega,N/A,EQ-0601,Grúa horquilla 4,C,Preventivo,PM02,Cerrada,4.8,4.5,143.3,140.7,14,0,0,Eléctrico,Media,
400632,2025-06,Servicios,N/A,EQ-0201,Caldera 1,A,Correctivo,PM01,Cerrada,24.0,50.2,1177.7,1557.3,11,0,0,Instrumentación,Media,
400633,2025-06,Envasado,Línea 3,EQ-0470,Paletizador,B,Preventivo,PM02,Abierta,9.7,1.2,406.1,118.2,,15,16,Servicios,Baja,
400634,2025-06,Proceso,Línea 1,EQ-0311,Intercambiador P1,B,Preventivo,PM02,Cerrada,19.5,19.8,893.4,936.6,5,0,0,Mecánico,Media,
400635,2025-06,Servicios,N/A,EQ-0210,Compresor 3,B,Mejora,PM04,Cerrada,10.7,10.0,519.7,465.0,15,0,0,Mecánico,Media,
400636,2025-06,Envasado,Línea 3,EQ-0471,Transportador L3,C,Preventivo,PM03,Cerrada,4.8,4.9,90.6,87.6,8,0,0,Eléctrico,Alta,
400637,2025-06,Proceso,Línea 1,EQ-0310,Reactor P1,A,Correctivo,PM01,Cerrada,18.5,25.9,1541.4,1483.2,2,0,2,Mecánico,Baja,
400638,2025-06,Envasado,Línea 1,EQ-0455,Envasadora L1,A,Correctivo,PM01,Cerrada,19.2,39.0,1841.5,2643.1,1,0,0,Eléctrico,Baja,
400639,2025-06,Servicios,N/A,EQ-0211,Chiller 1,A,Preventivo,PM02,Cerrada,4.4,4.6,153.0,157.4,9,0,0,Eléctrico,Alta,
400640,2025-06,Envasado,Línea 2,EQ-0462,Etiquetadora L2,B,Mejora,PM04,Cerrada,14.5,15.7,527.2,531.3,6,0,0,Servicios,Media,
400641,2025-06,Proceso,Línea 2,EQ-0320,Mezclador P2,B,Preventivo,PM02,Cerrada,15.4,14.2,694.5,658.9,11,0,4,Eléctrico,Media,
400642,2025-06,Proceso,Línea 2,EQ-0330,Bomba CIP,B,Mejora,PM04,Cerrada,6.1,6.7,269.2,290.6,7,8,0,Mecánico,Alta,
400643,2025-06,Servicios,N/A,EQ-0210,Compresor 3,B,Correctivo,PM01,Cerrada,28.6,46.4,1401.1,1591.0,14,0,4,Mecánico,Alta,
400644,2025-06,Envasado,Línea 2,EQ-0457,Envasadora L2,A,Correctivo,PM01,Cerrada,10.3,15.7,465.7,495.9,15,0,2,Instrumentación,Media,
400645,2025-06,Proceso,Línea 2,EQ-0320,Mezclador P2,B,Preventivo,PM03,Abierta,16.7,3.0,624.4,158.8,,0,0,Eléctrico,Alta,
400646,2025-06,Envasado,Línea 2,EQ-0462,Etiquetadora L2,B,Preventivo,PM02,Cerrada,19.1,20.6,761.1,853.8,4,0,0,Mecánico,Alta,
400647,2025-06,Proceso,Línea 1,EQ-0311,Intercambiador P1,B,Preventivo,PM02,Cerrada,8.2,8.4,192.1,182.6,14,8,4,Eléctrico,Media,
400648,2025-06,Proceso,Línea 1,EQ-0310,Reactor P1,A,Preventivo,PM02,Cerrada,24.5,24.8,754.4,767.3,8,0,1,Mecánico,Baja,
400649,2025-06,Envasado,Línea 2,EQ-0457,Envasadora L2,A,Correctivo,PM01,Cerrada,30.2,57.6,1513.1,1875.9,11,0,0,Eléctrico,Media,
400650,2025-06,Servicios,N/A,EQ-0210,Compresor 3,B,Mejora,PM04,Abierta,3.4,0.7,82.0,39.4,,0,0,Instrumentación,Baja,
400651,2025-06,Envasado,Línea 1,EQ-0461,Etiquetadora L1,A,Preventivo,PM02,Cerrada,19.6,21.6,1036.2,1092.5,3,0,2,Mecánico,Media,
400652,2025-06,Servicios,N/A,EQ-0201,Caldera 1,A,Preventivo,PM03,Cerrada,9.7,10.0,611.8,583.8,14,0,4,Mecánico,Baja,
400653,2025-06,Envasado,Línea 3,EQ-0470,Paletizador,B,Correctivo,PM01,Cerrada,25.6,35.2,1476.2,1390.7,4,0,0,Mecánico,Media,
400654,2025-06,Envasado,Línea 3,EQ-0471,Transportador L3,C,Preventivo,PM03,Cerrada,3.6,4.0,124.2,141.9,13,0,0,Eléctrico,Media,
400655,2025-06,Proceso,Línea 1,EQ-0310,Reactor P1,A,Preventivo,PM02,Cerrada,25.8,27.4,1626.5,1620.1,10,0,0,Mecánico,Media,
400656,2025-06,Servicios,N/A,EQ-0210,Compresor 3,B,Preventivo,PM02,Cerrada,13.1,12.4,353.4,323.1,3,0,0,Eléctrico,Baja,
400657,2025-06,Proceso,Línea 1,EQ-0331,Bomba de proceso,C,Preventivo,PM03,Cerrada,23.3,22.5,790.1,724.5,2,0,4,Mecánico,Media,
400658,2025-06,Envasado,Línea 3,EQ-0470,Paletizador,B,Correctivo,PM01,Cerrada,6.3,13.2,404.1,574.8,13,0,0,Eléctrico,Baja,
400659,2025-06,Envasado,Línea 1,EQ-0461,Etiquetadora L1,A,Preventivo,PM02,Abierta,2.2,0.0,86.3,15.8,,15,2,Instrumentación,Baja,
400660,2025-06,Envasado,Línea 1,EQ-0455,Envasadora L1,A,Correctivo,PM01,Abierta,15.8,3.9,1381.6,410.5,,11,1,Mecánico,Media,
400661,2025-06,Servicios,N/A,EQ-0210,Compresor 3,B,Preventivo,PM02,Abierta,22.6,3.0,530.9,44.1,,0,0,Eléctrico,Alta,
400662,2025-06,Servicios,N/A,EQ-0210,Compresor 3,B,Predictivo,PM06,Cerrada,14.9,14.7,519.2,536.8,3,1,0,Mecánico,Media,
400663,2025-06,Envasado,Línea 1,EQ-0461,Etiquetadora L1,A,Predictivo,PM06,Cerrada,11.1,10.9,342.5,316.0,15,0,0,Mecánico,Media,
400664,2025-06,Proceso,Línea 1,EQ-0311,Intercambiador P1,B,Preventivo,PM02,Cerrada,19.7,21.9,831.4,867.2,13,0,0,Servicios,Alta,
400665,2025-06,Servicios,N/A,EQ-0210,Compresor 3,B,Mejora,PM04,Cerrada,8.7,8.1,314.5,281.1,14,0,0,Eléctrico,Media,
400666,2025-06,Envasado,Línea 1,EQ-0455,Envasadora L1,A,Preventivo,PM02,Cerrada,11.1,10.9,560.2,525.4,3,0,0,Eléctrico,Baja,
400667,2025-06,Proceso,Línea 2,EQ-0320,Mezclador P2,B,Preventivo,PM02,Cerrada,14.9,15.9,458.3,455.6,12,0,0,Mecánico,Alta,
400668,2025-06,Bodega,N/A,EQ-0601,Grúa horquilla 4,C,Preventivo,PM03,Cerrada,16.3,16.5,467.9,490.2,9,10,16,Eléctrico,Alta,
400669,2025-06,Servicios,N/A,EQ-0201,Caldera 1,A,Correctivo,PM01,Cerrada,19.3,22.9,1446.4,1115.9,7,0,2,Mecánico,Alta,
400670,2025-06,Proceso,Línea 1,EQ-0310,Reactor P1,A,Preventivo,PM02,Cerrada,23.0,24.2,705.0,711.0,2,0,2,Eléctrico,Media,
400671,2025-06,Envasado,Línea 2,EQ-0462,Etiquetadora L2,B,Preventivo,PM03,Cerrada,8.4,8.3,314.5,330.3,14,7,20,Eléctrico,Alta,
400672,2025-06,Proceso,Línea 1,EQ-0310,Reactor P1,A,Preventivo,PM03,Cerrada,3.7,3.4,117.8,113.1,5,11,0,Mecánico,Media,
400673,2025-06,Proceso,Línea 1,EQ-0310,Reactor P1,A,Preventivo,PM02,Cerrada,13.8,13.2,423.6,398.5,6,0,0,Mecánico,Baja,
400674,2025-06,Envasado,Línea 2,EQ-0457,Envasadora L2,A,Correctivo,PM01,Cerrada,24.8,48.5,2151.1,2588.1,12,7,0,Servicios,Alta,
400675,2025-06,Proceso,Línea 1,EQ-0310,Reactor P1,A,Correctivo,PM01,Cerrada,4.7,10.3,290.0,412.8,10,0,0,Mecánico,Baja,
400676,2025-06,Envasado,Línea 3,EQ-0470,Paletizador,B,Correctivo,PM01,Cerrada,17.0,34.6,637.3,905.0,1,0,0,Mecánico,Media,
400677,2025-06,Envasado,Línea 2,EQ-0462,Etiquetadora L2,B,Emergencia,PM05,Cerrada,22.6,29.8,1317.0,1101.2,6,0,1,Eléctrico,Alta,
400678,2025-06,Servicios,N/A,EQ-0210,Compresor 3,B,Correctivo,PM01,Cerrada,18.6,40.4,1084.4,1600.2,4,0,2,Mecánico,Media,
400679,2025-06,Servicios,N/A,EQ-0210,Compresor 3,B,Correctivo,PM01,Cerrada,4.1,9.0,302.6,426.8,2,0,4,Mecánico,Alta,
400680,2025-06,Proceso,Línea 1,EQ-0310,Reactor P1,A,Emergencia,PM05,Cerrada,25.1,38.4,1357.4,1313.7,5,0,0,Mecánico,Baja,
400681,2025-06,Servicios,N/A,EQ-0210,Compresor 3,B,Mejora,PM04,Cerrada,19.9,18.7,720.9,673.7,9,0,0,Eléctrico,Media,
400682,2025-06,Envasado,Línea 1,EQ-0455,Envasadora L1,A,Mejora,PM04,Cerrada,9.1,10.1,399.6,417.0,14,0,4,Eléctrico,Media,
400683,2025-06,Proceso,Línea 1,EQ-0310,Reactor P1,A,Correctivo,PM01,Cerrada,26.1,37.8,1793.0,1628.1,13,0,4,Eléctrico,Alta,
400684,2025-06,Envasado,Línea 1,EQ-0461,Etiquetadora L1,A,Preventivo,PM02,Cerrada,14.4,16.1,620.8,706.0,12,11,2,Mecánico,Media,
400685,2025-06,Envasado,Línea 1,EQ-0455,Envasadora L1,A,Preventivo,PM02,Cerrada,9.6,10.6,472.5,519.8,3,0,2,Mecánico,Baja,
400686,2025-06,Servicios,N/A,EQ-0202,Caldera 2,B,Preventivo,PM02,Cerrada,20.4,22.7,859.6,891.6,10,0,0,Eléctrico,Baja,
400687,2025-06,Proceso,Línea 2,EQ-0330,Bomba CIP,B,Preventivo,PM03,Cerrada,12.9,12.3,611.3,541.6,6,0,0,Mecánico,Baja,
400688,2025-06,Envasado,Línea 2,EQ-0457,Envasadora L2,A,Preventivo,PM02,Cerrada,22.3,22.9,1131.3,1217.9,10,0,0,Mecánico,Media,
400689,2025-06,Proceso,Línea 2,EQ-0320,Mezclador P2,B,Correctivo,PM01,Cerrada,12.4,15.3,621.6,545.9,6,0,0,Eléctrico,Media,
400690,2025-06,Envasado,Línea 3,EQ-0470,Paletizador,B,Preventivo,PM02,Abierta,20.5,0.8,944.9,42.2,,12,0,Eléctrico,Media,
400691,2025-06,Servicios,N/A,EQ-0210,Compresor 3,B,Emergencia,PM05,Cerrada,22.7,29.5,791.1,669.8,8,0,0,Instrumentación,Media,
400692,2025-06,Servicios,N/A,EQ-0210,Compresor 3,B,Preventivo,PM02,Abierta,15.0,1.1,577.0,143.6,,3,16,Servicios,Media,
400693,2025-06,Bodega,N/A,EQ-0601,Grúa horquilla 4,C,Preventivo,PM02,Cerrada,7.6,7.2,217.4,205.5,11,0,0,Mecánico,Alta,
400694,2025-06,Envasado,Línea 2,EQ-0457,Envasadora L2,A,Preventivo,PM03,Abierta,20.3,7.4,1207.3,104.9,,0,2,Instrumentación,Alta,
400695,2025-06,Proceso,Línea 2,EQ-0320,Mezclador P2,B,Correctivo,PM01,Cerrada,14.3,29.2,503.8,688.8,7,0,0,Mecánico,Alta,
400696,2025-06,Proceso,Línea 2,EQ-0330,Bomba CIP,B,Correctivo,PM01,Cerrada,22.0,29.6,1297.3,1102.2,12,0,0,Servicios,Baja,
400697,2025-06,Envasado,Línea 3,EQ-0471,Transportador L3,C,Preventivo,PM02,Cerrada,6.6,6.7,184.8,177.0,2,10,0,Instrumentación,Alta,
400698,2025-06,Proceso,Línea 1,EQ-0310,Reactor P1,A,Preventivo,PM02,Cerrada,10.4,11.1,596.4,601.0,1,0,0,Servicios,Alta,
400699,2025-06,Proceso,Línea 2,EQ-0320,Mezclador P2,B,Preventivo,PM02,Abierta,3.2,1.0,73.9,1.3,,7,16,Mecánico,Media,
400700,2025-06,Proceso,Línea 2,EQ-0320,Mezclador P2,B,Preventivo,PM02,Cerrada,8.7,8.2,400.3,404.9,2,0,4,Mecánico,Alta,
400701,2025-06,Bodega,N/A,EQ-0601,Grúa horquilla 4,C,Correctivo,PM01,Cerrada,30.2,65.9,1358.3,2007.1,2,0,0,Servicios,Media,
400702,2025-06,Envasado,Línea 2,EQ-0462,Etiquetadora L2,B,Preventivo,PM02,Cerrada,14.8,15.4,368.8,416.2,5,4,16,Servicios,Media,
400703,2025-06,Servicios,N/A,EQ-0202,Caldera 2,B,Mejora,PM04,Cerrada,25.7,26.8,1025.0,1130.7,4,0,0,Mecánico,Alta,
400704,2025-06,Envasado,Línea 2,EQ-0457,Envasadora L2,A,Preventivo,PM02,Cerrada,11.0,10.2,653.1,573.5,13,0,0,Mecánico,Alta,
400705,2025-06,Envasado,Línea 1,EQ-0461,Etiquetadora L1,A,Correctivo,PM01,Cerrada,14.7,18.1,1326.2,1019.1,3,0,0,Instrumentación,Media,
400706,2025-06,Envasado,Línea 1,EQ-0455,Envasadora L1,A,Correctivo,PM01,Cerrada,27.8,49.0,1256.5,1541.4,11,0,0,Eléctrico,Media,
400707,2025-06,Proceso,Línea 2,EQ-0330,Bomba CIP,B,Correctivo,PM01,Cerrada,11.1,21.5,487.1,615.5,8,0,0,Mecánico,Alta,
400708,2025-06,Servicios,N/A,EQ-0201,Caldera 1,A,Preventivo,PM02,Cerrada,16.7,15.9,799.2,708.4,14,0,0,Servicios,Media,
400709,2025-06,Servicios,N/A,EQ-0210,Compresor 3,B,Predictivo,PM06,Cerrada,12.9,14.0,618.3,669.0,6,11,0,Eléctrico,Alta,
400710,2025-06,Envasado,Línea 2,EQ-0462,Etiquetadora L2,B,Preventivo,PM03,Cerrada,14.6,15.8,603.6,683.0,2,0,0,Mecánico,Media,
400711,2025-06,Proceso,Línea 2,EQ-0330,Bomba CIP,B,Emergencia,PM05,Abierta,7.1,3.2,257.0,56.3,,15,2,Mecánico,Alta,
400712,2025-06,Servicios,N/A,EQ-0211,Chiller 1,A,Preventivo,PM02,Cerrada,20.0,20.9,1270.7,1439.9,6,0,0,Servicios,Alta,
400713,2025-06,Proceso,Línea 2,EQ-0330,Bomba CIP,B,Preventivo,PM03,Cerrada,22.0,22.2,1026.6,1105.9,4,0,0,Eléctrico,Alta,
400714,2025-06,Bodega,N/A,EQ-0601,Grúa horquilla 4,C,Preventivo,PM02,Cerrada,20.9,22.4,771.1,894.3,6,0,2,Mecánico,Media,
400715,2025-06,Servicios,N/A,EQ-0211,Chiller 1,A,Correctivo,PM01,Cerrada,25.7,31.6,1826.2,1520.3,15,0,2,Instrumentación,Alta,
400716,2025-06,Servicios,N/A,EQ-0202,Caldera 2,B,Mejora,PM04,Cerrada,9.4,10.0,284.4,312.2,6,0,0,Mecánico,Media,
400717,2025-06,Servicios,N/A,EQ-0201,Caldera 1,A,Mejora,PM04,Abierta,24.5,7.2,1069.3,295.6,,8,8,Instrumentación,Baja,
400718,2025-06,Proceso,Línea 2,EQ-0320,Mezclador P2,B,Preventivo,PM02,Cerrada,17.5,18.9,724.3,789.1,12,0,4,Eléctrico,Alta,
400719,2025-06,Proceso,Línea 2,EQ-0320,Mezclador P2,B,Correctivo,PM01,Cerrada,3.7,6.5,187.2,216.7,2,10,0,Mecánico,Alta,
400720,2025-06,Proceso,Línea 1,EQ-0331,Bomba de proceso,C,Mejora,PM04,Cerrada,3.4,3.2,95.1,96.0,3,0,0,Mecánico,Media,
400721,2025-06,Servicios,N/A,EQ-0201,Caldera 1,A,Preventivo,PM02,Cerrada,24.0,25.4,825.1,943.7,2,1,16,Servicios,Alta,
400722,2025-06,Envasado,Línea 2,EQ-0462,Etiquetadora L2,B,Preventivo,PM02,Cerrada,23.8,24.7,767.4,840.0,4,0,0,Instrumentación,Media,
400723,2025-06,Servicios,N/A,EQ-0211,Chiller 1,A,Preventivo,PM02,Cerrada,15.8,16.4,626.7,655.2,9,0,2,Eléctrico,Baja,
400724,2025-06,Proceso,Línea 1,EQ-0311,Intercambiador P1,B,Preventivo,PM03,Cerrada,2.2,2.3,61.5,65.1,9,1,0,Eléctrico,Media,
400725,2025-06,Proceso,Línea 1,EQ-0310,Reactor P1,A,Preventivo,PM02,Cerrada,14.0,13.1,866.3,842.8,13,0,2,Instrumentación,Media,
400726,2025-06,Envasado,Línea 1,EQ-0461,Etiquetadora L1,A,Emergencia,PM05,Cerrada,28.0,34.4,1822.2,1376.5,14,0,0,Mecánico,Baja,
400727,2025-06,Envasado,Línea 3,EQ-0470,Paletizador,B,Preventivo,PM02,Cerrada,22.7,23.0,1116.0,1147.1,8,0,0,Eléctrico,Media,
400728,2025-06,Envasado,Línea 2,EQ-0457,Envasadora L2,A,Correctivo,PM01,Cerrada,18.3,33.6,1011.0,1289.4,4,0,4,Mecánico,Media,
400729,2025-06,Servicios,N/A,EQ-0202,Caldera 2,B,Preventivo,PM02,Cerrada,16.6,15.9,702.9,636.0,2,0,0,Instrumentación,Baja,
400730,2025-06,Servicios,N/A,EQ-0202,Caldera 2,B,Preventivo,PM02,Abierta,12.0,5.1,508.0,194.5,,0,0,Mecánico,Baja,
400731,2025-06,Servicios,N/A,EQ-0210,Compresor 3,B,Preventivo,PM02,Cerrada,7.4,7.9,171.4,175.3,7,0,2,Servicios,Media,
400732,2025-06,Envasado,Línea 2,EQ-0457,Envasadora L2,A,Correctivo,PM01,Cerrada,13.1,23.4,826.1,921.4,9,0,0,Mecánico,Media,
400733,2025-06,Proceso,Línea 2,EQ-0320,Mezclador P2,B,Preventivo,PM02,Cerrada,6.5,6.2,160.7,142.6,3,0,0,Eléctrico,Alta,
400734,2025-06,Envasado,Línea 3,EQ-0471,Transportador L3,C,Preventivo,PM02,Cerrada,11.0,10.9,382.6,377.9,6,0,4,Servicios,Baja,
400735,2025-06,Bodega,N/A,EQ-0601,Grúa horquilla 4,C,Preventivo,PM02,Cerrada,21.2,21.7,642.6,694.7,4,0,0,Mecánico,Baja,
400736,2025-06,Proceso,Línea 1,EQ-0310,Reactor P1,A,Preventivo,PM02,Cerrada,3.3,3.4,97.9,97.6,9,0,0,Servicios,Baja,
400737,2025-06,Envasado,Línea 1,EQ-0461,Etiquetadora L1,A,Preventivo,PM03,Cerrada,13.9,13.8,692.1,649.1,7,0,2,Mecánico,Baja,
400738,2025-06,Proceso,Línea 2,EQ-0320,Mezclador P2,B,Preventivo,PM02,Cerrada,10.4,10.0,272.2,265.3,3,0,1,Mecánico,Baja,
400739,2025-06,Proceso,Línea 2,EQ-0320,Mezclador P2,B,Correctivo,PM01,Cerrada,5.3,9.0,284.2,318.6,3,0,4,Mecánico,Baja,
400740,2025-06,Proceso,Línea 1,EQ-0331,Bomba de proceso,C,Emergencia,PM05,Cerrada,7.5,9.3,306.1,243.6,6,0,2,Mecánico,Media,
400741,2025-06,Proceso,Línea 2,EQ-0320,Mezclador P2,B,Preventivo,PM02,Cerrada,13.7,13.1,506.5,449.7,3,0,3,Mecánico,Alta,
400742,2025-07,Proceso,Línea 1,EQ-0331,Bomba de proceso,C,Preventivo,PM02,Cerrada,6.6,7.0,129.4,128.7,2,0,0,Mecánico,Media,
400743,2025-07,Proceso,Línea 1,EQ-0331,Bomba de proceso,C,Preventivo,PM02,Cerrada,5.6,6.1,158.3,165.1,10,0,4,Eléctrico,Baja,
400744,2025-07,Envasado,Línea 3,EQ-0471,Transportador L3,C,Preventivo,PM02,Cerrada,14.1,13.4,419.3,391.8,14,0,2,Mecánico,Baja,
400745,2025-07,Envasado,Línea 1,EQ-0461,Etiquetadora L1,A,Preventivo,PM02,Cerrada,10.9,11.5,340.3,336.3,8,0,0,Mecánico,Baja,
400746,2025-07,Envasado,Línea 2,EQ-0462,Etiquetadora L2,B,Preventivo,PM02,Abierta,8.0,0.9,197.3,69.1,,0,0,Mecánico,Media,
400747,2025-07,Servicios,N/A,EQ-0201,Caldera 1,A,Correctivo,PM01,Cerrada,28.2,38.6,2442.0,2082.4,5,0,0,Eléctrico,Baja,
400748,2025-07,Proceso,Línea 2,EQ-0330,Bomba CIP,B,Preventivo,PM02,Cerrada,3.9,3.6,103.6,100.2,2,0,0,Mecánico,Baja,
400749,2025-07,Servicios,N/A,EQ-0201,Caldera 1,A,Correctivo,PM01,Cerrada,13.5,21.5,1072.8,1191.6,7,0,0,Instrumentación,Media,
400750,2025-07,Envasado,Línea 1,EQ-0461,Etiquetadora L1,A,Preventivo,PM03,Cerrada,20.1,19.2,940.1,932.2,8,1,16,Eléctrico,Alta,
400751,2025-07,Servicios,N/A,EQ-0210,Compresor 3,B,Preventivo,PM03,Cerrada,9.4,8.8,267.8,246.4,5,10,0,Mecánico,Media,
400752,2025-07,Proceso,Línea 2,EQ-0330,Bomba CIP,B,Preventivo,PM03,Cerrada,3.4,3.5,93.7,97.1,10,0,6,Mecánico,Baja,
400753,2025-07,Envasado,Línea 1,EQ-0461,Etiquetadora L1,A,Preventivo,PM02,Cerrada,22.0,22.1,702.7,756.5,6,0,0,Mecánico,Baja,
400754,2025-07,Proceso,Línea 2,EQ-0320,Mezclador P2,B,Preventivo,PM02,Cerrada,23.5,23.2,1161.7,1111.8,5,0,4,Eléctrico,Media,
400755,2025-07,Servicios,N/A,EQ-0210,Compresor 3,B,Preventivo,PM03,Cerrada,19.4,21.6,695.5,722.5,4,0,1,Servicios,Alta,
400756,2025-07,Bodega,N/A,EQ-0601,Grúa horquilla 4,C,Preventivo,PM02,Cerrada,20.8,21.8,759.9,756.5,3,6,0,Mecánico,Media,
400757,2025-07,Proceso,Línea 2,EQ-0320,Mezclador P2,B,Preventivo,PM03,Cerrada,11.8,12.1,353.5,341.2,8,0,4,Eléctrico,Alta,
400758,2025-07,Envasado,Línea 2,EQ-0462,Etiquetadora L2,B,Preventivo,PM02,Cerrada,26.0,27.0,1155.8,1226.2,11,0,0,Eléctrico,Baja,
400759,2025-07,Proceso,Línea 1,EQ-0331,Bomba de proceso,C,Preventivo,PM02,Abierta,8.3,0.2,172.9,13.9,,8,0,Mecánico,Alta,
400760,2025-07,Proceso,Línea 1,EQ-0331,Bomba de proceso,C,Emergencia,PM05,Cerrada,12.1,17.5,564.4,506.9,12,0,1,Instrumentación,Alta,
400761,2025-07,Envasado,Línea 3,EQ-0471,Transportador L3,C,Preventivo,PM02,Cerrada,15.2,14.6,336.6,333.3,12,0,2,Servicios,Media,
400762,2025-07,Envasado,Línea 2,EQ-0462,Etiquetadora L2,B,Correctivo,PM01,Cerrada,11.3,17.8,780.6,881.7,6,0,0,Eléctrico,Alta,
400763,2025-07,Proceso,Línea 1,EQ-0310,Reactor P1,A,Preventivo,PM03,Cerrada,22.2,23.4,1232.2,1317.3,8,0,5,Mecánico,Media,
400764,2025-07,Envasado,Línea 2,EQ-0462,Etiquetadora L2,B,Preventivo,PM02,Cerrada,22.0,22.5,1005.9,1010.7,7,0,0,Eléctrico,Media,
400765,2025-07,Envasado,Línea 2,EQ-0457,Envasadora L2,A,Preventivo,PM03,Cerrada,21.9,20.5,1247.4,1245.1,11,0,0,Instrumentación,Baja,
400766,2025-07,Proceso,Línea 1,EQ-0310,Reactor P1,A,Correctivo,PM01,Cerrada,18.0,23.3,1005.7,848.3,4,6,0,Instrumentación,Alta,
400767,2025-07,Envasado,Línea 2,EQ-0457,Envasadora L2,A,Preventivo,PM02,Cerrada,17.1,18.5,1002.8,1026.9,9,0,0,Mecánico,Alta,
400768,2025-07,Servicios,N/A,EQ-0211,Chiller 1,A,Preventivo,PM02,Cerrada,10.9,10.3,591.0,567.2,2,0,0,Mecánico,Baja,
400769,2025-07,Servicios,N/A,EQ-0202,Caldera 2,B,Preventivo,PM02,Abierta,20.0,7.7,988.1,449.4,,0,0,Eléctrico,Media,
400770,2025-07,Envasado,Línea 3,EQ-0470,Paletizador,B,Emergencia,PM05,Cerrada,8.9,10.8,533.3,459.2,8,0,4,Instrumentación,Media,
400771,2025-07,Proceso,Línea 1,EQ-0311,Intercambiador P1,B,Preventivo,PM02,Cerrada,15.7,16.9,622.6,654.2,1,0,0,Eléctrico,Baja,
400772,2025-07,Envasado,Línea 2,EQ-0462,Etiquetadora L2,B,Preventivo,PM02,Cerrada,12.3,12.3,323.8,346.1,5,0,2,Instrumentación,Baja,
400773,2025-07,Servicios,N/A,EQ-0202,Caldera 2,B,Correctivo,PM01,Cerrada,9.2,11.4,514.7,395.2,2,11,1,Mecánico,Media,
400774,2025-07,Servicios,N/A,EQ-0211,Chiller 1,A,Preventivo,PM02,Cerrada,11.3,12.0,539.6,544.7,6,0,6,Eléctrico,Alta,
400775,2025-07,Servicios,N/A,EQ-0211,Chiller 1,A,Preventivo,PM02,Cerrada,25.4,28.3,1204.9,1355.8,8,0,4,Eléctrico,Media,
400776,2025-07,Envasado,Línea 1,EQ-0455,Envasadora L1,A,Preventivo,PM02,Cerrada,14.9,14.3,865.1,771.4,15,7,0,Instrumentación,Baja,
400777,2025-07,Servicios,N/A,EQ-0202,Caldera 2,B,Mejora,PM04,Cerrada,21.4,22.6,784.4,792.1,6,0,0,Instrumentación,Media,
400778,2025-07,Proceso,Línea 1,EQ-0331,Bomba de proceso,C,Preventivo,PM02,Cerrada,5.9,6.1,187.9,209.0,10,0,0,Instrumentación,Media,
400779,2025-07,Proceso,Línea 1,EQ-0310,Reactor P1,A,Preventivo,PM02,Cerrada,11.7,11.4,597.3,594.6,1,2,4,Instrumentación,Media,
400780,2025-07,Envasado,Línea 2,EQ-0462,Etiquetadora L2,B,Preventivo,PM02,Abierta,19.5,4.8,720.8,68.0,,0,0,Servicios,Baja,
400781,2025-07,Envasado,Línea 3,EQ-0470,Paletizador,B,Preventivo,PM02,Cerrada,22.3,23.7,962.3,1058.0,7,0,0,Eléctrico,Media,
400782,2025-07,Servicios,N/A,EQ-0202,Caldera 2,B,Emergencia,PM05,Cerrada,28.1,54.1,1759.1,2268.2,1,0,2,Mecánico,Alta,
400783,2025-07,Envasado,Línea 2,EQ-0462,Etiquetadora L2,B,Preventivo,PM02,Cerrada,21.4,20.2,737.7,716.8,13,0,0,Mecánico,Alta,
400784,2025-07,Envasado,Línea 3,EQ-0471,Transportador L3,C,Preventivo,PM02,Cerrada,3.9,4.1,116.6,128.5,7,2,16,Eléctrico,Baja,
400785,2025-07,Envasado,Línea 1,EQ-0461,Etiquetadora L1,A,Preventivo,PM02,Cerrada,19.1,20.9,1159.3,1319.3,7,0,4,Mecánico,Alta,
400786,2025-07,Proceso,Línea 2,EQ-0320,Mezclador P2,B,Preventivo,PM02,Cerrada,10.2,10.2,303.5,325.7,8,0,4,Instrumentación,Alta,
400787,2025-07,Servicios,N/A,EQ-0210,Compresor 3,B,Mejora,PM04,Cerrada,11.7,11.7,345.3,334.4,6,0,0,Mecánico,Media,
400788,2025-07,Envasado,Línea 2,EQ-0462,Etiquetadora L2,B,Correctivo,PM01,Cerrada,30.2,42.3,1626.5,1481.6,11,0,0,Mecánico,Baja,
400789,2025-07,Envasado,Línea 1,EQ-0455,Envasadora L1,A,Preventivo,PM02,Cerrada,4.6,5.1,185.2,191.5,12,0,0,Eléctrico,Media,
400790,2025-07,Proceso,Línea 2,EQ-0330,Bomba CIP,B,Correctivo,PM01,Cerrada,22.2,31.8,858.6,776.6,5,0,0,Instrumentación,Media,
400791,2025-07,Envasado,Línea 2,EQ-0457,Envasadora L2,A,Correctivo,PM01,Cerrada,19.1,35.9,1730.8,2087.7,14,0,0,Mecánico,Baja,
400792,2025-07,Proceso,Línea 1,EQ-0310,Reactor P1,A,Correctivo,PM01,Cerrada,7.2,13.0,667.0,788.7,5,0,0,Eléctrico,Alta,
400793,2025-07,Envasado,Línea 3,EQ-0470,Paletizador,B,Mejora,PM04,Cerrada,3.8,4.2,111.0,113.2,8,5,1,Mecánico,Media,
400794,2025-07,Bodega,N/A,EQ-0601,Grúa horquilla 4,C,Preventivo,PM02,Cerrada,24.7,22.9,546.6,481.8,12,0,4,Eléctrico,Media,
400795,2025-07,Envasado,Línea 1,EQ-0455,Envasadora L1,A,Correctivo,PM01,Abierta,14.9,5.4,1048.0,212.5,,0,2,Mecánico,Media,
400796,2025-07,Envasado,Línea 2,EQ-0462,Etiquetadora L2,B,Correctivo,PM01,Cerrada,15.9,20.8,1112.0,1045.9,1,0,4,Mecánico,Alta,
400797,2025-07,Proceso,Línea 2,EQ-0320,Mezclador P2,B,Preventivo,PM02,Cerrada,5.8,5.6,272.3,279.6,8,0,2,Eléctrico,Media,
400798,2025-07,Servicios,N/A,EQ-0201,Caldera 1,A,Correctivo,PM01,Cerrada,4.5,5.9,254.7,231.0,5,0,0,Mecánico,Baja,
400799,2025-07,Proceso,Línea 1,EQ-0331,Bomba de proceso,C,Preventivo,PM02,Cerrada,15.1,15.7,488.4,524.7,10,10,20,Mecánico,Alta,
400800,2025-07,Envasado,Línea 3,EQ-0471,Transportador L3,C,Preventivo,PM02,Cerrada,20.4,20.4,509.7,489.0,13,0,0,Mecánico,Media,
400801,2025-07,Bodega,N/A,EQ-0601,Grúa horquilla 4,C,Mejora,PM04,Cerrada,11.5,11.2,331.4,302.6,11,0,2,Mecánico,Baja,
400802,2025-07,Envasado,Línea 1,EQ-0455,Envasadora L1,A,Emergencia,PM05,Cerrada,3.7,8.0,277.2,394.8,3,0,0,Eléctrico,Baja,
400803,2025-07,Servicios,N/A,EQ-0201,Caldera 1,A,Preventivo,PM03,Cerrada,8.0,8.8,303.8,307.8,13,0,0,Eléctrico,Media,
400804,2025-07,Envasado,Línea 1,EQ-0461,Etiquetadora L1,A,Preventivo,PM02,Abierta,12.7,2.4,548.2,27.3,,0,0,Mecánico,Media,
400805,2025-07,Proceso,Línea 2,EQ-0330,Bomba CIP,B,Mejora,PM04,Cerrada,2.7,2.5,132.2,133.3,5,0,0,Eléctrico,Media,
400806,2025-07,Envasado,Línea 1,EQ-0455,Envasadora L1,A,Preventivo,PM02,Cerrada,19.4,18.7,929.0,904.5,15,0,0,Instrumentación,Media,
400807,2025-07,Servicios,N/A,EQ-0201,Caldera 1,A,Preventivo,PM03,Abierta,13.3,4.9,725.6,87.9,,0,0,Mecánico,Media,
400808,2025-07,Proceso,Línea 1,EQ-0331,Bomba de proceso,C,Preventivo,PM02,Cerrada,6.4,7.0,224.5,263.4,1,11,4,Mecánico,Media,
400809,2025-07,Proceso,Línea 1,EQ-0310,Reactor P1,A,Correctivo,PM01,Cerrada,27.7,44.4,2010.8,2252.9,1,0,0,Eléctrico,Media,
400810,2025-07,Envasado,Línea 1,EQ-0455,Envasadora L1,A,Correctivo,PM01,Cerrada,30.4,47.7,1895.9,2085.9,13,4,2,Mecánico,Baja,
400811,2025-07,Envasado,Línea 2,EQ-0457,Envasadora L2,A,Preventivo,PM02,Cerrada,20.8,19.6,1047.7,1051.7,7,0,0,Mecánico,Alta,
400812,2025-07,Envasado,Línea 2,EQ-0457,Envasadora L2,A,Correctivo,PM01,Cerrada,27.2,36.2,2414.2,2029.7,2,1,0,Mecánico,Baja,
400813,2025-07,Envasado,Línea 2,EQ-0462,Etiquetadora L2,B,Preventivo,PM02,Cerrada,13.8,13.7,370.0,380.7,8,0,0,Eléctrico,Media,
400814,2025-07,Envasado,Línea 2,EQ-0457,Envasadora L2,A,Correctivo,PM01,Cerrada,27.1,49.5,1733.5,1960.1,2,0,0,Eléctrico,Media,
400815,2025-07,Envasado,Línea 1,EQ-0461,Etiquetadora L1,A,Correctivo,PM01,Cerrada,18.9,33.9,1759.4,2262.9,10,0,0,Servicios,Media,
400816,2025-07,Proceso,Línea 1,EQ-0331,Bomba de proceso,C,Correctivo,PM01,Cerrada,3.7,5.3,101.5,91.9,1,0,0,Mecánico,Media,
400817,2025-07,Servicios,N/A,EQ-0202,Caldera 2,B,Preventivo,PM02,Cerrada,22.4,21.2,518.8,458.6,7,0,0,Servicios,Baja,
400818,2025-07,Envasado,Línea 1,EQ-0461,Etiquetadora L1,A,Correctivo,PM01,Abierta,30.7,3.8,1796.2,334.1,,30,0,Mecánico,Media,Requiere parada de planta
400819,2025-07,Envasado,Línea 3,EQ-0470,Paletizador,B,Preventivo,PM02,Cerrada,5.3,5.9,210.9,236.0,3,9,22,Servicios,Baja,
400820,2025-07,Servicios,N/A,EQ-0202,Caldera 2,B,Preventivo,PM02,Cerrada,12.7,13.6,532.9,538.5,5,0,5,Eléctrico,Baja,
400821,2025-07,Envasado,Línea 2,EQ-0462,Etiquetadora L2,B,Preventivo,PM02,Cerrada,8.8,8.4,337.0,316.1,13,0,1,Mecánico,Baja,
400822,2025-07,Envasado,Línea 1,EQ-0461,Etiquetadora L1,A,Emergencia,PM05,Cerrada,9.1,13.4,602.8,583.4,5,0,0,Eléctrico,Baja,
400823,2025-07,Proceso,Línea 2,EQ-0320,Mezclador P2,B,Preventivo,PM03,Abierta,25.6,11.0,665.4,43.0,,11,8,Mecánico,Media,
400824,2025-07,Envasado,Línea 1,EQ-0455,Envasadora L1,A,Preventivo,PM03,Cerrada,25.0,27.4,1033.3,1075.9,15,4,20,Mecánico,Media,
400825,2025-07,Proceso,Línea 1,EQ-0311,Intercambiador P1,B,Preventivo,PM02,Cerrada,16.9,15.6,513.1,466.5,14,0,0,Mecánico,Alta,
400826,2025-07,Proceso,Línea 2,EQ-0330,Bomba CIP,B,Emergencia,PM05,Cerrada,29.8,46.4,1452.6,1614.6,4,0,0,Eléctrico,Media,
400827,2025-07,Proceso,Línea 2,EQ-0320,Mezclador P2,B,Preventivo,PM03,Cerrada,11.3,11.1,290.3,304.5,10,0,0,Servicios,Alta,
400828,2025-07,Envasado,Línea 2,EQ-0457,Envasadora L2,A,Emergencia,PM05,Cerrada,17.5,28.7,1080.8,1194.3,14,0,4,Mecánico,Media,
400829,2025-07,Servicios,N/A,EQ-0211,Chiller 1,A,Correctivo,PM01,Cerrada,3.1,6.7,289.3,437.2,7,0,0,Eléctrico,Media,
400830,2025-07,Servicios,N/A,EQ-0210,Compresor 3,B,Emergencia,PM05,Cerrada,2.7,4.6,174.5,196.9,2,0,0,Eléctrico,Baja,
400831,2025-07,Servicios,N/A,EQ-0210,Compresor 3,B,Correctivo,PM01,Cerrada,31.2,65.7,1818.2,2614.3,2,0,2,Mecánico,Media,
400832,2025-07,Proceso,Línea 1,EQ-0310,Reactor P1,A,Preventivo,PM02,Cerrada,17.5,19.0,1019.0,1044.9,2,3,0,Eléctrico,Baja,
400833,2025-07,Envasado,Línea 2,EQ-0457,Envasadora L2,A,Preventivo,PM02,Cerrada,9.4,9.7,343.7,349.4,12,0,0,Servicios,Alta,
400834,2025-07,Bodega,N/A,EQ-0601,Grúa horquilla 4,C,Preventivo,PM02,Cerrada,6.2,6.2,186.6,194.4,5,8,16,Mecánico,Media,
400835,2025-07,Servicios,N/A,EQ-0210,Compresor 3,B,Correctivo,PM01,Cerrada,31.6,36.8,1474.7,1212.9,3,0,1,Mecánico,Baja,
400836,2025-07,Envasado,Línea 2,EQ-0457,Envasadora L2,A,Correctivo,PM01,Abierta,7.9,2.3,634.7,418.0,,17,0,Instrumentación,Baja,
400837,2025-07,Proceso,Línea 2,EQ-0330,Bomba CIP,B,Correctivo,PM01,Cerrada,23.0,48.4,1617.4,2364.9,4,0,2,Eléctrico,Media,
400838,2025-07,Envasado,Línea 2,EQ-0457,Envasadora L2,A,Correctivo,PM01,Cerrada,28.3,61.6,2297.3,3095.9,1,0,0,Eléctrico,Media,
400839,2025-07,Proceso,Línea 1,EQ-0311,Intercambiador P1,B,Preventivo,PM03,Cerrada,2.4,2.5,96.2,97.8,3,7,16,Eléctrico,Media,
400840,2025-07,Envasado,Línea 3,EQ-0470,Paletizador,B,Preventivo,PM03,Cerrada,2.2,2.1,96.2,97.0,8,6,0,Mecánico,Baja,
400841,2025-07,Proceso,Línea 2,EQ-0320,Mezclador P2,B,Correctivo,PM01,Cerrada,25.3,52.7,940.5,1359.2,1,4,0,Eléctrico,Media,
400842,2025-07,Envasado,Línea 2,EQ-0457,Envasadora L2,A,Preventivo,PM03,Abierta,19.8,6.0,990.3,32.0,,11,2,Instrumentación,Baja,
400843,2025-07,Bodega,N/A,EQ-0601,Grúa horquilla 4,C,Correctivo,PM01,Cerrada,23.4,46.4,772.5,1030.9,14,0,6,Eléctrico,Alta,
400844,2025-07,Proceso,Línea 1,EQ-0331,Bomba de proceso,C,Mejora,PM04,Cerrada,6.5,7.2,216.7,232.6,6,0,2,Mecánico,Media,
400845,2025-07,Proceso,Línea 1,EQ-0310,Reactor P1,A,Correctivo,PM01,Cerrada,19.7,24.4,1803.4,1398.4,8,0,0,Mecánico,Baja,
400846,2025-07,Servicios,N/A,EQ-0202,Caldera 2,B,Predictivo,PM06,Abierta,24.1,5.4,692.1,193.0,,28,0,Mecánico,Media,Requiere parada de planta
400847,2025-07,Servicios,N/A,EQ-0211,Chiller 1,A,Preventivo,PM03,Cerrada,4.2,4.0,239.6,214.8,13,0,2,Eléctrico,Alta,
400848,2025-07,Envasado,Línea 2,EQ-0457,Envasadora L2,A,Correctivo,PM01,Cerrada,29.9,62.9,2210.5,3120.2,6,0,2,Eléctrico,Media,
400849,2025-07,Servicios,N/A,EQ-0211,Chiller 1,A,Correctivo,PM01,Cerrada,29.3,60.8,1358.4,1934.9,7,0,0,Mecánico,Baja,
400850,2025-07,Servicios,N/A,EQ-0211,Chiller 1,A,Correctivo,PM01,Cerrada,14.1,22.3,688.6,730.6,10,0,0,Mecánico,Baja,
400851,2025-07,Servicios,N/A,EQ-0201,Caldera 1,A,Correctivo,PM01,Cerrada,9.4,15.5,733.8,833.0,2,11,0,Mecánico,Media,
400852,2025-07,Envasado,Línea 2,EQ-0457,Envasadora L2,A,Correctivo,PM01,Cerrada,6.4,12.9,527.7,698.6,11,4,3,Mecánico,Alta,
400853,2025-07,Servicios,N/A,EQ-0202,Caldera 2,B,Correctivo,PM01,Cerrada,5.7,8.3,216.0,198.4,7,0,1,Mecánico,Alta,
400854,2025-07,Envasado,Línea 1,EQ-0461,Etiquetadora L1,A,Correctivo,PM01,Cerrada,6.6,11.8,367.7,402.1,6,0,0,Eléctrico,Media,
400855,2025-07,Envasado,Línea 2,EQ-0457,Envasadora L2,A,Emergencia,PM05,Cerrada,23.2,37.1,2122.3,2278.1,2,0,0,Instrumentación,Baja,
400856,2025-07,Envasado,Línea 1,EQ-0461,Etiquetadora L1,A,Emergencia,PM05,Cerrada,12.5,18.1,649.0,605.3,7,0,0,Mecánico,Alta,
400857,2025-07,Envasado,Línea 2,EQ-0457,Envasadora L2,A,Preventivo,PM02,Cerrada,16.2,17.8,728.0,871.4,15,0,2,Mecánico,Media,
400858,2025-07,Proceso,Línea 1,EQ-0310,Reactor P1,A,Emergencia,PM05,Cerrada,23.8,30.9,1472.3,1365.3,2,0,0,Eléctrico,Media,
400859,2025-07,Envasado,Línea 3,EQ-0471,Transportador L3,C,Correctivo,PM01,Cerrada,28.9,59.1,1221.9,1746.7,12,0,0,Mecánico,Alta,
400860,2025-07,Bodega,N/A,EQ-0601,Grúa horquilla 4,C,Preventivo,PM02,Cerrada,11.1,10.5,332.7,339.2,2,0,0,Mecánico,Media,
400861,2025-07,Envasado,Línea 3,EQ-0471,Transportador L3,C,Preventivo,PM02,Cerrada,17.9,19.6,335.6,379.1,1,9,0,Instrumentación,Media,
400862,2025-07,Envasado,Línea 1,EQ-0461,Etiquetadora L1,A,Preventivo,PM02,Cerrada,4.4,4.2,246.6,228.7,4,5,2,Mecánico,Baja,
400863,2025-07,Envasado,Línea 3,EQ-0471,Transportador L3,C,Preventivo,PM02,Cerrada,20.9,22.5,519.7,579.1,7,6,16,Eléctrico,Alta,
400864,2025-07,Proceso,Línea 1,EQ-0310,Reactor P1,A,Correctivo,PM01,Cerrada,13.6,24.0,877.5,1001.8,14,0,0,Eléctrico,Baja,
400865,2025-07,Envasado,Línea 3,EQ-0470,Paletizador,B,Preventivo,PM02,Cerrada,22.4,22.0,1007.3,1066.0,13,0,0,Eléctrico,Media,
400866,2025-07,Servicios,N/A,EQ-0211,Chiller 1,A,Preventivo,PM02,Cerrada,6.4,7.2,263.0,293.6,14,0,0,Instrumentación,Media,
400867,2025-07,Envasado,Línea 3,EQ-0471,Transportador L3,C,Preventivo,PM02,Cerrada,16.9,18.9,415.6,432.1,8,0,0,Mecánico,Alta,
400868,2025-07,Envasado,Línea 2,EQ-0462,Etiquetadora L2,B,Correctivo,PM01,Cerrada,20.2,26.3,844.4,762.1,11,0,0,Eléctrico,Media,
400869,2025-07,Envasado,Línea 2,EQ-0457,Envasadora L2,A,Correctivo,PM01,Cerrada,23.1,38.9,1709.5,1996.9,11,0,1,Eléctrico,Alta,
400870,2025-07,Envasado,Línea 3,EQ-0470,Paletizador,B,Correctivo,PM01,Cerrada,6.2,12.5,375.3,485.4,11,8,4,Eléctrico,Baja,
400871,2025-07,Envasado,Línea 3,EQ-0471,Transportador L3,C,Correctivo,PM01,Cerrada,8.6,17.3,325.3,468.3,9,0,0,Mecánico,Media,
400872,2025-07,Servicios,N/A,EQ-0201,Caldera 1,A,Correctivo,PM01,Abierta,3.0,1.2,172.2,46.5,,5,0,Mecánico,Baja,
400873,2025-08,Proceso,Línea 2,EQ-0330,Bomba CIP,B,Preventivo,PM02,Cerrada,20.6,23.0,616.9,653.5,14,0,2,Instrumentación,Media,
400874,2025-08,Envasado,Línea 1,EQ-0455,Envasadora L1,A,Correctivo,PM01,Cerrada,15.1,31.3,931.5,1293.3,14,8,1,Eléctrico,Alta,
400875,2025-08,Envasado,Línea 2,EQ-0457,Envasadora L2,A,Correctivo,PM01,Cerrada,23.5,36.9,2030.0,2124.4,12,0,0,Mecánico,Baja,
400876,2025-08,Servicios,N/A,EQ-0202,Caldera 2,B,Correctivo,PM01,Abierta,20.3,1.3,1212.7,846.4,,15,0,Eléctrico,Media,
400877,2025-08,Envasado,Línea 1,EQ-0461,Etiquetadora L1,A,Preventivo,PM02,Cerrada,6.7,6.7,260.0,244.4,13,0,0,Servicios,Baja,
400878,2025-08,Envasado,Línea 1,EQ-0461,Etiquetadora L1,A,Correctivo,PM01,Cerrada,16.8,33.4,846.8,1085.7,3,10,0,Mecánico,Media,
400879,2025-08,Envasado,Línea 3,EQ-0470,Paletizador,B,Preventivo,PM02,Cerrada,10.0,10.9,297.2,298.9,11,0,4,Mecánico,Media,
400880,2025-08,Servicios,N/A,EQ-0211,Chiller 1,A,Preventivo,PM03,Cerrada,11.0,12.1,546.9,629.0,8,10,16,Eléctrico,Alta,
400881,2025-08,Envasado,Línea 1,EQ-0461,Etiquetadora L1,A,Preventivo,PM02,Cerrada,14.2,14.5,888.3,847.6,5,0,0,Mecánico,Media,
400882,2025-08,Servicios,N/A,EQ-0201,Caldera 1,A,Mejora,PM04,Cerrada,16.0,14.9,703.0,621.9,11,0,1,Eléctrico,Media,
400883,2025-08,Servicios,N/A,EQ-0202,Caldera 2,B,Preventivo,PM02,Cerrada,9.1,9.9,343.1,380.7,10,10,0,Instrumentación,Media,
400884,2025-08,Proceso,Línea 1,EQ-0310,Reactor P1,A,Correctivo,PM01,Cerrada,23.4,50.8,2106.4,2990.5,6,0,0,Mecánico,Baja,
400885,2025-08,Proceso,Línea 2,EQ-0320,Mezclador P2,B,Preventivo,PM03,Cerrada,19.3,20.8,548.2,560.4,12,0,0,Eléctrico,Alta,
400886,2025-08,Bodega,N/A,EQ-0601,Grúa horquilla 4,C,Preventivo,PM03,Cerrada,2.0,2.0,39.8,38.3,11,0,0,Eléctrico,Alta,
400887,2025-08,Envasado,Línea 3,EQ-0470,Paletizador,B,Preventivo,PM02,Cerrada,17.5,17.6,722.8,679.3,5,0,0,Servicios,Baja,
400888,2025-08,Bodega,N/A,EQ-0601,Grúa horquilla 4,C,Preventivo,PM02,Cerrada,25.4,25.0,559.2,515.1,3,0,0,Mecánico,Media,
400889,2025-08,Proceso,Línea 1,EQ-0310,Reactor P1,A,Preventivo,PM02,Cerrada,16.0,14.8,1009.3,910.0,9,0,0,Eléctrico,Baja,
400890,2025-08,Envasado,Línea 3,EQ-0471,Transportador L3,C,Preventivo,PM02,Cerrada,25.9,23.9,868.7,776.6,1,0,0,Mecánico,Media,
400891,2025-08,Envasado,Línea 1,EQ-0461,Etiquetadora L1,A,Preventivo,PM03,Cerrada,14.3,15.8,711.8,754.1,4,0,0,Mecánico,Baja,
400892,2025-08,Envasado,Línea 2,EQ-0462,Etiquetadora L2,B,Mejora,PM04,Cerrada,4.2,4.6,195.2,202.6,12,0,0,Eléctrico,Alta,
400893,2025-08,Envasado,Línea 2,EQ-0462,Etiquetadora L2,B,Mejora,PM04,Cerrada,9.4,9.4,313.0,337.1,2,0,2,Eléctrico,Media,
400894,2025-08,Envasado,Línea 2,EQ-0462,Etiquetadora L2,B,Preventivo,PM02,Cerrada,13.3,14.7,482.2,508.7,12,0,0,Servicios,Media,
400895,2025-08,Proceso,Línea 2,EQ-0330,Bomba CIP,B,Predictivo,PM06,Cerrada,3.7,4.1,169.7,198.6,13,0,0,Eléctrico,Alta,
400896,2025-08,Servicios,N/A,EQ-0201,Caldera 1,A,Preventivo,PM02,Cerrada,16.7,17.6,530.7,546.2,1,0,0,Instrumentación,Media,
400897,2025-08,Envasado,Línea 3,EQ-0471,Transportador L3,C,Correctivo,PM01,Abierta,17.4,6.7,775.6,218.0,,4,0,Instrumentación,Media,
400898,2025-08,Proceso,Línea 2,EQ-0330,Bomba CIP,B,Preventivo,PM02,Cerrada,24.0,22.9,831.8,744.8,2,0,0,Mecánico,Media,
400899,2025-08,Envasado,Línea 2,EQ-0462,Etiquetadora L2,B,Preventivo,PM02,Cerrada,13.2,14.5,528.9,621.8,6,0,0,Servicios,Media,
400900,2025-08,Envasado,Línea 2,EQ-0462,Etiquetadora L2,B,Emergencia,PM05,Cerrada,19.2,33.4,811.5,960.4,11,0,0,Eléctrico,Alta,
400901,2025-08,Proceso,Línea 2,EQ-0330,Bomba CIP,B,Preventivo,PM03,Cerrada,11.3,10.7,518.9,514.2,9,0,0,Servicios,Baja,
400902,2025-08,Proceso,Línea 2,EQ-0330,Bomba CIP,B,Emergencia,PM05,Abierta,3.9,1.3,133.0,48.1,,19,2,Eléctrico,Media,
400903,2025-08,Proceso,Línea 1,EQ-0310,Reactor P1,A,Preventivo,PM02,Abierta,2.0,0.3,83.3,34.9,,17,16,Instrumentación,Baja,
400904,2025-08,Servicios,N/A,EQ-0201,Caldera 1,A,Correctivo,PM01,Cerrada,21.2,31.1,1135.9,1200.1,1,0,0,Servicios,Baja,
400905,2025-08,Proceso,Línea 2,EQ-0320,Mezclador P2,B,Correctivo,PM01,Cerrada,23.3,43.5,901.6,1120.1,3,0,0,Servicios,Alta,
400906,2025-08,Proceso,Línea 1,EQ-0310,Reactor P1,A,Predictivo,PM06,Abierta,12.7,5.7,778.4,191.1,,11,0,Servicios,Media,
400907,2025-08,Envasado,Línea 3,EQ-0471,Transportador L3,C,Preventivo,PM03,Cerrada,22.3,21.8,720.6,657.1,5,0,3,Mecánico,Baja,
400908,2025-08,Envasado,Línea 1,EQ-0461,Etiquetadora L1,A,Correctivo,PM01,Cerrada,6.1,8.2,322.3,286.9,10,0,0,Mecánico,Baja,
400909,2025-08,Proceso,Línea 2,EQ-0330,Bomba CIP,B,Correctivo,PM01,Cerrada,16.9,27.9,613.2,674.3,9,0,0,Mecánico,Baja,
400910,2025-08,Proceso,Línea 2,EQ-0330,Bomba CIP,B,Preventivo,PM02,Cerrada,13.6,13.5,473.8,510.0,13,0,2,Servicios,Alta,
400911,2025-08,Servicios,N/A,EQ-0210,Compresor 3,B,Preventivo,PM03,Cerrada,7.5,7.8,262.8,254.1,9,0,2,Eléctrico,Baja,
400912,2025-08,Proceso,Línea 1,EQ-0331,Bomba de proceso,C,Preventivo,PM02,Cerrada,14.4,13.5,518.2,466.4,4,0,2,Eléctrico,Baja,
400913,2025-08,Proceso,Línea 1,EQ-0331,Bomba de proceso,C,Mejora,PM04,Cerrada,5.6,5.4,98.2,100.9,4,9,4,Instrumentación,Media,
400914,2025-08,Envasado,Línea 3,EQ-0471,Transportador L3,C,Correctivo,PM01,Cerrada,5.9,8.0,181.7,156.3,13,0,0,Eléctrico,Baja,
400915,2025-08,Envasado,Línea 1,EQ-0461,Etiquetadora L1,A,Correctivo,PM01,Cerrada,22.9,28.8,1025.5,899.0,1,11,0,Servicios,Baja,
400916,2025-08,Proceso,Línea 1,EQ-0310,Reactor P1,A,Preventivo,PM02,Cerrada,20.8,20.0,1310.9,1243.7,10,0,0,Eléctrico,Media,
400917,2025-08,Envasado,Línea 1,EQ-0461,Etiquetadora L1,A,Preventivo,PM02,Cerrada,9.3,10.0,487.1,516.8,3,0,0,Eléctrico,Media,
400918,2025-08,Proceso,Línea 1,EQ-0331,Bomba de proceso,C,Preventivo,PM03,Cerrada,16.9,18.9,621.4,734.6,2,0,0,Mecánico,Media,
400919,2025-08,Servicios,N/A,EQ-0201,Caldera 1,A,Preventivo,PM02,Abierta,19.7,2.2,850.3,197.1,,12,0,Mecánico,Alta,
400920,2025-08,Proceso,Línea 2,EQ-0320,Mezclador P2,B,Preventivo,PM02,Cerrada,4.1,3.8,172.6,156.7,6,0,0,Instrumentación,Media,
400921,2025-08,Envasado,Línea 1,EQ-0461,Etiquetadora L1,A,Preventivo,PM02,Cerrada,13.6,13.8,636.9,612.3,13,0,0,Eléctrico,Alta,
400922,2025-08,Proceso,Línea 2,EQ-0330,Bomba CIP,B,Correctivo,PM01,Cerrada,10.1,15.6,723.8,779.8,12,0,0,Eléctrico,Media,
400923,2025-08,Envasado,Línea 2,EQ-0457,Envasadora L2,A,Correctivo,PM01,Cerrada,29.6,54.3,2772.6,3129.6,7,0,1,Eléctrico,Media,
400924,2025-08,Envasado,Línea 1,EQ-0455,Envasadora L1,A,Correctivo,PM01,Cerrada,32.4,46.6,1648.2,1615.7,1,0,1,Servicios,Alta,
400925,2025-08,Proceso,Línea 2,EQ-0330,Bomba CIP,B,Preventivo,PM02,Cerrada,15.9,14.7,383.3,348.5,1,0,0,Mecánico,Alta,
400926,2025-08,Envasado,Línea 3,EQ-0471,Transportador L3,C,Preventivo,PM02,Abierta,4.8,0.9,134.2,67.5,,0,2,Eléctrico,Alta,
400927,2025-08,Proceso,Línea 2,EQ-0320,Mezclador P2,B,Preventivo,PM02,Cerrada,18.8,20.2,714.1,729.1,9,9,0,Instrumentación,Baja,
400928,2025-08,Envasado,Línea 3,EQ-0470,Paletizador,B,Preventivo,PM03,Cerrada,18.9,18.4,892.5,914.5,7,8,2,Instrumentación,Baja,
400929,2025-08,Envasado,Línea 2,EQ-0457,Envasadora L2,A,Predictivo,PM06,Cerrada,13.9,13.6,747.6,694.2,13,0,6,Eléctrico,Media,
400930,2025-08,Bodega,N/A,EQ-0601,Grúa horquilla 4,C,Preventivo,PM02,Cerrada,7.4,6.9,252.6,238.5,14,0,0,Eléctrico,Alta,
400931,2025-08,Envasado,Línea 3,EQ-0470,Paletizador,B,Preventivo,PM02,Cerrada,9.9,9.5,336.7,301.8,11,0,0,Instrumentación,Media,
400932,2025-08,Envasado,Línea 1,EQ-0461,Etiquetadora L1,A,Correctivo,PM01,Abierta,15.6,4.3,729.4,3.8,,0,0,Eléctrico,Alta,
400933,2025-08,Envasado,Línea 3,EQ-0470,Paletizador,B,Emergencia,PM05,Abierta,23.6,3.7,1093.6,178.9,,16,0,Eléctrico,Media,
400934,2025-08,Servicios,N/A,EQ-0201,Caldera 1,A,Emergencia,PM05,Abierta,12.6,4.2,1019.4,471.3,,26,0,Mecánico,Alta,Requiere parada de planta
400935,2025-08,Servicios,N/A,EQ-0202,Caldera 2,B,Preventivo,PM02,Cerrada,6.8,7.2,203.3,205.1,13,0,0,Mecánico,Alta,
400936,2025-08,Envasado,Línea 3,EQ-0471,Transportador L3,C,Preventivo,PM02,Cerrada,15.4,15.6,453.5,464.6,10,0,0,Mecánico,Baja,
400937,2025-08,Envasado,Línea 3,EQ-0471,Transportador L3,C,Preventivo,PM03,Cerrada,11.0,11.4,336.5,340.7,7,0,4,Mecánico,Alta,
400938,2025-08,Proceso,Línea 1,EQ-0311,Intercambiador P1,B,Correctivo,PM01,Cerrada,14.8,19.7,545.8,465.4,8,0,4,Eléctrico,Baja,
400939,2025-08,Servicios,N/A,EQ-0202,Caldera 2,B,Preventivo,PM03,Cerrada,2.9,2.8,80.6,80.7,1,0,0,Mecánico,Baja,
400940,2025-08,Servicios,N/A,EQ-0210,Compresor 3,B,Preventivo,PM02,Cerrada,9.0,8.4,262.0,228.2,6,0,0,Eléctrico,Media,
400941,2025-08,Envasado,Línea 3,EQ-0471,Transportador L3,C,Preventivo,PM02,Cerrada,25.0,23.7,691.7,608.5,3,0,0,Instrumentación,Alta,
400942,2025-08,Envasado,Línea 3,EQ-0471,Transportador L3,C,Correctivo,PM01,Cerrada,23.0,47.1,810.1,1107.1,3,0,0,Eléctrico,Alta,
400943,2025-08,Envasado,Línea 2,EQ-0457,Envasadora L2,A,Predictivo,PM06,Cerrada,12.0,12.4,426.7,464.4,4,0,4,Instrumentación,Media,
400944,2025-08,Servicios,N/A,EQ-0202,Caldera 2,B,Correctivo,PM01,Cerrada,30.4,40.9,1496.2,1274.4,7,7,2,Eléctrico,Media,
400945,2025-08,Proceso,Línea 2,EQ-0320,Mezclador P2,B,Correctivo,PM01,Cerrada,3.6,5.4,162.3,151.5,1,0,4,Mecánico,Baja,
400946,2025-08,Envasado,Línea 2,EQ-0457,Envasadora L2,A,Correctivo,PM01,Cerrada,7.6,12.5,406.1,472.6,5,0,0,Mecánico,Media,
400947,2025-08,Proceso,Línea 1,EQ-0331,Bomba de proceso,C,Preventivo,PM03,Cerrada,24.0,26.7,431.2,457.6,6,0,0,Instrumentación,Media,
400948,2025-08,Proceso,Línea 1,EQ-0331,Bomba de proceso,C,Emergencia,PM05,Cerrada,18.7,23.2,762.0,581.9,2,0,2,Eléctrico,Baja,
400949,2025-08,Envasado,Línea 2,EQ-0457,Envasadora L2,A,Emergencia,PM05,Abierta,19.4,6.5,1159.3,295.3,,9,0,Mecánico,Baja,
400950,2025-08,Proceso,Línea 1,EQ-0311,Intercambiador P1,B,Preventivo,PM02,Cerrada,18.2,19.0,856.7,945.2,11,0,0,Mecánico,Baja,
400951,2025-08,Bodega,N/A,EQ-0601,Grúa horquilla 4,C,Preventivo,PM02,Cerrada,3.2,3.1,85.4,86.4,3,0,0,Servicios,Media,
400952,2025-08,Proceso,Línea 1,EQ-0311,Intercambiador P1,B,Preventivo,PM03,Cerrada,25.1,24.3,629.7,606.2,9,0,2,Servicios,Media,
400953,2025-08,Bodega,N/A,EQ-0601,Grúa horquilla 4,C,Preventivo,PM02,Abierta,13.7,3.0,438.5,130.1,,21,16,Eléctrico,Media,
400954,2025-08,Envasado,Línea 1,EQ-0455,Envasadora L1,A,Preventivo,PM02,Cerrada,2.9,2.8,174.1,178.2,11,0,0,Mecánico,Media,
400955,2025-08,Envasado,Línea 1,EQ-0461,Etiquetadora L1,A,Preventivo,PM02,Cerrada,14.5,14.5,810.4,804.4,13,0,0,Mecánico,Baja,
400956,2025-08,Servicios,N/A,EQ-0211,Chiller 1,A,Preventivo,PM03,Cerrada,14.8,14.5,527.4,527.7,8,0,2,Mecánico,Alta,
400957,2025-08,Envasado,Línea 1,EQ-0461,Etiquetadora L1,A,Preventivo,PM02,Cerrada,9.6,9.3,373.1,346.7,3,0,4,Mecánico,Media,
400958,2025-08,Servicios,N/A,EQ-0211,Chiller 1,A,Preventivo,PM02,Cerrada,14.5,14.2,701.0,681.5,6,0,2,Mecánico,Baja,
400959,2025-08,Servicios,N/A,EQ-0201,Caldera 1,A,Correctivo,PM01,Cerrada,10.3,12.4,553.4,458.9,5,0,0,Eléctrico,Media,
400960,2025-08,Proceso,Línea 1,EQ-0310,Reactor P1,A,Emergencia,PM05,Cerrada,4.1,8.3,206.9,292.6,7,0,1,Mecánico,Baja,
400961,2025-08,Proceso,Línea 2,EQ-0330,Bomba CIP,B,Correctivo,PM01,Cerrada,22.8,43.6,970.2,1193.1,2,0,0,Servicios,Media,
400962,2025-08,Proceso,Línea 2,EQ-0320,Mezclador P2,B,Predictivo,PM06,Cerrada,22.7,25.4,1059.9,1131.3,14,0,0,Mecánico,Baja,
400963,2025-08,Servicios,N/A,EQ-0201,Caldera 1,A,Preventivo,PM02,Cerrada,5.6,5.3,284.6,268.8,1,0,0,Eléctrico,Alta,
400964,2025-08,Servicios,N/A,EQ-0210,Compresor 3,B,Preventivo,PM02,Cerrada,14.3,14.7,603.2,668.0,6,9,0,Servicios,Alta,
400965,2025-08,Servicios,N/A,EQ-0201,Caldera 1,A,Preventivo,PM03,Cerrada,19.1,20.8,608.6,701.2,3,0,0,Instrumentación,Media,
400966,2025-08,Proceso,Línea 1,EQ-0310,Reactor P1,A,Preventivo,PM02,Cerrada,24.3,25.8,1541.5,1654.4,10,0,0,Instrumentación,Media,
400967,2025-08,Envasado,Línea 3,EQ-0470,Paletizador,B,Preventivo,PM02,Cerrada,6.0,6.3,139.3,138.1,6,0,0,Mecánico,Media,
400968,2025-08,Servicios,N/A,EQ-0202,Caldera 2,B,Preventivo,PM03,Cerrada,26.0,28.5,636.3,707.0,9,0,1,Mecánico,Media,
400969,2025-08,Proceso,Línea 1,EQ-0331,Bomba de proceso,C,Correctivo,PM01,Cerrada,10.5,14.6,541.1,489.1,14,0,0,Servicios,Media,
400970,2025-08,Envasado,Línea 3,EQ-0470,Paletizador,B,Preventivo,PM02,Cerrada,5.3,5.2,238.3,247.7,8,0,0,Eléctrico,Alta,
400971,2025-08,Envasado,Línea 1,EQ-0455,Envasadora L1,A,Emergencia,PM05,Cerrada,24.5,45.5,2316.4,2995.3,12,0,2,Eléctrico,Media,
400972,2025-08,Proceso,Línea 2,EQ-0330,Bomba CIP,B,Preventivo,PM02,Cerrada,23.5,21.9,689.6,673.4,2,0,0,Eléctrico,Media,
400973,2025-08,Servicios,N/A,EQ-0211,Chiller 1,A,Correctivo,PM01,Cerrada,3.3,5.6,244.4,296.3,12,0,0,Mecánico,Baja,
400974,2025-08,Bodega,N/A,EQ-0601,Grúa horquilla 4,C,Correctivo,PM01,Cerrada,15.0,31.8,738.5,1122.0,5,0,0,Eléctrico,Media,
400975,2025-08,Proceso,Línea 1,EQ-0331,Bomba de proceso,C,Preventivo,PM03,Cerrada,14.0,15.5,516.9,530.0,9,0,0,Servicios,Baja,
400976,2025-08,Bodega,N/A,EQ-0601,Grúa horquilla 4,C,Preventivo,PM02,Abierta,19.7,2.2,522.8,303.7,,0,0,Mecánico,Alta,
400977,2025-08,Servicios,N/A,EQ-0210,Compresor 3,B,Correctivo,PM01,Cerrada,16.2,31.9,933.6,1169.2,13,0,0,Servicios,Baja,
400978,2025-08,Servicios,N/A,EQ-0211,Chiller 1,A,Preventivo,PM03,Cerrada,16.7,18.2,955.5,987.7,7,0,0,Servicios,Media,
400979,2025-08,Bodega,N/A,EQ-0601,Grúa horquilla 4,C,Preventivo,PM02,Cerrada,19.4,18.5,612.3,627.6,2,0,2,Mecánico,Media,
400980,2025-08,Proceso,Línea 2,EQ-0320,Mezclador P2,B,Preventivo,PM02,Abierta,11.4,0.7,549.0,51.3,,0,0,Eléctrico,Baja,
400981,2025-08,Envasado,Línea 3,EQ-0471,Transportador L3,C,Preventivo,PM02,Cerrada,4.3,4.4,114.0,125.0,12,0,0,Instrumentación,Media,
400982,2025-08,Bodega,N/A,EQ-0601,Grúa horquilla 4,C,Preventivo,PM02,Cerrada,7.0,7.0,164.1,172.2,11,0,0,Eléctrico,Media,
400983,2025-08,Envasado,Línea 3,EQ-0470,Paletizador,B,Preventivo,PM02,Abierta,3.1,0.8,96.5,36.6,,23,16,Mecánico,Media,
400984,2025-08,Servicios,N/A,EQ-0210,Compresor 3,B,Correctivo,PM01,Cerrada,32.3,47.6,1250.7,1151.1,4,7,0,Eléctrico,Alta,
400985,2025-08,Servicios,N/A,EQ-0211,Chiller 1,A,Correctivo,PM01,Cerrada,5.1,8.8,312.8,331.4,12,0,0,Mecánico,Alta,
400986,2025-08,Envasado,Línea 2,EQ-0457,Envasadora L2,A,Preventivo,PM02,Cerrada,15.7,17.3,961.9,1086.6,6,0,0,Mecánico,Alta,
400987,2025-08,Proceso,Línea 1,EQ-0331,Bomba de proceso,C,Preventivo,PM02,Cerrada,7.6,7.8,144.0,153.0,7,0,0,Mecánico,Baja,
400988,2025-08,Servicios,N/A,EQ-0210,Compresor 3,B,Preventivo,PM03,Cerrada,13.6,12.5,475.6,434.4,2,4,16,Eléctrico,Media,
400989,2025-08,Envasado,Línea 1,EQ-0461,Etiquetadora L1,A,Preventivo,PM02,Abierta,25.9,0.1,1479.9,2.9,,0,0,Instrumentación,Media,
400990,2025-08,Proceso,Línea 1,EQ-0311,Intercambiador P1,B,Preventivo,PM02,Cerrada,18.5,18.1,675.6,677.6,9,0,0,Mecánico,Media,
400991,2025-08,Proceso,Línea 1,EQ-0311,Intercambiador P1,B,Preventivo,PM02,Cerrada,13.1,12.1,528.7,453.4,5,0,0,Mecánico,Baja,
400992,2025-08,Proceso,Línea 2,EQ-0320,Mezclador P2,B,Correctivo,PM01,Cerrada,26.1,38.4,1722.6,1625.1,13,0,4,Mecánico,Media,
400993,2025-08,Proceso,Línea 1,EQ-0310,Reactor P1,A,Emergencia,PM05,Cerrada,30.4,43.7,1905.6,1686.2,11,0,1,Mecánico,Alta,
400994,2025-08,Servicios,N/A,EQ-0211,Chiller 1,A,Correctivo,PM01,Cerrada,26.8,33.1,1755.7,1425.6,9,0,0,Instrumentación,Alta,
400995,2025-08,Envasado,Línea 1,EQ-0455,Envasadora L1,A,Preventivo,PM02,Cerrada,10.5,11.2,428.3,467.6,10,0,0,Eléctrico,Media,
400996,2025-08,Envasado,Línea 1,EQ-0455,Envasadora L1,A,Mejora,PM04,Cerrada,10.9,12.1,349.4,377.6,13,0,2,Eléctrico,Alta,
400997,2025-09,Proceso,Línea 2,EQ-0320,Mezclador P2,B,Mejora,PM04,Cerrada,25.9,25.1,1019.6,1072.4,8,1,0,Mecánico,Baja,
400998,2025-09,Proceso,Línea 1,EQ-0331,Bomba de proceso,C,Preventivo,PM02,Cerrada,3.9,3.8,79.0,76.7,11,0,0,Mecánico,Baja,
400999,2025-09,Envasado,Línea 2,EQ-0457,Envasadora L2,A,Correctivo,PM01,Abierta,10.4,0.6,571.4,193.5,,0,0,Mecánico,Alta,
401000,2025-09,Envasado,Línea 1,EQ-0461,Etiquetadora L1,A,Preventivo,PM02,Cerrada,6.7,6.4,426.2,393.3,7,0,4,Eléctrico,Media,
401001,2025-09,Bodega,N/A,EQ-0601,Grúa horquilla 4,C,Preventivo,PM02,Cerrada,19.1,18.9,419.3,413.9,4,0,0,Mecánico,Alta,
401002,2025-09,Envasado,Línea 3,EQ-0471,Transportador L3,C,Preventivo,PM02,Cerrada,11.4,12.0,374.9,427.3,5,0,0,Eléctrico,Baja,
401003,2025-09,Proceso,Línea 1,EQ-0310,Reactor P1,A,Preventivo,PM02,Cerrada,21.7,20.2,1258.5,1275.1,7,6,16,Instrumentación,Media,
401004,2025-09,Envasado,Línea 1,EQ-0455,Envasadora L1,A,Preventivo,PM02,Cerrada,8.2,8.9,322.3,338.9,12,0,2,Eléctrico,Media,
401005,2025-09,Servicios,N/A,EQ-0211,Chiller 1,A,Preventivo,PM03,Cerrada,22.0,21.8,904.9,826.7,3,0,0,Servicios,Baja,
401006,2025-09,Servicios,N/A,EQ-0210,Compresor 3,B,Preventivo,PM02,Cerrada,15.6,16.7,432.5,503.1,12,9,16,Mecánico,Media,
401007,2025-09,Bodega,N/A,EQ-0601,Grúa horquilla 4,C,Preventivo,PM03,Cerrada,9.4,8.9,170.3,167.9,2,0,0,Mecánico,Alta,
401008,2025-09,Servicios,N/A,EQ-0202,Caldera 2,B,Mejora,PM04,Cerrada,20.3,20.8,685.3,691.0,9,2,0,Mecánico,Alta,
401009,2025-09,Envasado,Línea 3,EQ-0471,Transportador L3,C,Preventivo,PM02,Cerrada,23.3,25.6,556.3,590.6,14,0,0,Instrumentación,Media,
401010,2025-09,Proceso,Línea 2,EQ-0330,Bomba CIP,B,Preventivo,PM03,Abierta,3.4,1.4,143.0,52.0,,0,0,Eléctrico,Media,
401011,2025-09,Proceso,Línea 1,EQ-0311,Intercambiador P1,B,Mejora,PM04,Cerrada,10.6,9.9,428.3,395.5,2,0,0,Eléctrico,Alta,
401012,2025-09,Envasado,Línea 1,EQ-0455,Envasadora L1,A,Mejora,PM04,Cerrada,16.8,16.7,697.3,644.8,7,0,0,Eléctrico,Media,
401013,2025-09,Envasado,Línea 1,EQ-0461,Etiquetadora L1,A,Correctivo,PM01,Cerrada,15.7,18.8,1424.4,1130.4,1,0,0,Mecánico,Media,
401014,2025-09,Envasado,Línea 2,EQ-0462,Etiquetadora L2,B,Mejora,PM04,Cerrada,5.0,5.4,118.7,136.1,7,0,0,Mecánico,Alta,
401015,2025-09,Proceso,Línea 2,EQ-0320,Mezclador P2,B,Preventivo,PM02,Cerrada,13.7,14.6,378.0,417.4,6,0,0,Mecánico,Media,
401016,2025-09,Proceso,Línea 1,EQ-0310,Reactor P1,A,Preventivo,PM02,Cerrada,18.6,17.7,1178.1,1148.1,9,0,0,Mecánico,Media,
401017,2025-09,Bodega,N/A,EQ-0601,Grúa horquilla 4,C,Preventivo,PM02,Cerrada,4.6,5.1,157.2,170.3,3,0,0,Mecánico,Baja,
401018,2025-09,Proceso,Línea 1,EQ-0310,Reactor P1,A,Preventivo,PM03,Cerrada,5.7,6.4,355.5,430.9,9,0,1,Eléctrico,Baja,
401019,2025-09,Proceso,Línea 1,EQ-0310,Reactor P1,A,Correctivo,PM01,Cerrada,24.3,38.5,1361.6,1480.8,7,0,4,Eléctrico,Media,
401020,2025-09,Proceso,Línea 1,EQ-0311,Intercambiador P1,B,Preventivo,PM02,Cerrada,20.1,21.7,580.0,650.0,13,0,0,Eléctrico,Alta,
401021,2025-09,Proceso,Línea 2,EQ-0330,Bomba CIP,B,Correctivo,PM01,Abierta,23.2,3.2,1267.2,8.3,,36,0,Mecánico,Baja,Requiere parada de planta
401022,2025-09,Proceso,Línea 1,EQ-0310,Reactor P1,A,Preventivo,PM03,Abierta,9.1,2.7,420.2,111.3,,16,0,Eléctrico,Baja,
401023,2025-09,Servicios,N/A,EQ-0202,Caldera 2,B,Preventivo,PM03,Cerrada,14.3,15.4,324.9,365.3,5,0,0,Eléctrico,Media,
401024,2025-09,Servicios,N/A,EQ-0210,Compresor 3,B,Preventivo,PM03,Abierta,25.1,1.7,762.1,394.7,,23,18,Instrumentación,Media,
401025,2025-09,Proceso,Línea 2,EQ-0330,Bomba CIP,B,Preventivo,PM02,Cerrada,11.0,11.0,260.3,258.3,3,0,0,Mecánico,Media,
401026,2025-09,Bodega,N/A,EQ-0601,Grúa horquilla 4,C,Preventivo,PM03,Cerrada,20.2,21.2,452.3,512.7,1,0,0,Eléctrico,Alta,
401027,2025-09,Proceso,Línea 1,EQ-0331,Bomba de proceso,C,Correctivo,PM01,Cerrada,7.8,15.5,255.1,316.6,4,0,0,Eléctrico,Alta,
401028,2025-09,Envasado,Línea 1,EQ-0461,Etiquetadora L1,A,Preventivo,PM02,Cerrada,22.8,21.1,1153.7,1036.7,12,0,4,Instrumentación,Baja,
401029,2025-09,Bodega,N/A,EQ-0601,Grúa horquilla 4,C,Preventivo,PM03,Cerrada,23.5,23.5,478.0,508.1,5,0,2,Eléctrico,Baja,
401030,2025-09,Proceso,Línea 2,EQ-0330,Bomba CIP,B,Preventivo,PM02,Cerrada,24.9,23.1,750.5,718.5,8,0,0,Servicios,Baja,
401031,2025-09,Proceso,Línea 1,EQ-0310,Reactor P1,A,Correctivo,PM01,Cerrada,2.8,4.3,140.5,156.3,13,9,0,Mecánico,Baja,
401032,2025-09,Envasado,Línea 2,EQ-0462,Etiquetadora L2,B,Preventivo,PM02,Cerrada,18.8,20.8,721.6,778.3,8,0,0,Eléctrico,Media,
401033,2025-09,Envasado,Línea 1,EQ-0455,Envasadora L1,A,Preventivo,PM02,Cerrada,17.6,17.7,838.8,905.3,11,0,0,Eléctrico,Media,
401034,2025-09,Servicios,N/A,EQ-0201,Caldera 1,A,Preventivo,PM02,Cerrada,20.5,20.8,673.3,640.1,11,0,0,Servicios,Baja,
401035,2025-09,Servicios,N/A,EQ-0202,Caldera 2,B,Preventivo,PM02,Cerrada,21.0,21.7,605.4,580.7,6,0,2,Mecánico,Alta,
401036,2025-09,Proceso,Línea 1,EQ-0310,Reactor P1,A,Preventivo,PM02,Cerrada,9.7,10.7,328.3,386.9,12,0,0,Instrumentación,Media,
401037,2025-09,Proceso,Línea 1,EQ-0331,Bomba de proceso,C,Preventivo,PM02,Cerrada,5.8,5.8,159.1,153.5,1,0,2,Eléctrico,Media,
401038,2025-09,Proceso,Línea 2,EQ-0330,Bomba CIP,B,Preventivo,PM03,Cerrada,7.3,6.9,241.1,225.2,3,0,0,Servicios,Alta,
401039,2025-09,Servicios,N/A,EQ-0210,Compresor 3,B,Preventivo,PM02,Cerrada,12.9,12.4,383.5,358.7,14,0,0,Eléctrico,Baja,
401040,2025-09,Servicios,N/A,EQ-0211,Chiller 1,A,Correctivo,PM01,Cerrada,29.7,57.1,2822.1,3852.1,1,0,0,Mecánico,Media,
401041,2025-09,Proceso,Línea 1,EQ-0310,Reactor P1,A,Preventivo,PM02,Cerrada,6.1,6.3,230.1,252.1,4,4,16,Instrumentación,Media,
401042,2025-09,Servicios,N/A,EQ-0202,Caldera 2,B,Preventivo,PM02,Cerrada,24.0,24.2,606.9,612.2,1,0,0,Eléctrico,Baja,
401043,2025-09,Envasado,Línea 2,EQ-0457,Envasadora L2,A,Preventivo,PM02,Cerrada,4.4,4.3,194.7,193.9,7,0,0,Eléctrico,Alta,
401044,2025-09,Envasado,Línea 1,EQ-0455,Envasadora L1,A,Mejora,PM04,Cerrada,17.9,18.4,586.1,620.5,7,0,0,Mecánico,Alta,
401045,2025-09,Proceso,Línea 1,EQ-0331,Bomba de proceso,C,Correctivo,PM01,Cerrada,23.3,43.7,616.5,797.2,4,0,2,Eléctrico,Media,
401046,2025-09,Envasado,Línea 2,EQ-0457,Envasadora L2,A,Correctivo,PM01,Cerrada,27.3,56.1,1406.4,1882.4,11,0,0,Instrumentación,Baja,
401047,2025-09,Servicios,N/A,EQ-0211,Chiller 1,A,Correctivo,PM01,Cerrada,20.9,32.7,2016.2,2146.2,1,6,0,Eléctrico,Baja,
401048,2025-09,Proceso,Línea 2,EQ-0330,Bomba CIP,B,Correctivo,PM01,Cerrada,16.7,30.5,1196.8,1470.4,5,0,0,Mecánico,Alta,
401049,2025-09,Envasado,Línea 2,EQ-0462,Etiquetadora L2,B,Correctivo,PM01,Cerrada,26.6,58.5,1404.8,1999.1,5,3,0,Eléctrico,Media,
401050,2025-09,Servicios,N/A,EQ-0202,Caldera 2,B,Preventivo,PM02,Cerrada,24.6,23.6,819.4,817.8,2,8,0,Mecánico,Baja,
401051,2025-09,Servicios,N/A,EQ-0201,Caldera 1,A,Correctivo,PM01,Cerrada,20.0,39.0,936.8,1234.4,13,0,0,Mecánico,Alta,
401052,2025-09,Envasado,Línea 2,EQ-0462,Etiquetadora L2,B,Preventivo,PM02,Cerrada,22.8,23.4,1028.7,1099.4,9,0,0,Eléctrico,Media,
401053,2025-09,Servicios,N/A,EQ-0201,Caldera 1,A,Preventivo,PM02,Cerrada,16.5,16.8,941.2,1025.5,3,0,0,Instrumentación,Baja,
401054,2025-09,Envasado,Línea 1,EQ-0461,Etiquetadora L1,A,Preventivo,PM02,Cerrada,15.0,16.0,471.1,469.7,3,0,0,Mecánico,Media,
401055,2025-09,Envasado,Línea 2,EQ-0462,Etiquetadora L2,B,Correctivo,PM01,Cerrada,29.2,39.1,1421.8,1356.0,7,0,0,Eléctrico,Media,
401056,2025-09,Envasado,Línea 3,EQ-0471,Transportador L3,C,Preventivo,PM02,Cerrada,7.4,7.2,243.8,244.5,13,0,0,Eléctrico,Media,
401057,2025-09,Proceso,Línea 2,EQ-0320,Mezclador P2,B,Correctivo,PM01,Cerrada,28.6,59.7,2004.2,2811.8,10,0,0,Mecánico,Media,
401058,2025-09,Proceso,Línea 2,EQ-0330,Bomba CIP,B,Correctivo,PM01,Cerrada,30.8,58.7,1140.0,1561.4,3,0,0,Eléctrico,Media,
401059,2025-09,Proceso,Línea 2,EQ-0320,Mezclador P2,B,Preventivo,PM03,Cerrada,5.3,5.8,166.4,194.3,2,0,0,Instrumentación,Alta,
401060,2025-09,Envasado,Línea 2,EQ-0457,Envasadora L2,A,Preventivo,PM02,Cerrada,8.1,7.7,412.9,415.0,13,0,2,Mecánico,Baja,
401061,2025-09,Envasado,Línea 2,EQ-0462,Etiquetadora L2,B,Preventivo,PM02,Abierta,18.3,1.0,596.3,47.9,,27,0,Eléctrico,Media,Espera de repuesto
401062,2025-09,Envasado,Línea 1,EQ-0455,Envasadora L1,A,Correctivo,PM01,Cerrada,30.3,49.1,1537.6,1791.3,13,0,0,Servicios,Alta,
401063,2025-09,Bodega,N/A,EQ-0601,Grúa horquilla 4,C,Preventivo,PM02,Cerrada,19.0,20.3,574.9,626.8,8,0,0,Servicios,Media,
401064,2025-09,Bodega,N/A,EQ-0601,Grúa horquilla 4,C,Preventivo,PM02,Cerrada,6.0,5.7,176.4,157.2,1,0,0,Mecánico,Media,
401065,2025-09,Envasado,Línea 2,EQ-0462,Etiquetadora L2,B,Preventivo,PM02,Cerrada,18.3,18.4,765.0,830.3,12,0,4,Eléctrico,Baja,
401066,2025-09,Proceso,Línea 1,EQ-0310,Reactor P1,A,Correctivo,PM01,Cerrada,3.9,5.9,200.5,207.2,4,0,0,Eléctrico,Media,
401067,2025-09,Envasado,Línea 1,EQ-0455,Envasadora L1,A,Correctivo,PM01,Cerrada,21.1,39.7,1606.8,1990.4,1,0,0,Eléctrico,Baja,
401068,2025-09,Servicios,N/A,EQ-0202,Caldera 2,B,Preventivo,PM02,Cerrada,20.6,19.7,765.8,723.9,7,0,0,Mecánico,Baja,
401069,2025-09,Servicios,N/A,EQ-0211,Chiller 1,A,Emergencia,PM05,Cerrada,19.4,35.2,1300.9,1687.5,3,0,4,Mecánico,Alta,
401070,2025-09,Envasado,Línea 2,EQ-0457,Envasadora L2,A,Correctivo,PM01,Abierta,10.0,2.6,837.5,312.1,,18,0,Eléctrico,Baja,
401071,2025-09,Envasado,Línea 2,EQ-0457,Envasadora L2,A,Preventivo,PM02,Cerrada,15.1,16.2,628.7,710.5,11,0,0,Mecánico,Alta,
401072,2025-09,Envasado,Línea 1,EQ-0461,Etiquetadora L1,A,Emergencia,PM05,Cerrada,22.9,43.5,1142.1,1507.1,2,0,0,Mecánico,Media,
401073,2025-09,Proceso,Línea 1,EQ-0331,Bomba de proceso,C,Preventivo,PM02,Cerrada,18.5,20.7,506.3,579.3,1,0,0,Eléctrico,Media,
401074,2025-09,Envasado,Línea 1,EQ-0461,Etiquetadora L1,A,Correctivo,PM01,Cerrada,32.1,50.9,2304.2,2404.7,10,0,0,Eléctrico,Alta,
401075,2025-09,Proceso,Línea 1,EQ-0331,Bomba de proceso,C,Preventivo,PM02,Cerrada,23.4,25.9,662.6,751.1,13,0,0,Eléctrico,Media,
401076,2025-09,Servicios,N/A,EQ-0211,Chiller 1,A,Correctivo,PM01,Cerrada,31.1,51.0,2866.5,3099.6,10,3,4,Instrumentación,Alta,
401077,2025-09,Envasado,Línea 1,EQ-0461,Etiquetadora L1,A,Correctivo,PM01,Cerrada,3.6,7.6,273.9,370.2,6,0,2,Instrumentación,Baja,
401078,2025-09,Envasado,Línea 1,EQ-0455,Envasadora L1,A,Preventivo,PM02,Cerrada,24.9,27.9,1187.9,1364.8,8,0,0,Mecánico,Baja,
401079,2025-09,Envasado,Línea 1,EQ-0455,Envasadora L1,A,Correctivo,PM01,Cerrada,25.2,31.5,1203.9,988.8,10,0,0,Mecánico,Baja,
401080,2025-09,Envasado,Línea 1,EQ-0461,Etiquetadora L1,A,Preventivo,PM02,Cerrada,8.4,8.9,352.8,372.3,2,0,0,Eléctrico,Alta,
401081,2025-09,Servicios,N/A,EQ-0211,Chiller 1,A,Correctivo,PM01,Cerrada,30.4,38.7,2576.3,2239.8,4,0,0,Eléctrico,Media,
401082,2025-09,Proceso,Línea 1,EQ-0310,Reactor P1,A,Correctivo,PM01,Cerrada,17.9,21.4,794.7,599.9,5,0,0,Eléctrico,Baja,
401083,2025-09,Proceso,Línea 1,EQ-0310,Reactor P1,A,Correctivo,PM01,Cerrada,30.2,35.6,2083.5,1698.8,13,0,0,Mecánico,Media,
401084,2025-09,Envasado,Línea 3,EQ-0471,Transportador L3,C,Correctivo,PM01,Cerrada,11.6,18.9,608.7,706.7,11,0,0,Eléctrico,Baja,
401085,2025-09,Proceso,Línea 1,EQ-0310,Reactor P1,A,Correctivo,PM01,Cerrada,32.4,48.3,2739.9,2684.9,11,0,4,Eléctrico,Media,
401086,2025-09,Proceso,Línea 1,EQ-0331,Bomba de proceso,C,Preventivo,PM02,Cerrada,25.6,24.5,618.4,597.1,4,0,0,Mecánico,Media,
401087,2025-09,Envasado,Línea 2,EQ-0457,Envasadora L2,A,Preventivo,PM02,Cerrada,17.2,17.4,876.6,896.8,2,11,0,Eléctrico,Media,
401088,2025-09,Servicios,N/A,EQ-0210,Compresor 3,B,Correctivo,PM01,Cerrada,14.8,20.9,631.4,597.4,3,0,2,Servicios,Media,
401089,2025-09,Proceso,Línea 2,EQ-0330,Bomba CIP,B,Correctivo,PM01,Cerrada,8.4,11.6,407.9,360.1,6,11,0,Mecánico,Baja,
401090,2025-09,Proceso,Línea 2,EQ-0320,Mezclador P2,B,Mejora,PM04,Cerrada,2.3,2.4,61.3,60.3,2,0,4,Mecánico,Alta,
401091,2025-09,Envasado,Línea 1,EQ-0461,Etiquetadora L1,A,Preventivo,PM02,Cerrada,15.4,15.1,558.5,544.4,9,0,0,Eléctrico,Alta,
401092,2025-09,Envasado,Línea 2,EQ-0462,Etiquetadora L2,B,Preventivo,PM02,Cerrada,10.5,11.6,452.7,505.0,3,9,0,Eléctrico,Media,
401093,2025-09,Proceso,Línea 1,EQ-0331,Bomba de proceso,C,Correctivo,PM01,Cerrada,28.6,50.5,955.6,1124.9,9,0,0,Instrumentación,Baja,
401094,2025-09,Envasado,Línea 2,EQ-0457,Envasadora L2,A,Correctivo,PM01,Cerrada,7.5,8.9,581.3,440.8,2,0,0,Instrumentación,Baja,
401095,2025-09,Envasado,Línea 2,EQ-0462,Etiquetadora L2,B,Mejora,PM04,Abierta,8.5,0.4,296.4,14.0,,0,0,Eléctrico,Alta,
401096,2025-09,Proceso,Línea 2,EQ-0320,Mezclador P2,B,Preventivo,PM02,Cerrada,13.5,14.7,512.8,529.8,7,0,0,Eléctrico,Baja,
401097,2025-09,Envasado,Línea 1,EQ-0455,Envasadora L1,A,Correctivo,PM01,Cerrada,24.1,45.8,1078.7,1397.5,11,11,0,Instrumentación,Baja,
401098,2025-09,Proceso,Línea 1,EQ-0310,Reactor P1,A,Preventivo,PM02,Cerrada,6.8,7.0,228.4,231.0,12,0,0,Mecánico,Baja,
401099,2025-09,Proceso,Línea 2,EQ-0330,Bomba CIP,B,Correctivo,PM01,Abierta,11.3,3.9,499.4,116.3,,0,0,Eléctrico,Media,
401100,2025-09,Envasado,Línea 2,EQ-0457,Envasadora L2,A,Emergencia,PM05,Cerrada,26.6,46.0,1402.0,1720.7,9,2,4,Eléctrico,Baja,
401101,2025-09,Proceso,Línea 1,EQ-0331,Bomba de proceso,C,Preventivo,PM03,Cerrada,3.1,3.3,92.5,93.1,13,0,0,Mecánico,Media,
401102,2025-09,Envasado,Línea 1,EQ-0455,Envasadora L1,A,Correctivo,PM01,Cerrada,22.4,37.6,1134.7,1196.8,2,0,0,Eléctrico,Baja,
401103,2025-09,Servicios,N/A,EQ-0211,Chiller 1,A,Mejora,PM04,Cerrada,24.0,25.6,787.7,825.2,2,0,0,Mecánico,Media,
401104,2025-09,Envasado,Línea 1,EQ-0461,Etiquetadora L1,A,Preventivo,PM02,Cerrada,14.9,15.8,611.1,690.1,4,0,1,Mecánico,Baja,
401105,2025-09,Envasado,Línea 3,EQ-0470,Paletizador,B,Preventivo,PM03,Cerrada,19.1,18.2,813.2,717.9,2,0,0,Instrumentación,Baja,
401106,2025-09,Proceso,Línea 1,EQ-0331,Bomba de proceso,C,Preventivo,PM03,Cerrada,4.4,4.7,77.0,86.4,6,0,0,Eléctrico,Media,
401107,2025-09,Bodega,N/A,EQ-0601,Grúa horquilla 4,C,Preventivo,PM02,Cerrada,23.9,25.8,475.2,493.4,14,0,0,Instrumentación,Alta,
401108,2025-09,Servicios,N/A,EQ-0211,Chiller 1,A,Preventivo,PM03,Abierta,26.0,9.7,1456.5,308.4,,25,8,Instrumentación,Media,
401109,2025-09,Servicios,N/A,EQ-0201,Caldera 1,A,Preventivo,PM02,Cerrada,9.0,9.7,508.0,566.5,9,0,0,Mecánico,Media,
401110,2025-09,Proceso,Línea 2,EQ-0330,Bomba CIP,B,Preventivo,PM02,Cerrada,25.4,25.8,696.0,681.2,10,0,2,Eléctrico,Media,
401111,2025-09,Proceso,Línea 1,EQ-0311,Intercambiador P1,B,Correctivo,PM01,Cerrada,23.0,37.9,1114.0,1147.0,7,2,0,Mecánico,Media,
401112,2025-10,Proceso,Línea 1,EQ-0311,Intercambiador P1,B,Preventivo,PM02,Cerrada,9.2,10.1,341.4,367.0,4,0,0,Mecánico,Media,
401113,2025-10,Proceso,Línea 2,EQ-0320,Mezclador P2,B,Preventivo,PM02,Cerrada,12.5,12.8,588.3,601.3,8,0,0,Eléctrico,Media,
401114,2025-10,Envasado,Línea 2,EQ-0457,Envasadora L2,A,Preventivo,PM02,Cerrada,7.2,7.6,384.2,394.7,12,0,0,Mecánico,Media,
401115,2025-10,Servicios,N/A,EQ-0211,Chiller 1,A,Preventivo,PM03,Abierta,15.0,1.7,734.9,62.2,,15,16,Servicios,Baja,
401116,2025-10,Servicios,N/A,EQ-0201,Caldera 1,A,Correctivo,PM01,Cerrada,5.2,10.9,461.4,658.6,5,0,0,Mecánico,Media,
401117,2025-10,Bodega,N/A,EQ-0601,Grúa horquilla 4,C,Preventivo,PM02,Cerrada,3.6,3.6,117.3,110.8,2,2,0,Eléctrico,Baja,
401118,2025-10,Proceso,Línea 2,EQ-0320,Mezclador P2,B,Preventivo,PM03,Cerrada,21.8,21.4,595.8,624.3,5,0,0,Servicios,Baja,
401119,2025-10,Proceso,Línea 2,EQ-0320,Mezclador P2,B,Emergencia,PM05,Cerrada,31.5,55.9,1558.7,1888.1,12,0,0,Eléctrico,Media,
401120,2025-10,Servicios,N/A,EQ-0210,Compresor 3,B,Correctivo,PM01,Cerrada,25.4,32.7,1830.4,1565.3,12,0,0,Eléctrico,Alta,
401121,2025-10,Proceso,Línea 2,EQ-0320,Mezclador P2,B,Correctivo,PM01,Cerrada,27.9,43.8,1700.4,1898.4,3,0,0,Mecánico,Media,
401122,2025-10,Servicios,N/A,EQ-0210,Compresor 3,B,Preventivo,PM03,Cerrada,6.3,6.6,161.1,182.1,7,0,0,Mecánico,Baja,
401123,2025-10,Envasado,Línea 2,EQ-0462,Etiquetadora L2,B,Preventivo,PM02,Cerrada,13.8,14.3,558.1,603.2,11,0,0,Instrumentación,Baja,
401124,2025-10,Envasado,Línea 3,EQ-0470,Paletizador,B,Preventivo,PM03,Cerrada,11.2,10.8,330.9,308.3,7,0,0,Eléctrico,Alta,
401125,2025-10,Envasado,Línea 3,EQ-0471,Transportador L3,C,Preventivo,PM03,Cerrada,13.9,13.9,292.3,301.7,8,0,2,Instrumentación,Baja,
401126,2025-10,Envasado,Línea 2,EQ-0457,Envasadora L2,A,Mejora,PM04,Cerrada,8.0,8.7,263.7,276.8,13,0,0,Mecánico,Baja,
401127,2025-10,Envasado,Línea 2,EQ-0462,Etiquetadora L2,B,Correctivo,PM01,Abierta,6.9,1.6,354.1,24.4,,11,0,Instrumentación,Baja,
401128,2025-10,Envasado,Línea 2,EQ-0457,Envasadora L2,A,Preventivo,PM02,Abierta,7.8,2.0,428.8,121.5,,11,8,Instrumentación,Alta,
401129,2025-10,Envasado,Línea 3,EQ-0471,Transportador L3,C,Preventivo,PM02,Cerrada,22.9,24.9,780.5,836.4,5,0,2,Servicios,Alta,
401130,2025-10,Envasado,Línea 3,EQ-0470,Paletizador,B,Preventivo,PM03,Cerrada,22.6,23.7,776.7,829.1,9,0,4,Mecánico,Media,
401131,2025-10,Envasado,Línea 3,EQ-0471,Transportador L3,C,Preventivo,PM02,Cerrada,8.8,9.0,234.8,221.4,4,0,0,Servicios,Alta,
401132,2025-10,Proceso,Línea 2,EQ-0330,Bomba CIP,B,Correctivo,PM01,Cerrada,22.9,31.1,992.7,928.1,3,0,4,Eléctrico,Alta,
401133,2025-10,Envasado,Línea 2,EQ-0457,Envasadora L2,A,Preventivo,PM02,Cerrada,13.1,13.3,826.0,835.2,3,0,0,Mecánico,Alta,
401134,2025-10,Envasado,Línea 3,EQ-0470,Paletizador,B,Preventivo,PM02,Cerrada,18.5,17.3,485.9,446.1,1,0,2,Servicios,Media,
401135,2025-10,Proceso,Línea 1,EQ-0310,Reactor P1,A,Preventivo,PM02,Cerrada,20.1,21.8,1025.0,1210.4,11,0,0,Servicios,Alta,
401136,2025-10,Servicios,N/A,EQ-0211,Chiller 1,A,Preventivo,PM02,Abierta,14.7,0.2,766.5,70.4,,0,0,Mecánico,Media,
401137,2025-10,Envasado,Línea 2,EQ-0457,Envasadora L2,A,Correctivo,PM01,Cerrada,2.5,4.1,137.6,140.1,6,9,0,Mecánico,Media,
401138,2025-10,Envasado,Línea 2,EQ-0457,Envasadora L2,A,Preventivo,PM02,Cerrada,19.2,20.8,906.9,1009.9,3,0,1,Mecánico,Baja,
401139,2025-10,Envasado,Línea 2,EQ-0457,Envasadora L2,A,Preventivo,PM02,Cerrada,14.4,16.1,775.1,850.5,12,0,0,Mecánico,Media,
401140,2025-10,Envasado,Línea 2,EQ-0457,Envasadora L2,A,Correctivo,PM01,Abierta,27.9,4.1,1365.7,330.1,,0,0,Servicios,Alta,
401141,2025-10,Envasado,Línea 3,EQ-0470,Paletizador,B,Correctivo,PM01,Cerrada,5.3,8.9,258.6,309.6,11,0,0,Mecánico,Media,
401142,2025-10,Servicios,N/A,EQ-0211,Chiller 1,A,Correctivo,PM01,Cerrada,19.4,29.5,1391.1,1355.0,11,0,0,Eléctrico,Baja,
401143,2025-10,Envasado,Línea 3,EQ-0470,Paletizador,B,Preventivo,PM02,Abierta,11.9,2.3,340.7,94.2,,13,0,Eléctrico,Baja,
401144,2025-10,Servicios,N/A,EQ-0211,Chiller 1,A,Mejora,PM04,Cerrada,24.1,24.1,1210.7,1125.4,11,0,0,Instrumentación,Baja,
401145,2025-10,Envasado,Línea 2,EQ-0462,Etiquetadora L2,B,Correctivo,PM01,Cerrada,11.6,18.4,527.2,564.0,1,0,0,Instrumentación,Media,
401146,2025-10,Proceso,Línea 1,EQ-0310,Reactor P1,A,Correctivo,PM01,Cerrada,16.4,32.9,745.9,1030.5,6,0,0,Mecánico,Media,
401147,2025-10,Servicios,N/A,EQ-0201,Caldera 1,A,Preventivo,PM02,Cerrada,6.3,6.3,349.6,341.0,6,3,0,Eléctrico,Media,
401148,2025-10,Proceso,Línea 1,EQ-0310,Reactor P1,A,Correctivo,PM01,Cerrada,25.3,33.8,1275.3,1160.8,9,0,0,Eléctrico,Media,
401149,2025-10,Bodega,N/A,EQ-0601,Grúa horquilla 4,C,Preventivo,PM03,Cerrada,12.7,13.6,401.1,423.0,3,0,0,Mecánico,Media,
401150,2025-10,Servicios,N/A,EQ-0211,Chiller 1,A,Preventivo,PM02,Cerrada,24.9,24.5,1452.1,1499.6,2,0,2,Mecánico,Alta,
401151,2025-10,Envasado,Línea 1,EQ-0455,Envasadora L1,A,Mejora,PM04,Cerrada,9.6,10.6,361.1,401.5,9,0,0,Eléctrico,Media,
401152,2025-10,Envasado,Línea 3,EQ-0471,Transportador L3,C,Correctivo,PM01,Cerrada,7.6,14.7,400.0,496.0,6,0,0,Mecánico,Media,
401153,2025-10,Servicios,N/A,EQ-0210,Compresor 3,B,Preventivo,PM02,Cerrada,18.8,19.1,437.4,475.9,5,0,0,Eléctrico,Baja,
401154,2025-10,Envasado,Línea 2,EQ-0457,Envasadora L2,A,Emergencia,PM05,Cerrada,25.0,53.2,1830.9,2785.4,5,0,0,Instrumentación,Media,
401155,2025-10,Servicios,N/A,EQ-0211,Chiller 1,A,Preventivo,PM02,Cerrada,8.4,9.0,363.1,368.5,8,0,0,Eléctrico,Alta,
401156,2025-10,Envasado,Línea 2,EQ-0457,Envasadora L2,A,Preventivo,PM02,Cerrada,25.9,24.2,1207.8,1172.7,11,0,4,Eléctrico,Baja,
401157,2025-10,Envasado,Línea 3,EQ-0471,Transportador L3,C,Mejora,PM04,Cerrada,23.4,22.6,673.5,664.6,13,0,0,Mecánico,Baja,
401158,2025-10,Proceso,Línea 2,EQ-0330,Bomba CIP,B,Preventivo,PM02,Cerrada,4.1,3.8,123.4,110.3,8,0,0,Mecánico,Media,
401159,2025-10,Servicios,N/A,EQ-0210,Compresor 3,B,Preventivo,PM02,Cerrada,22.3,23.0,680.0,670.3,11,0,0,Mecánico,Media,
401160,2025-10,Envasado,Línea 3,EQ-0470,Paletizador,B,Mejora,PM04,Cerrada,22.5,20.9,1106.9,1062.9,12,0,0,Eléctrico,Baja,
401161,2025-10,Envasado,Línea 3,EQ-0470,Paletizador,B,Correctivo,PM01,Cerrada,6.6,11.1,294.3,344.3,11,0,0,Mecánico,Media,
401162,2025-10,Envasado,Línea 2,EQ-0462,Etiquetadora L2,B,Emergencia,PM05,Abierta,10.6,0.2,456.4,211.2,,0,2,Mecánico,Media,
401163,2025-10,Envasado,Línea 3,EQ-0470,Paletizador,B,Preventivo,PM03,Cerrada,19.5,19.3,770.4,825.9,7,0,0,Eléctrico,Media,
401164,2025-10,Envasado,Línea 1,EQ-0461,Etiquetadora L1,A,Correctivo,PM01,Cerrada,16.2,33.5,763.0,1107.7,3,0,0,Servicios,Media,
401165,2025-10,Proceso,Línea 1,EQ-0310,Reactor P1,A,Correctivo,PM01,Cerrada,5.3,8.8,373.0,400.0,14,0,4,Mecánico,Media,
401166,2025-10,Envasado,Línea 1,EQ-0455,Envasadora L1,A,Emergencia,PM05,Cerrada,25.5,37.4,2096.1,1884.4,2,0,0,Mecánico,Baja,
401167,2025-10,Proceso,Línea 1,EQ-0311,Intercambiador P1,B,Preventivo,PM02,Cerrada,5.5,5.2,179.6,168.9,12,0,0,Mecánico,Baja,
401168,2025-10,Envasado,Línea 1,EQ-0461,Etiquetadora L1,A,Correctivo,PM01,Cerrada,23.9,44.8,2024.9,2713.6,1,0,2,Eléctrico,Alta,
401169,2025-10,Proceso,Línea 2,EQ-0320,Mezclador P2,B,Correctivo,PM01,Cerrada,3.3,5.3,156.8,153.9,7,0,1,Eléctrico,Alta,
401170,2025-10,Envasado,Línea 3,EQ-0470,Paletizador,B,Preventivo,PM02,Cerrada,15.7,17.4,491.9,536.3,4,0,0,Eléctrico,Media,
401171,2025-10,Envasado,Línea 3,EQ-0471,Transportador L3,C,Preventivo,PM02,Cerrada,10.6,11.7,299.4,347.3,12,0,0,Mecánico,Alta,
401172,2025-10,Servicios,N/A,EQ-0210,Compresor 3,B,Preventivo,PM02,Cerrada,15.3,16.0,660.2,716.0,7,5,0,Eléctrico,Baja,
401173,2025-10,Envasado,Línea 2,EQ-0457,Envasadora L2,A,Correctivo,PM01,Cerrada,11.3,20.2,842.0,942.9,7,0,4,Mecánico,Media,
401174,2025-10,Proceso,Línea 2,EQ-0330,Bomba CIP,B,Mejora,PM04,Cerrada,13.3,13.5,313.0,306.1,7,0,0,Eléctrico,Media,
401175,2025-10,Servicios,N/A,EQ-0210,Compresor 3,B,Correctivo,PM01,Cerrada,13.2,18.2,620.5,594.5,1,5,2,Eléctrico,Alta,
401176,2025-10,Proceso,Línea 2,EQ-0330,Bomba CIP,B,Preventivo,PM02,Cerrada,20.7,20.9,847.4,863.2,6,0,0,Servicios,Media,
401177,2025-10,Proceso,Línea 2,EQ-0320,Mezclador P2,B,Preventivo,PM02,Cerrada,10.2,11.0,323.0,369.4,13,0,0,Eléctrico,Alta,
401178,2025-10,Envasado,Línea 3,EQ-0470,Paletizador,B,Preventivo,PM02,Cerrada,24.0,26.3,842.9,959.8,4,0,0,Mecánico,Alta,
401179,2025-10,Servicios,N/A,EQ-0210,Compresor 3,B,Preventivo,PM02,Cerrada,24.1,26.9,1031.8,1204.2,7,2,16,Mecánico,Baja,
401180,2025-10,Envasado,Línea 2,EQ-0457,Envasadora L2,A,Correctivo,PM01,Cerrada,18.5,40.2,1722.0,2346.1,12,0,0,Mecánico,Media,
401181,2025-10,Bodega,N/A,EQ-0601,Grúa horquilla 4,C,Correctivo,PM01,Cerrada,31.4,61.3,1336.5,1837.8,11,0,0,Mecánico,Media,
401182,2025-10,Envasado,Línea 1,EQ-0461,Etiquetadora L1,A,Emergencia,PM05,Cerrada,24.3,48.6,2241.5,2948.8,5,0,0,Servicios,Media,
401183,2025-10,Servicios,N/A,EQ-0210,Compresor 3,B,Correctivo,PM01,Cerrada,16.5,28.0,828.1,994.3,13,0,4,Mecánico,Baja,
401184,2025-10,Envasado,Línea 2,EQ-0457,Envasadora L2,A,Emergencia,PM05,Cerrada,10.9,19.6,699.5,884.2,3,0,0,Eléctrico,Alta,
401185,2025-10,Envasado,Línea 3,EQ-0471,Transportador L3,C,Correctivo,PM01,Cerrada,16.7,27.9,475.8,565.2,7,0,0,Instrumentación,Media,
401186,2025-10,Proceso,Línea 1,EQ-0310,Reactor P1,A,Emergencia,PM05,Cerrada,6.8,13.0,621.7,773.5,13,0,0,Servicios,Alta,
401187,2025-10,Envasado,Línea 3,EQ-0470,Paletizador,B,Preventivo,PM02,Cerrada,16.8,18.5,793.2,810.0,10,0,1,Servicios,Media,
401188,2025-10,Envasado,Línea 1,EQ-0455,Envasadora L1,A,Preventivo,PM02,Cerrada,5.3,5.9,307.1,321.7,8,0,0,Instrumentación,Media,
401189,2025-10,Proceso,Línea 2,EQ-0330,Bomba CIP,B,Mejora,PM04,Cerrada,18.1,17.9,856.2,881.0,3,0,2,Mecánico,Media,
401190,2025-10,Envasado,Línea 3,EQ-0471,Transportador L3,C,Preventivo,PM02,Cerrada,17.0,16.6,609.4,639.8,4,0,2,Mecánico,Media,
401191,2025-10,Proceso,Línea 2,EQ-0330,Bomba CIP,B,Preventivo,PM02,Cerrada,18.3,18.2,791.4,764.6,8,0,4,Mecánico,Media,
401192,2025-10,Proceso,Línea 1,EQ-0331,Bomba de proceso,C,Correctivo,PM01,Cerrada,17.6,28.1,787.8,904.0,6,0,0,Mecánico,Media,
401193,2025-10,Proceso,Línea 2,EQ-0330,Bomba CIP,B,Preventivo,PM02,Cerrada,15.2,17.0,706.4,850.6,10,0,2,Servicios,Baja,
401194,2025-10,Envasado,Línea 3,EQ-0470,Paletizador,B,Preventivo,PM03,Cerrada,16.4,17.8,768.5,839.4,9,5,16,Servicios,Baja,
401195,2025-10,Proceso,Línea 1,EQ-0310,Reactor P1,A,Preventivo,PM03,Cerrada,19.4,20.2,901.1,1004.7,6,0,1,Eléctrico,Media,
401196,2025-10,Proceso,Línea 2,EQ-0330,Bomba CIP,B,Preventivo,PM03,Cerrada,24.9,24.4,1124.6,1147.7,1,2,0,Mecánico,Media,
401197,2025-10,Proceso,Línea 1,EQ-0331,Bomba de proceso,C,Preventivo,PM02,Cerrada,3.1,3.4,55.3,64.7,2,0,0,Eléctrico,Alta,
401198,2025-10,Envasado,Línea 2,EQ-0462,Etiquetadora L2,B,Preventivo,PM02,Abierta,18.8,6.4,892.7,166.1,,13,16,Mecánico,Media,
401199,2025-10,Servicios,N/A,EQ-0211,Chiller 1,A,Correctivo,PM01,Cerrada,5.1,6.2,401.9,318.9,11,0,4,Mecánico,Alta,
401200,2025-10,Proceso,Línea 1,EQ-0310,Reactor P1,A,Predictivo,PM06,Cerrada,13.7,14.7,412.9,435.2,14,0,0,Servicios,Alta,
401201,2025-10,Proceso,Línea 1,EQ-0310,Reactor P1,A,Preventivo,PM02,Cerrada,12.0,12.6,645.8,636.1,4,0,0,Mecánico,Alta,
401202,2025-10,Envasado,Línea 2,EQ-0462,Etiquetadora L2,B,Predictivo,PM06,Cerrada,4.4,4.1,147.1,145.5,3,0,0,Eléctrico,Alta,
401203,2025-10,Envasado,Línea 3,EQ-0470,Paletizador,B,Preventivo,PM02,Cerrada,3.3,3.2,119.0,122.5,6,0,0,Mecánico,Media,
401204,2025-10,Servicios,N/A,EQ-0211,Chiller 1,A,Correctivo,PM01,Abierta,5.7,1.5,521.2,125.9,,4,0,Mecánico,Media,
401205,2025-10,Bodega,N/A,EQ-0601,Grúa horquilla 4,C,Preventivo,PM02,Cerrada,25.0,27.4,669.5,701.0,13,0,2,Mecánico,Baja,
401206,2025-10,Servicios,N/A,EQ-0201,Caldera 1,A,Correctivo,PM01,Cerrada,20.5,40.9,1805.6,2253.6,1,0,0,Eléctrico,Media,
401207,2025-10,Servicios,N/A,EQ-0210,Compresor 3,B,Preventivo,PM02,Cerrada,25.6,28.1,1238.4,1290.0,3,0,0,Servicios,Media,
401208,2025-10,Servicios,N/A,EQ-0210,Compresor 3,B,Preventivo,PM03,Cerrada,21.6,20.3,1050.8,933.2,9,0,2,Mecánico,Media,
401209,2025-10,Envasado,Línea 3,EQ-0470,Paletizador,B,Correctivo,PM01,Abierta,17.4,6.4,850.0,28.5,,18,0,Mecánico,Media,
401210,2025-10,Servicios,N/A,EQ-0210,Compresor 3,B,Correctivo,PM01,Cerrada,11.8,22.3,630.5,777.0,13,0,0,Mecánico,Alta,
401211,2025-10,Envasado,Línea 1,EQ-0461,Etiquetadora L1,A,Preventivo,PM02,Cerrada,6.5,6.9,234.2,236.3,5,0,0,Mecánico,Baja,
401212,2025-10,Envasado,Línea 2,EQ-0462,Etiquetadora L2,B,Preventivo,PM03,Cerrada,17.7,16.9,419.1,388.1,7,0,0,Mecánico,Baja,
401213,2025-10,Proceso,Línea 1,EQ-0311,Intercambiador P1,B,Predictivo,PM06,Cerrada,10.8,10.0,360.5,342.3,4,0,0,Instrumentación,Baja,
401214,2025-10,Bodega,N/A,EQ-0601,Grúa horquilla 4,C,Preventivo,PM02,Cerrada,24.4,26.6,553.2,653.3,6,0,4,Instrumentación,Alta,
401215,2025-10,Bodega,N/A,EQ-0601,Grúa horquilla 4,C,Preventivo,PM02,Cerrada,10.6,10.1,235.7,219.5,6,0,0,Mecánico,Media,
401216,2025-10,Proceso,Línea 1,EQ-0311,Intercambiador P1,B,Correctivo,PM01,Cerrada,30.2,48.4,1492.1,1588.4,4,0,0,Mecánico,Baja,
401217,2025-10,Servicios,N/A,EQ-0201,Caldera 1,A,Preventivo,PM02,Cerrada,6.1,6.5,248.3,251.2,7,0,0,Mecánico,Media,
401218,2025-10,Proceso,Línea 2,EQ-0330,Bomba CIP,B,Preventivo,PM03,Cerrada,19.9,18.4,594.9,551.2,1,0,0,Mecánico,Media,
401219,2025-10,Proceso,Línea 1,EQ-0310,Reactor P1,A,Preventivo,PM02,Cerrada,20.0,19.7,867.9,841.7,11,0,1,Mecánico,Media,
401220,2025-10,Proceso,Línea 1,EQ-0311,Intercambiador P1,B,Correctivo,PM01,Cerrada,27.2,31.3,1325.0,977.8,7,0,1,Mecánico,Media,
401221,2025-10,Servicios,N/A,EQ-0210,Compresor 3,B,Preventivo,PM03,Abierta,13.9,2.1,348.7,35.3,,12,0,Mecánico,Media,
401222,2025-10,Proceso,Línea 1,EQ-0310,Reactor P1,A,Preventivo,PM03,Cerrada,9.6,9.6,350.7,333.2,4,0,0,Eléctrico,Baja,
401223,2025-10,Envasado,Línea 3,EQ-0471,Transportador L3,C,Correctivo,PM01,Abierta,19.5,1.2,994.1,178.8,,6,2,Eléctrico,Baja,
401224,2025-10,Proceso,Línea 2,EQ-0320,Mezclador P2,B,Emergencia,PM05,Cerrada,18.5,22.8,713.4,606.7,1,0,0,Mecánico,Baja,
401225,2025-11,Envasado,Línea 3,EQ-0470,Paletizador,B,Preventivo,PM02,Cerrada,18.0,17.5,883.2,892.6,11,0,2,Eléctrico,Media,
401226,2025-11,Proceso,Línea 2,EQ-0320,Mezclador P2,B,Correctivo,PM01,Cerrada,13.7,20.6,876.0,884.2,2,0,6,Eléctrico,Alta,
401227,2025-11,Envasado,Línea 2,EQ-0457,Envasadora L2,A,Emergencia,PM05,Cerrada,12.2,21.6,586.4,706.1,11,0,0,Mecánico,Media,
401228,2025-11,Servicios,N/A,EQ-0210,Compresor 3,B,Preventivo,PM02,Cerrada,15.2,15.6,505.6,479.0,3,4,16,Eléctrico,Baja,
401229,2025-11,Bodega,N/A,EQ-0601,Grúa horquilla 4,C,Correctivo,PM01,Cerrada,20.5,23.7,1136.2,823.5,6,6,0,Eléctrico,Media,
401230,2025-11,Servicios,N/A,EQ-0211,Chiller 1,A,Preventivo,PM03,Cerrada,5.9,5.5,176.1,167.8,4,0,0,Servicios,Baja,
401231,2025-11,Servicios,N/A,EQ-0202,Caldera 2,B,Preventivo,PM02,Cerrada,8.1,8.6,373.9,413.9,8,0,0,Servicios,Alta,
401232,2025-11,Servicios,N/A,EQ-0201,Caldera 1,A,Preventivo,PM02,Cerrada,11.0,10.2,479.8,482.0,8,0,0,Mecánico,Media,
401233,2025-11,Bodega,N/A,EQ-0601,Grúa horquilla 4,C,Preventivo,PM02,Cerrada,11.9,11.3,336.0,339.8,8,0,0,Servicios,Alta,
401234,2025-11,Proceso,Línea 2,EQ-0330,Bomba CIP,B,Predictivo,PM06,Cerrada,22.1,20.5,929.4,796.4,9,0,0,Mecánico,Baja,
401235,2025-11,Proceso,Línea 1,EQ-0310,Reactor P1,A,Preventivo,PM02,Cerrada,19.6,21.0,1090.6,1183.6,7,0,0,Eléctrico,Baja,
401236,2025-11,Proceso,Línea 1,EQ-0311,Intercambiador P1,B,Preventivo,PM02,Cerrada,14.1,13.3,549.7,511.2,3,0,1,Mecánico,Baja,
401237,2025-11,Envasado,Línea 3,EQ-0471,Transportador L3,C,Correctivo,PM01,Cerrada,23.9,31.6,685.6,619.7,2,7,0,Mecánico,Media,
401238,2025-11,Proceso,Línea 1,EQ-0310,Reactor P1,A,Correctivo,PM01,Cerrada,25.5,53.1,2150.3,3030.8,6,9,0,Mecánico,Media,
401239,2025-11,Servicios,N/A,EQ-0202,Caldera 2,B,Mejora,PM04,Cerrada,12.3,11.9,376.6,354.8,13,0,0,Eléctrico,Media,
401240,2025-11,Envasado,Línea 1,EQ-0461,Etiquetadora L1,A,Correctivo,PM01,Cerrada,6.7,11.2,404.1,480.7,3,0,0,Servicios,Media,
401241,2025-11,Servicios,N/A,EQ-0202,Caldera 2,B,Preventivo,PM03,Cerrada,25.7,25.7,1204.3,1243.2,7,0,0,Eléctrico,Media,
401242,2025-11,Envasado,Línea 2,EQ-0457,Envasadora L2,A,Preventivo,PM02,Cerrada,17.8,16.8,617.0,614.0,11,0,4,Mecánico,Baja,
401243,2025-11,Proceso,Línea 1,EQ-0310,Reactor P1,A,Preventivo,PM02,Cerrada,7.8,8.6,368.1,382.8,5,0,0,Eléctrico,Alta,
401244,2025-11,Servicios,N/A,EQ-0202,Caldera 2,B,Preventivo,PM02,Cerrada,3.6,3.4,102.5,104.5,1,0,0,Instrumentación,Media,
401245,2025-11,Servicios,N/A,EQ-0211,Chiller 1,A,Preventivo,PM02,Abierta,7.1,1.1,381.4,166.9,,11,17,Servicios,Alta,
401246,2025-11,Envasado,Línea 3,EQ-0471,Transportador L3,C,Preventivo,PM03,Cerrada,25.9,25.4,957.9,918.9,2,0,0,Eléctrico,Media,
401247,2025-11,Bodega,N/A,EQ-0601,Grúa horquilla 4,C,Correctivo,PM01,Cerrada,9.5,15.5,366.9,426.1,12,0,0,Mecánico,Baja,
401248,2025-11,Servicios,N/A,EQ-0201,Caldera 1,A,Correctivo,PM01,Cerrada,6.5,12.1,569.0,732.3,1,0,0,Instrumentación,Alta,
401249,2025-11,Servicios,N/A,EQ-0201,Caldera 1,A,Preventivo,PM03,Cerrada,8.5,8.1,265.5,261.9,4,0,0,Instrumentación,Alta,
401250,2025-11,Bodega,N/A,EQ-0601,Grúa horquilla 4,C,Correctivo,PM01,Abierta,27.6,3.7,784.8,8.9,,5,0,Mecánico,Media,
401251,2025-11,Proceso,Línea 1,EQ-0311,Intercambiador P1,B,Preventivo,PM02,Cerrada,3.0,2.9,102.8,96.4,1,0,0,Mecánico,Baja,
401252,2025-11,Envasado,Línea 2,EQ-0457,Envasadora L2,A,Correctivo,PM01,Cerrada,14.0,19.1,701.3,643.9,6,0,0,Instrumentación,Media,
401253,2025-11,Bodega,N/A,EQ-0601,Grúa horquilla 4,C,Preventivo,PM03,Cerrada,25.1,25.2,633.5,656.2,6,8,0,Eléctrico,Media,
401254,2025-11,Envasado,Línea 1,EQ-0461,Etiquetadora L1,A,Correctivo,PM01,Cerrada,7.3,11.4,460.1,490.1,10,0,0,Instrumentación,Alta,
401255,2025-11,Proceso,Línea 1,EQ-0311,Intercambiador P1,B,Correctivo,PM01,Cerrada,27.6,53.6,1597.7,2042.5,3,0,4,Eléctrico,Baja,
401256,2025-11,Servicios,N/A,EQ-0210,Compresor 3,B,Preventivo,PM03,Cerrada,10.6,11.7,304.8,342.0,5,0,4,Eléctrico,Media,
401257,2025-11,Proceso,Línea 2,EQ-0330,Bomba CIP,B,Preventivo,PM02,Cerrada,23.8,25.7,980.6,1074.8,3,0,0,Instrumentación,Media,
401258,2025-11,Servicios,N/A,EQ-0202,Caldera 2,B,Correctivo,PM01,Cerrada,15.3,30.4,1105.9,1499.4,9,0,0,Servicios,Media,
401259,2025-11,Servicios,N/A,EQ-0210,Compresor 3,B,Preventivo,PM02,Cerrada,4.0,4.4,186.4,206.0,6,0,0,Servicios,Alta,
401260,2025-11,Envasado,Línea 3,EQ-0471,Transportador L3,C,Preventivo,PM03,Cerrada,20.3,22.5,730.8,759.9,6,0,6,Mecánico,Media,
401261,2025-11,Servicios,N/A,EQ-0201,Caldera 1,A,Preventivo,PM03,Cerrada,16.7,17.0,602.6,647.4,12,0,4,Eléctrico,Media,
401262,2025-11,Envasado,Línea 1,EQ-0461,Etiquetadora L1,A,Preventivo,PM02,Cerrada,18.0,17.7,752.3,790.2,13,9,16,Eléctrico,Media,
401263,2025-11,Servicios,N/A,EQ-0211,Chiller 1,A,Correctivo,PM01,Cerrada,11.0,19.6,773.0,963.0,13,5,0,Mecánico,Baja,
401264,2025-11,Proceso,Línea 2,EQ-0330,Bomba CIP,B,Preventivo,PM02,Abierta,23.0,5.2,900.0,297.1,,0,0,Mecánico,Media,
401265,2025-11,Envasado,Línea 3,EQ-0470,Paletizador,B,Emergencia,PM05,Cerrada,23.0,36.8,1691.0,1709.2,7,0,0,Instrumentación,Media,
401266,2025-11,Servicios,N/A,EQ-0210,Compresor 3,B,Correctivo,PM01,Cerrada,21.0,38.3,981.8,1198.1,6,0,4,Eléctrico,Alta,
401267,2025-11,Proceso,Línea 1,EQ-0310,Reactor P1,A,Preventivo,PM03,Cerrada,7.0,6.8,326.6,316.1,11,0,0,Servicios,Baja,
401268,2025-11,Servicios,N/A,EQ-0201,Caldera 1,A,Correctivo,PM01,Cerrada,19.0,24.7,934.3,845.9,8,0,0,Eléctrico,Alta,
401269,2025-11,Envasado,Línea 2,EQ-0457,Envasadora L2,A,Correctivo,PM01,Cerrada,12.3,18.0,726.0,743.7,11,0,0,Servicios,Media,
401270,2025-11,Proceso,Línea 2,EQ-0320,Mezclador P2,B,Preventivo,PM02,Cerrada,15.0,16.7,725.7,867.7,6,0,0,Instrumentación,Alta,
401271,2025-11,Proceso,Línea 1,EQ-0331,Bomba de proceso,C,Predictivo,PM06,Cerrada,16.1,16.0,368.8,376.9,8,0,0,Mecánico,Media,
401272,2025-11,Servicios,N/A,EQ-0211,Chiller 1,A,Preventivo,PM02,Cerrada,24.6,24.6,1491.3,1465.9,5,0,2,Mecánico,Alta,
401273,2025-11,Envasado,Línea 3,EQ-0471,Transportador L3,C,Correctivo,PM01,Cerrada,5.2,9.3,246.2,284.5,7,0,0,Eléctrico,Media,
401274,2025-11,Proceso,Línea 1,EQ-0331,Bomba de proceso,C,Preventivo,PM03,Cerrada,4.1,4.0,97.3,89.2,3,0,4,Eléctrico,Baja,
401275,2025-11,Proceso,Línea 2,EQ-0320,Mezclador P2,B,Preventivo,PM02,Cerrada,19.4,20.8,492.5,490.1,13,0,0,Mecánico,Baja,
401276,2025-11,Envasado,Línea 2,EQ-0457,Envasadora L2,A,Preventivo,PM02,Cerrada,8.6,7.9,350.0,329.2,7,0,0,Mecánico,Baja,
401277,2025-11,Proceso,Línea 1,EQ-0310,Reactor P1,A,Mejora,PM04,Cerrada,13.4,12.4,837.7,727.4,1,0,1,Mecánico,Baja,
401278,2025-11,Proceso,Línea 1,EQ-0311,Intercambiador P1,B,Correctivo,PM01,Cerrada,5.9,7.1,207.9,181.2,11,0,0,Mecánico,Alta,
401279,2025-11,Servicios,N/A,EQ-0201,Caldera 1,A,Preventivo,PM02,Cerrada,15.6,14.9,527.3,476.3,8,0,0,Mecánico,Baja,
401280,2025-11,Envasado,Línea 2,EQ-0462,Etiquetadora L2,B,Preventivo,PM02,Cerrada,17.5,17.8,414.5,451.6,7,0,2,Mecánico,Baja,
401281,2025-11,Envasado,Línea 3,EQ-0470,Paletizador,B,Preventivo,PM02,Abierta,11.0,4.8,448.8,61.9,,15,16,Mecánico,Media,
401282,2025-11,Proceso,Línea 1,EQ-0331,Bomba de proceso,C,Preventivo,PM02,Cerrada,13.5,14.1,467.5,519.3,8,0,0,Eléctrico,Alta,
401283,2025-11,Proceso,Línea 1,EQ-0310,Reactor P1,A,Preventivo,PM03,Cerrada,24.6,25.7,1492.0,1680.0,8,0,0,Mecánico,Baja,
401284,2025-11,Servicios,N/A,EQ-0202,Caldera 2,B,Preventivo,PM03,Cerrada,15.6,15.2,428.5,450.9,1,1,16,Eléctrico,Alta,
401285,2025-11,Envasado,Línea 2,EQ-0462,Etiquetadora L2,B,Preventivo,PM03,Cerrada,24.9,24.2,827.5,844.5,1,0,0,Mecánico,Media,
401286,2025-11,Envasado,Línea 3,EQ-0470,Paletizador,B,Correctivo,PM01,Cerrada,23.4,41.6,1576.9,2023.5,2,0,4,Instrumentación,Alta,
401287,2025-11,Proceso,Línea 1,EQ-0331,Bomba de proceso,C,Preventivo,PM02,Cerrada,4.9,4.5,169.3,147.9,4,0,0,Servicios,Alta,
401288,2025-11,Proceso,Línea 1,EQ-0310,Reactor P1,A,Preventivo,PM02,Cerrada,6.3,7.0,310.3,352.2,3,0,0,Mecánico,Baja,
401289,2025-11,Envasado,Línea 2,EQ-0457,Envasadora L2,A,Preventivo,PM02,Cerrada,19.3,18.0,682.4,596.8,11,0,0,Eléctrico,Media,
401290,2025-11,Proceso,Línea 2,EQ-0320,Mezclador P2,B,Preventivo,PM02,Cerrada,3.1,3.3,94.2,99.6,9,7,18,Instrumentación,Media,
401291,2025-11,Servicios,N/A,EQ-0201,Caldera 1,A,Preventivo,PM02,Abierta,13.5,3.6,749.7,53.2,,25,0,Mecánico,Baja,
401292,2025-11,Proceso,Línea 1,EQ-0310,Reactor P1,A,Correctivo,PM01,Cerrada,12.8,26.8,1009.5,1366.3,4,0,0,Mecánico,Media,
401293,2025-11,Envasado,Línea 3,EQ-0470,Paletizador,B,Correctivo,PM01,Abierta,20.1,6.0,1358.2,102.4,,27,0,Mecánico,Baja,Requiere parada de planta
401294,2025-11,Envasado,Línea 2,EQ-0457,Envasadora L2,A,Emergencia,PM05,Cerrada,29.3,59.1,2501.0,3375.0,7,9,0,Mecánico,Baja,
401295,2025-11,Proceso,Línea 1,EQ-0310,Reactor P1,A,Correctivo,PM01,Cerrada,12.0,21.4,969.6,1219.4,11,0,0,Mecánico,Baja,
401296,2025-11,Envasado,Línea 2,EQ-0462,Etiquetadora L2,B,Preventivo,PM02,Cerrada,18.2,18.0,623.4,641.4,13,6,17,Eléctrico,Baja,
401297,2025-11,Proceso,Línea 2,EQ-0330,Bomba CIP,B,Preventivo,PM02,Abierta,19.7,1.8,952.5,225.7,,11,16,Mecánico,Baja,
401298,2025-11,Proceso,Línea 1,EQ-0310,Reactor P1,A,Correctivo,PM01,Cerrada,11.8,16.6,909.1,882.8,3,0,2,Instrumentación,Alta,
401299,2025-11,Envasado,Línea 3,EQ-0470,Paletizador,B,Preventivo,PM02,Cerrada,21.4,23.4,742.2,830.3,12,0,0,Instrumentación,Media,
401300,2025-11,Proceso,Línea 1,EQ-0310,Reactor P1,A,Preventivo,PM02,Cerrada,18.9,17.5,685.3,685.9,7,8,16,Eléctrico,Alta,
401301,2025-11,Servicios,N/A,EQ-0202,Caldera 2,B,Correctivo,PM01,Cerrada,6.8,10.2,248.9,240.7,11,0,0,Mecánico,Baja,
401302,2025-11,Envasado,Línea 3,EQ-0470,Paletizador,B,Preventivo,PM03,Cerrada,6.0,5.6,268.9,264.7,2,0,0,Mecánico,Media,
401303,2025-11,Servicios,N/A,EQ-0201,Caldera 1,A,Preventivo,PM02,Cerrada,15.6,15.4,489.8,458.8,7,0,0,Eléctrico,Baja,
401304,2025-11,Envasado,Línea 2,EQ-0462,Etiquetadora L2,B,Preventivo,PM02,Cerrada,7.2,6.8,332.5,331.1,7,0,2,Mecánico,Alta,
401305,2025-11,Proceso,Línea 1,EQ-0331,Bomba de proceso,C,Preventivo,PM02,Cerrada,9.3,9.6,342.7,364.9,11,0,4,Mecánico,Media,
401306,2025-11,Envasado,Línea 1,EQ-0461,Etiquetadora L1,A,Preventivo,PM02,Cerrada,13.5,14.0,713.2,794.5,3,0,0,Eléctrico,Baja,
401307,2025-11,Envasado,Línea 3,EQ-0471,Transportador L3,C,Preventivo,PM03,Cerrada,3.7,3.5,63.8,56.5,4,0,0,Instrumentación,Media,
401308,2025-11,Servicios,N/A,EQ-0201,Caldera 1,A,Correctivo,PM01,Cerrada,19.7,42.7,945.8,1359.7,8,1,0,Mecánico,Media,
401309,2025-11,Envasado,Línea 1,EQ-0461,Etiquetadora L1,A,Preventivo,PM03,Cerrada,14.6,14.7,465.1,492.1,3,0,0,Mecánico,Baja,
401310,2025-11,Servicios,N/A,EQ-0211,Chiller 1,A,Preventivo,PM02,Cerrada,9.0,8.3,521.4,504.9,1,0,0,Servicios,Alta,
401311,2025-11,Envasado,Línea 3,EQ-0471,Transportador L3,C,Preventivo,PM02,Cerrada,15.3,17.0,401.2,473.8,12,1,0,Mecánico,Baja,
401312,2025-11,Servicios,N/A,EQ-0201,Caldera 1,A,Preventivo,PM03,Cerrada,2.7,2.7,122.3,114.4,10,0,0,Eléctrico,Baja,
401313,2025-11,Servicios,N/A,EQ-0201,Caldera 1,A,Correctivo,PM01,Cerrada,2.8,3.8,194.1,184.3,3,0,1,Instrumentación,Baja,
401314,2025-11,Proceso,Línea 1,EQ-0310,Reactor P1,A,Correctivo,PM01,Cerrada,11.5,19.0,933.1,1000.0,4,0,0,Servicios,Alta,
401315,2025-11,Servicios,N/A,EQ-0201,Caldera 1,A,Correctivo,PM01,Cerrada,14.1,27.0,1082.3,1389.5,3,0,0,Eléctrico,Alta,
401316,2025-11,Envasado,Línea 2,EQ-0457,Envasadora L2,A,Preventivo,PM02,Cerrada,25.9,24.6,1596.2,1572.8,12,0,0,Mecánico,Baja,
401317,2025-11,Envasado,Línea 1,EQ-0455,Envasadora L1,A,Preventivo,PM02,Cerrada,22.5,22.4,772.9,737.1,4,0,2,Eléctrico,Media,
401318,2025-11,Proceso,Línea 1,EQ-0331,Bomba de proceso,C,Preventivo,PM02,Cerrada,18.4,19.9,366.8,367.8,6,3,4,Mecánico,Baja,
401319,2025-11,Proceso,Línea 2,EQ-0320,Mezclador P2,B,Preventivo,PM02,Cerrada,25.3,24.7,1151.2,1202.7,5,8,0,Mecánico,Baja,
401320,2025-11,Envasado,Línea 2,EQ-0457,Envasadora L2,A,Preventivo,PM02,Cerrada,9.9,9.5,578.6,533.3,4,0,0,Servicios,Baja,
401321,2025-11,Proceso,Línea 2,EQ-0320,Mezclador P2,B,Preventivo,PM03,Cerrada,6.2,6.7,276.5,278.5,10,0,0,Mecánico,Media,
401322,2025-11,Envasado,Línea 2,EQ-0457,Envasadora L2,A,Preventivo,PM02,Cerrada,25.1,25.8,1445.4,1579.2,8,0,1,Mecánico,Baja,
401323,2025-11,Envasado,Línea 3,EQ-0470,Paletizador,B,Preventivo,PM02,Cerrada,14.6,14.5,484.9,483.3,10,0,0,Eléctrico,Media,
401324,2025-11,Envasado,Línea 2,EQ-0457,Envasadora L2,A,Correctivo,PM01,Cerrada,4.7,8.0,358.1,387.8,7,0,0,Instrumentación,Alta,
401325,2025-11,Proceso,Línea 1,EQ-0311,Intercambiador P1,B,Preventivo,PM02,Cerrada,11.3,11.1,307.7,292.7,3,0,0,Mecánico,Media,
401326,2025-11,Servicios,N/A,EQ-0210,Compresor 3,B,Correctivo,PM01,Cerrada,6.4,7.9,258.8,218.7,6,0,0,Mecánico,Media,
401327,2025-11,Servicios,N/A,EQ-0202,Caldera 2,B,Preventivo,PM02,Cerrada,20.7,21.2,889.0,953.6,9,0,0,Mecánico,Media,
401328,2025-11,Envasado,Línea 3,EQ-0470,Paletizador,B,Preventivo,PM02,Abierta,24.1,1.0,907.4,366.1,,7,16,Eléctrico,Media,
401329,2025-11,Envasado,Línea 2,EQ-0457,Envasadora L2,A,Preventivo,PM03,Cerrada,20.3,20.6,1132.1,1114.7,6,0,0,Eléctrico,Media,
401330,2025-11,Proceso,Línea 1,EQ-0310,Reactor P1,A,Preventivo,PM03,Cerrada,2.3,2.2,80.8,79.1,10,0,1,Instrumentación,Media,
401331,2025-11,Envasado,Línea 1,EQ-0455,Envasadora L1,A,Correctivo,PM01,Cerrada,7.7,13.2,430.3,471.6,1,0,0,Instrumentación,Media,
401332,2025-11,Envasado,Línea 3,EQ-0471,Transportador L3,C,Correctivo,PM01,Cerrada,21.9,41.7,1094.9,1504.4,6,8,0,Servicios,Media,
401333,2025-11,Servicios,N/A,EQ-0211,Chiller 1,A,Correctivo,PM01,Cerrada,27.6,39.1,2441.7,2139.7,8,0,0,Instrumentación,Media,
401334,2025-11,Proceso,Línea 2,EQ-0330,Bomba CIP,B,Correctivo,PM01,Cerrada,31.1,48.7,1850.1,2027.4,1,0,0,Mecánico,Baja,
401335,2025-11,Envasado,Línea 1,EQ-0461,Etiquetadora L1,A,Emergencia,PM05,Cerrada,18.6,30.2,1206.4,1379.3,6,0,0,Servicios,Alta,
401336,2025-11,Servicios,N/A,EQ-0210,Compresor 3,B,Preventivo,PM03,Cerrada,4.5,5.0,201.3,204.6,11,0,0,Servicios,Media,
401337,2025-11,Proceso,Línea 2,EQ-0320,Mezclador P2,B,Mejora,PM04,Cerrada,3.8,3.5,171.0,150.2,8,0,0,Eléctrico,Baja,
401338,2025-11,Proceso,Línea 2,EQ-0320,Mezclador P2,B,Preventivo,PM03,Abierta,7.0,2.4,307.2,163.1,,20,24,Mecánico,Baja,
401339,2025-11,Envasado,Línea 2,EQ-0457,Envasadora L2,A,Correctivo,PM01,Cerrada,17.3,26.8,1511.9,1496.9,1,0,0,Eléctrico,Alta,
401340,2025-11,Proceso,Línea 2,EQ-0330,Bomba CIP,B,Preventivo,PM02,Cerrada,10.3,9.7,307.4,313.3,1,0,0,Eléctrico,Media,
401341,2025-11,Servicios,N/A,EQ-0202,Caldera 2,B,Preventivo,PM02,Cerrada,11.9,13.2,273.6,299.8,3,0,0,Eléctrico,Alta,
401342,2025-11,Envasado,Línea 1,EQ-0455,Envasadora L1,A,Preventivo,PM02,Cerrada,22.0,21.3,831.8,852.8,6,0,0,Mecánico,Media,
401343,2025-11,Envasado,Línea 1,EQ-0455,Envasadora L1,A,Correctivo,PM01,Cerrada,14.2,25.7,676.0,795.7,11,0,0,Eléctrico,Media,
401344,2025-11,Servicios,N/A,EQ-0210,Compresor 3,B,Correctivo,PM01,Cerrada,19.9,37.8,1145.9,1516.9,13,0,2,Mecánico,Media,
401345,2025-12,Servicios,N/A,EQ-0210,Compresor 3,B,Preventivo,PM02,Cerrada,7.3,7.7,340.2,353.7,3,0,4,Eléctrico,Media,
401346,2025-12,Servicios,N/A,EQ-0211,Chiller 1,A,Emergencia,PM05,Cerrada,24.9,36.1,1300.3,1295.5,6,0,4,Eléctrico,Media,
401347,2025-12,Servicios,N/A,EQ-0202,Caldera 2,B,Preventivo,PM02,Cerrada,2.9,2.8,103.3,109.3,2,0,0,Mecánico,Baja,
401348,2025-12,Bodega,N/A,EQ-0601,Grúa horquilla 4,C,Preventivo,PM02,Abierta,22.5,8.6,532.0,132.5,,3,0,Mecánico,Media,
401349,2025-12,Servicios,N/A,EQ-0202,Caldera 2,B,Correctivo,PM01,Cerrada,17.7,23.4,1004.1,840.9,6,0,0,Eléctrico,Alta,
401350,2025-12,Proceso,Línea 2,EQ-0320,Mezclador P2,B,Preventivo,PM02,Cerrada,15.0,13.9,463.6,419.4,10,0,1,Eléctrico,Baja,
401351,2025-12,Proceso,Línea 1,EQ-0310,Reactor P1,A,Preventivo,PM02,Cerrada,16.2,15.3,951.5,835.3,2,0,0,Mecánico,Media,
401352,2025-12,Servicios,N/A,EQ-0201,Caldera 1,A,Predictivo,PM06,Cerrada,12.7,14.0,732.4,861.2,1,0,0,Servicios,Media,
401353,2025-12,Bodega,N/A,EQ-0601,Grúa horquilla 4,C,Preventivo,PM02,Abierta,13.8,6.1,361.6,69.4,,15,18,Servicios,Media,
401354,2025-12,Envasado,Línea 1,EQ-0455,Envasadora L1,A,Preventivo,PM02,Cerrada,17.4,16.6,995.7,997.7,11,0,0,Eléctrico,Media,
401355,2025-12,Envasado,Línea 2,EQ-0462,Etiquetadora L2,B,Emergencia,PM05,Cerrada,18.6,25.2,1046.1,875.1,12,0,0,Instrumentación,Baja,
401356,2025-12,Proceso,Línea 1,EQ-0311,Intercambiador P1,B,Correctivo,PM01,Cerrada,27.2,36.8,1722.8,1532.5,7,0,0,Eléctrico,Alta,
401357,2025-12,Proceso,Línea 2,EQ-0330,Bomba CIP,B,Preventivo,PM03,Cerrada,4.4,4.1,122.1,110.7,10,0,0,Mecánico,Media,
401358,2025-12,Servicios,N/A,EQ-0211,Chiller 1,A,Correctivo,PM01,Cerrada,14.3,25.4,826.6,900.3,2,0,0,Mecánico,Baja,
401359,2025-12,Servicios,N/A,EQ-0202,Caldera 2,B,Mejora,PM04,Cerrada,21.8,22.2,871.7,945.7,8,0,0,Eléctrico,Baja,
401360,2025-12,Proceso,Línea 2,EQ-0330,Bomba CIP,B,Preventivo,PM02,Cerrada,11.1,11.4,254.0,269.3,9,0,0,Mecánico,Alta,
401361,2025-12,Envasado,Línea 1,EQ-0461,Etiquetadora L1,A,Preventivo,PM03,Cerrada,17.5,18.1,992.5,1062.5,6,0,0,Eléctrico,Alta,
401362,2025-12,Proceso,Línea 2,EQ-0320,Mezclador P2,B,Mejora,PM04,Cerrada,8.3,9.3,210.3,235.9,3,5,0,Mecánico,Baja,
401363,2025-12,Bodega,N/A,EQ-0601,Grúa horquilla 4,C,Preventivo,PM03,Cerrada,17.7,19.7,394.5,420.0,5,0,6,Eléctrico,Media,
401364,2025-12,Envasado,Línea 1,EQ-0461,Etiquetadora L1,A,Correctivo,PM01,Cerrada,6.4,13.1,298.0,379.0,7,0,0,Mecánico,Media,
401365,2025-12,Proceso,Línea 1,EQ-0311,Intercambiador P1,B,Correctivo,PM01,Cerrada,18.1,36.5,767.6,1064.3,1,0,0,Mecánico,Media,
401366,2025-12,Bodega,N/A,EQ-0601,Grúa horquilla 4,C,Preventivo,PM02,Cerrada,12.8,12.4,248.5,256.7,11,0,0,Mecánico,Media,
401367,2025-12,Proceso,Línea 1,EQ-0311,Intercambiador P1,B,Preventivo,PM02,Cerrada,18.0,16.7,801.3,696.7,2,0,0,Mecánico,Media,
401368,2025-12,Envasado,Línea 3,EQ-0471,Transportador L3,C,Preventivo,PM02,Cerrada,20.8,19.7,409.2,406.9,7,0,0,Mecánico,Baja,
401369,2025-12,Envasado,Línea 1,EQ-0455,Envasadora L1,A,Preventivo,PM02,Cerrada,8.0,8.6,242.1,249.1,1,0,0,Mecánico,Media,
401370,2025-12,Envasado,Línea 3,EQ-0470,Paletizador,B,Preventivo,PM02,Cerrada,10.9,11.4,367.5,373.6,11,0,0,Mecánico,Alta,
401371,2025-12,Proceso,Línea 2,EQ-0330,Bomba CIP,B,Preventivo,PM03,Cerrada,24.4,25.6,1081.5,1174.4,10,0,0,Eléctrico,Alta,
401372,2025-12,Proceso,Línea 1,EQ-0331,Bomba de proceso,C,Correctivo,PM01,Cerrada,18.0,37.5,535.6,689.5,4,7,0,Mecánico,Baja,
401373,2025-12,Proceso,Línea 1,EQ-0331,Bomba de proceso,C,Correctivo,PM01,Cerrada,24.4,45.5,1109.6,1335.9,7,2,0,Eléctrico,Alta,
401374,2025-12,Proceso,Línea 1,EQ-0331,Bomba de proceso,C,Correctivo,PM01,Cerrada,15.8,21.7,490.9,455.8,12,0,0,Mecánico,Alta,
401375,2025-12,Proceso,Línea 1,EQ-0331,Bomba de proceso,C,Preventivo,PM02,Cerrada,12.2,12.7,218.7,210.7,7,0,0,Instrumentación,Media,
401376,2025-12,Proceso,Línea 2,EQ-0330,Bomba CIP,B,Preventivo,PM02,Cerrada,9.9,9.7,470.1,457.9,11,0,0,Mecánico,Media,
401377,2025-12,Envasado,Línea 2,EQ-0462,Etiquetadora L2,B,Preventivo,PM02,Abierta,6.5,2.3,282.2,22.1,,7,16,Mecánico,Baja,
401378,2025-12,Envasado,Línea 1,EQ-0455,Envasadora L1,A,Emergencia,PM05,Cerrada,4.7,5.5,372.5,283.7,1,0,0,Mecánico,Media,
401379,2025-12,Proceso,Línea 2,EQ-0330,Bomba CIP,B,Preventivo,PM02,Cerrada,11.0,11.0,393.5,372.0,8,0,0,Eléctrico,Baja,
401380,2025-12,Envasado,Línea 2,EQ-0457,Envasadora L2,A,Predictivo,PM06,Cerrada,22.9,22.6,1371.9,1398.8,4,1,4,Mecánico,Alta,
401381,2025-12,Envasado,Línea 3,EQ-0470,Paletizador,B,Preventivo,PM03,Abierta,9.3,4.1,372.1,7.8,,20,16,Mecánico,Baja,
401382,2025-12,Servicios,N/A,EQ-0210,Compresor 3,B,Preventivo,PM02,Cerrada,8.0,8.4,326.9,361.1,10,0,0,Eléctrico,Baja,
401383,2025-12,Proceso,Línea 1,EQ-0331,Bomba de proceso,C,Predictivo,PM06,Cerrada,3.8,4.1,91.9,102.0,13,0,4,Instrumentación,Media,
401384,2025-12,Envasado,Línea 1,EQ-0461,Etiquetadora L1,A,Preventivo,PM02,Cerrada,21.3,22.3,1109.3,1096.6,3,0,0,Eléctrico,Media,
401385,2025-12,Bodega,N/A,EQ-0601,Grúa horquilla 4,C,Preventivo,PM03,Cerrada,3.2,3.4,72.2,75.8,13,0,4,Mecánico,Media,
401386,2025-12,Proceso,Línea 2,EQ-0330,Bomba CIP,B,Correctivo,PM01,Cerrada,3.6,5.6,164.2,171.2,13,0,0,Mecánico,Media,
401387,2025-12,Proceso,Línea 2,EQ-0330,Bomba CIP,B,Correctivo,PM01,Cerrada,6.8,13.3,486.9,607.0,12,0,0,Servicios,Media,
401388,2025-12,Servicios,N/A,EQ-0202,Caldera 2,B,Preventivo,PM02,Cerrada,14.5,14.9,451.0,488.3,8,0,0,Mecánico,Baja,
401389,2025-12,Envasado,Línea 2,EQ-0457,Envasadora L2,A,Emergencia,PM05,Cerrada,8.8,14.2,691.4,715.5,7,0,0,Instrumentación,Media,
401390,2025-12,Proceso,Línea 1,EQ-0331,Bomba de proceso,C,Preventivo,PM02,Cerrada,10.9,11.7,239.2,246.3,12,0,2,Eléctrico,Alta,
401391,2025-12,Servicios,N/A,EQ-0211,Chiller 1,A,Correctivo,PM01,Cerrada,18.1,21.8,1546.0,1161.8,8,0,0,Servicios,Media,
401392,2025-12,Envasado,Línea 2,EQ-0462,Etiquetadora L2,B,Preventivo,PM03,Cerrada,16.1,15.6,602.3,571.9,2,0,0,Eléctrico,Media,
401393,2025-12,Proceso,Línea 1,EQ-0311,Intercambiador P1,B,Emergencia,PM05,Cerrada,14.7,31.9,930.4,1315.1,4,0,0,Servicios,Baja,
401394,2025-12,Envasado,Línea 1,EQ-0455,Envasadora L1,A,Correctivo,PM01,Cerrada,32.5,40.7,1644.6,1341.2,6,0,0,Eléctrico,Alta,
401395,2025-12,Proceso,Línea 2,EQ-0330,Bomba CIP,B,Preventivo,PM02,Cerrada,16.2,15.0,607.1,565.4,9,0,0,Eléctrico,Baja,
401396,2025-12,Envasado,Línea 2,EQ-0457,Envasadora L2,A,Correctivo,PM01,Abierta,32.3,0.2,1902.2,865.4,,0,0,Eléctrico,Media,
401397,2025-12,Servicios,N/A,EQ-0201,Caldera 1,A,Preventivo,PM02,Cerrada,23.9,23.1,960.7,902.7,9,0,0,Mecánico,Baja,
401398,2025-12,Envasado,Línea 3,EQ-0470,Paletizador,B,Correctivo,PM01,Cerrada,21.8,28.5,1008.6,807.7,12,0,4,Instrumentación,Alta,
401399,2025-12,Servicios,N/A,EQ-0202,Caldera 2,B,Predictivo,PM06,Cerrada,20.8,22.3,656.4,761.0,10,0,0,Mecánico,Media,
401400,2025-12,Servicios,N/A,EQ-0210,Compresor 3,B,Correctivo,PM01,Abierta,17.1,0.8,1205.2,336.0,,0,0,Eléctrico,Alta,
401401,2025-12,Proceso,Línea 2,EQ-0320,Mezclador P2,B,Preventivo,PM02,Cerrada,25.2,26.7,1164.1,1342.1,1,0,2,Mecánico,Baja,
401402,2025-12,Proceso,Línea 1,EQ-0331,Bomba de proceso,C,Correctivo,PM01,Cerrada,16.7,23.3,834.6,765.9,4,0,0,Mecánico,Media,
401403,2025-12,Servicios,N/A,EQ-0210,Compresor 3,B,Correctivo,PM01,Cerrada,16.5,30.4,760.7,967.4,7,0,4,Mecánico,Media,
401404,2025-12,Proceso,Línea 1,EQ-0310,Reactor P1,A,Correctivo,PM01,Abierta,18.4,3.8,1062.9,640.0,,6,1,Eléctrico,Media,
401405,2025-12,Envasado,Línea 2,EQ-0462,Etiquetadora L2,B,Preventivo,PM02,Cerrada,13.4,13.5,308.4,299.3,7,0,0,Servicios,Baja,
401406,2025-12,Proceso,Línea 1,EQ-0311,Intercambiador P1,B,Emergencia,PM05,Cerrada,24.1,32.4,1104.7,1015.0,13,0,4,Eléctrico,Media,
401407,2025-12,Envasado,Línea 3,EQ-0470,Paletizador,B,Correctivo,PM01,Cerrada,28.0,49.2,1014.9,1260.2,11,0,0,Eléctrico,Media,
401408,2025-12,Envasado,Línea 1,EQ-0461,Etiquetadora L1,A,Correctivo,PM01,Cerrada,19.4,35.1,1803.9,2322.0,2,0,0,Instrumentación,Baja,
401409,2025-12,Envasado,Línea 3,EQ-0470,Paletizador,B,Emergencia,PM05,Cerrada,19.3,26.0,1160.6,1040.8,11,0,0,Eléctrico,Baja,
401410,2025-12,Servicios,N/A,EQ-0201,Caldera 1,A,Preventivo,PM02,Cerrada,3.3,3.2,162.5,151.9,5,0,0,Mecánico,Media,
401411,2025-12,Envasado,Línea 1,EQ-0461,Etiquetadora L1,A,Preventivo,PM02,Abierta,14.1,2.2,653.3,189.1,,20,18,Mecánico,Baja,
401412,2025-12,Envasado,Línea 1,EQ-0461,Etiquetadora L1,A,Mejora,PM04,Cerrada,16.5,15.9,958.4,866.8,1,0,0,Servicios,Media,
401413,2025-12,Envasado,Línea 2,EQ-0457,Envasadora L2,A,Correctivo,PM01,Cerrada,28.9,48.0,1409.7,1505.7,5,0,0,Instrumentación,Baja,
401414,2025-12,Envasado,Línea 1,EQ-0455,Envasadora L1,A,Correctivo,PM01,Cerrada,19.6,33.8,1531.7,1878.8,12,3,0,Mecánico,Baja,
401415,2025-12,Envasado,Línea 1,EQ-0455,Envasadora L1,A,Mejora,PM04,Cerrada,12.2,12.1,782.8,811.1,10,0,0,Instrumentación,Media,
401416,2025-12,Servicios,N/A,EQ-0211,Chiller 1,A,Preventivo,PM03,Cerrada,18.0,19.0,736.7,834.0,3,0,0,Instrumentación,Baja,
401417,2025-12,Servicios,N/A,EQ-0201,Caldera 1,A,Preventivo,PM02,Cerrada,9.0,8.7,434.4,420.7,13,0,0,Servicios,Media,
401418,2025-12,Proceso,Línea 1,EQ-0311,Intercambiador P1,B,Correctivo,PM01,Cerrada,14.8,28.3,985.8,1336.0,7,0,6,Eléctrico,Media,
401419,2025-12,Envasado,Línea 1,EQ-0461,Etiquetadora L1,A,Emergencia,PM05,Cerrada,7.0,12.3,397.6,436.0,9,2,0,Eléctrico,Alta,
401420,2025-12,Envasado,Línea 2,EQ-0462,Etiquetadora L2,B,Preventivo,PM02,Cerrada,24.8,23.5,720.3,684.7,6,0,0,Mecánico,Baja,
401421,2025-12,Envasado,Línea 3,EQ-0471,Transportador L3,C,Preventivo,PM03,Cerrada,25.6,23.6,585.2,508.4,11,0,0,Eléctrico,Alta,
401422,2025-12,Servicios,N/A,EQ-0210,Compresor 3,B,Preventivo,PM02,Cerrada,8.3,7.7,266.2,229.8,8,0,6,Eléctrico,Media,
401423,2025-12,Proceso,Línea 2,EQ-0330,Bomba CIP,B,Correctivo,PM01,Cerrada,9.8,15.2,604.6,624.0,1,0,0,Mecánico,Alta,
401424,2025-12,Envasado,Línea 2,EQ-0462,Etiquetadora L2,B,Correctivo,PM01,Cerrada,19.8,32.2,1323.1,1350.0,9,0,3,Mecánico,Baja,
401425,2025-12,Proceso,Línea 1,EQ-0310,Reactor P1,A,Preventivo,PM02,Cerrada,2.1,1.9,107.5,98.9,1,2,0,Instrumentación,Media,
401426,2025-12,Proceso,Línea 1,EQ-0310,Reactor P1,A,Preventivo,PM02,Cerrada,21.6,21.8,913.9,965.5,1,0,2,Instrumentación,Baja,
401427,2025-12,Servicios,N/A,EQ-0211,Chiller 1,A,Preventivo,PM02,Cerrada,14.0,14.7,436.4,470.3,1,7,4,Mecánico,Baja,
401428,2025-12,Envasado,Línea 3,EQ-0470,Paletizador,B,Preventivo,PM03,Cerrada,11.6,11.9,383.7,363.7,9,0,0,Instrumentación,Baja,
401429,2025-12,Envasado,Línea 2,EQ-0462,Etiquetadora L2,B,Correctivo,PM01,Cerrada,27.1,54.7,1584.4,2126.9,5,0,2,Eléctrico,Media,
401430,2025-12,Proceso,Línea 1,EQ-0310,Reactor P1,A,Preventivo,PM02,Cerrada,24.1,24.7,1547.8,1564.8,3,0,0,Servicios,Media,
401431,2025-12,Proceso,Línea 1,EQ-0331,Bomba de proceso,C,Preventivo,PM02,Cerrada,7.2,7.6,229.2,244.9,2,0,2,Servicios,Alta,
401432,2025-12,Proceso,Línea 2,EQ-0320,Mezclador P2,B,Preventivo,PM02,Cerrada,20.7,19.9,737.5,688.3,1,0,0,Eléctrico,Alta,
401433,2025-12,Envasado,Línea 1,EQ-0461,Etiquetadora L1,A,Preventivo,PM03,Cerrada,4.2,4.7,126.8,147.5,12,0,0,Eléctrico,Alta,
401434,2025-12,Envasado,Línea 1,EQ-0461,Etiquetadora L1,A,Preventivo,PM03,Cerrada,22.8,25.5,1331.6,1423.3,4,0,0,Instrumentación,Media,
401435,2025-12,Servicios,N/A,EQ-0202,Caldera 2,B,Preventivo,PM02,Cerrada,19.7,18.3,768.6,712.6,11,0,0,Mecánico,Media,
401436,2025-12,Envasado,Línea 1,EQ-0461,Etiquetadora L1,A,Preventivo,PM02,Cerrada,22.8,23.7,830.8,867.6,11,0,0,Servicios,Baja,
401437,2025-12,Proceso,Línea 2,EQ-0330,Bomba CIP,B,Correctivo,PM01,Cerrada,23.7,33.2,1351.3,1296.9,2,0,0,Eléctrico,Baja,
401438,2025-12,Proceso,Línea 1,EQ-0311,Intercambiador P1,B,Correctivo,PM01,Cerrada,10.0,14.6,536.1,519.7,9,0,0,Mecánico,Alta,
401439,2025-12,Servicios,N/A,EQ-0201,Caldera 1,A,Correctivo,PM01,Cerrada,27.9,56.0,1936.6,2781.5,4,0,0,Mecánico,Media,
401440,2025-12,Bodega,N/A,EQ-0601,Grúa horquilla 4,C,Preventivo,PM03,Cerrada,21.7,22.3,784.6,754.6,10,0,0,Eléctrico,Alta,
401441,2025-12,Envasado,Línea 1,EQ-0455,Envasadora L1,A,Preventivo,PM03,Cerrada,5.9,6.0,303.2,327.9,5,0,0,Eléctrico,Alta,
401442,2025-12,Servicios,N/A,EQ-0211,Chiller 1,A,Preventivo,PM02,Cerrada,24.8,26.4,978.2,1098.3,9,5,16,Eléctrico,Baja,
401443,2025-12,Envasado,Línea 1,EQ-0461,Etiquetadora L1,A,Preventivo,PM02,Cerrada,8.1,8.1,484.5,448.5,6,0,0,Mecánico,Media,
401444,2025-12,Servicios,N/A,EQ-0202,Caldera 2,B,Emergencia,PM05,Cerrada,4.9,8.3,322.6,364.5,10,0,0,Eléctrico,Alta,
401445,2025-12,Servicios,N/A,EQ-0202,Caldera 2,B,Preventivo,PM03,Cerrada,18.5,18.9,420.2,425.5,6,5,1,Instrumentación,Media,
401446,2025-12,Servicios,N/A,EQ-0211,Chiller 1,A,Preventivo,PM02,Cerrada,20.0,19.4,1213.9,1249.3,11,0,0,Servicios,Alta,
401447,2025-12,Servicios,N/A,EQ-0202,Caldera 2,B,Correctivo,PM01,Cerrada,22.3,48.3,1320.4,2029.7,3,0,4,Eléctrico,Baja,
401448,2025-12,Proceso,Línea 2,EQ-0320,Mezclador P2,B,Preventivo,PM02,Cerrada,5.8,6.0,268.2,288.0,10,7,0,Servicios,Baja,
401449,2025-12,Envasado,Línea 1,EQ-0455,Envasadora L1,A,Preventivo,PM02,Abierta,20.4,5.9,776.7,263.0,,10,1,Eléctrico,Media,
401450,2025-12,Envasado,Línea 3,EQ-0470,Paletizador,B,Preventivo,PM02,Cerrada,18.4,20.4,714.3,785.9,2,0,3,Servicios,Media,
401451,2025-12,Envasado,Línea 3,EQ-0471,Transportador L3,C,Correctivo,PM01,Cerrada,29.7,60.7,1376.6,1754.6,6,3,2,Eléctrico,Alta,
401452,2025-12,Servicios,N/A,EQ-0201,Caldera 1,A,Preventivo,PM02,Cerrada,5.4,5.5,293.5,321.1,8,0,0,Mecánico,Alta,
401453,2025-12,Envasado,Línea 1,EQ-0461,Etiquetadora L1,A,Correctivo,PM01,Abierta,31.1,6.4,1920.6,318.6,,0,2,Instrumentación,Media,
401454,2025-12,Proceso,Línea 2,EQ-0330,Bomba CIP,B,Correctivo,PM01,Cerrada,15.0,28.5,750.1,903.9,10,0,0,Mecánico,Baja,
401455,2025-12,Envasado,Línea 2,EQ-0457,Envasadora L2,A,Preventivo,PM02,Cerrada,5.9,5.7,365.6,373.8,3,0,4,Mecánico,Media,
401456,2025-12,Servicios,N/A,EQ-0211,Chiller 1,A,Predictivo,PM06,Cerrada,19.5,19.8,865.5,945.5,8,0,0,Eléctrico,Alta,
401457,2025-12,Servicios,N/A,EQ-0211,Chiller 1,A,Preventivo,PM02,Cerrada,10.1,9.9,574.5,593.9,4,0,0,Eléctrico,Alta,
401458,2025-12,Servicios,N/A,EQ-0211,Chiller 1,A,Preventivo,PM02,Cerrada,18.9,18.8,790.3,744.4,6,0,0,Mecánico,Alta,
401459,2025-12,Servicios,N/A,EQ-0210,Compresor 3,B,Correctivo,PM01,Cerrada,15.1,26.5,618.6,699.4,8,0,0,Mecánico,Baja,
401460,2025-12,Bodega,N/A,EQ-0601,Grúa horquilla 4,C,Mejora,PM04,Cerrada,11.3,12.4,316.8,330.6,9,0,2,Eléctrico,Media,
401461,2025-12,Envasado,Línea 2,EQ-0457,Envasadora L2,A,Preventivo,PM02,Cerrada,24.9,23.8,1344.7,1253.3,5,0,0,Eléctrico,Alta,
401462,2025-12,Proceso,Línea 2,EQ-0320,Mezclador P2,B,Preventivo,PM02,Cerrada,20.3,22.2,994.9,1103.1,1,0,2,Eléctrico,Alta,
401463,2025-12,Envasado,Línea 2,EQ-0462,Etiquetadora L2,B,Correctivo,PM01,Cerrada,5.4,11.0,278.5,365.0,9,0,0,Mecánico,Media,
401464,2025-12,Proceso,Línea 1,EQ-0310,Reactor P1,A,Preventivo,PM02,Cerrada,9.3,10.1,523.5,550.7,4,0,0,Eléctrico,Baja,
401465,2025-12,Envasado,Línea 1,EQ-0461,Etiquetadora L1,A,Preventivo,PM02,Cerrada,3.1,3.3,173.9,195.0,7,0,2,Mecánico,Alta,
401466,2025-12,Servicios,N/A,EQ-0211,Chiller 1,A,Preventivo,PM02,Cerrada,20.5,19.5,1247.7,1165.4,11,0,0,Mecánico,Media,
401467,2025-12,Envasado,Línea 2,EQ-0462,Etiquetadora L2,B,Preventivo,PM03,Cerrada,14.5,14.8,438.3,462.3,1,5,16,Mecánico,Alta,
401468,2025-12,Servicios,N/A,EQ-0210,Compresor 3,B,Preventivo,PM02,Cerrada,23.6,23.4,658.0,607.8,4,8,16,Mecánico,Baja,
401469,2025-12,Envasado,Línea 2,EQ-0457,Envasadora L2,A,Emergencia,PM05,Cerrada,31.1,56.6,1776.4,2041.1,8,0,0,Instrumentación,Baja,
401470,2025-12,Envasado,Línea 1,EQ-0455,Envasadora L1,A,Correctivo,PM01,Cerrada,11.0,22.9,695.6,1006.2,4,0,0,Servicios,Baja,
401471,2025-12,Proceso,Línea 1,EQ-0331,Bomba de proceso,C,Correctivo,PM01,Cerrada,17.3,37.5,534.9,764.1,11,0,0,Eléctrico,Baja,
401472,2025-12,Servicios,N/A,EQ-0211,Chiller 1,A,Preventivo,PM03,Cerrada,23.3,23.9,1270.5,1391.1,5,0,0,Servicios,Baja,
401473,2025-12,Envasado,Línea 1,EQ-0455,Envasadora L1,A,Preventivo,PM03,Cerrada,2.3,2.2,137.6,133.5,3,10,1,Mecánico,Media,
401474,2025-12,Servicios,N/A,EQ-0201,Caldera 1,A,Preventivo,PM02,Abierta,21.0,3.3,843.7,106.7,,0,1,Mecánico,Baja,
401475,2025-12,Proceso,Línea 1,EQ-0310,Reactor P1,A,Preventivo,PM03,Cerrada,8.3,7.7,257.3,249.1,3,0,0,Eléctrico,Media,
401476,2025-12,Envasado,Línea 3,EQ-0470,Paletizador,B,Correctivo,PM01,Cerrada,18.3,27.1,731.3,758.3,9,0,2,Mecánico,Media,
401477,2025-12,Envasado,Línea 3,EQ-0471,Transportador L3,C,Preventivo,PM03,Cerrada,11.7,12.1,400.0,387.7,6,0,0,Mecánico,Alta,
401478,2026-01,Envasado,Línea 3,EQ-0470,Paletizador,B,Preventivo,PM02,Cerrada,17.9,17.1,655.7,631.5,4,0,0,Mecánico,Baja,
401479,2026-01,Envasado,Línea 3,EQ-0470,Paletizador,B,Preventivo,PM03,Cerrada,21.7,22.0,963.4,937.7,6,0,0,Instrumentación,Media,
401480,2026-01,Envasado,Línea 3,EQ-0470,Paletizador,B,Correctivo,PM01,Cerrada,4.5,7.9,329.4,409.3,1,0,0,Servicios,Baja,
401481,2026-01,Bodega,N/A,EQ-0601,Grúa horquilla 4,C,Preventivo,PM02,Cerrada,15.6,16.6,482.8,504.0,1,0,1,Instrumentación,Baja,
401482,2026-01,Bodega,N/A,EQ-0601,Grúa horquilla 4,C,Mejora,PM04,Cerrada,11.6,10.9,378.0,378.8,5,0,1,Mecánico,Baja,
401483,2026-01,Envasado,Línea 1,EQ-0461,Etiquetadora L1,A,Correctivo,PM01,Cerrada,31.1,45.2,1776.7,1599.2,7,0,0,Eléctrico,Alta,
401484,2026-01,Servicios,N/A,EQ-0201,Caldera 1,A,Emergencia,PM05,Cerrada,6.9,11.0,606.1,626.1,1,0,2,Mecánico,Media,
401485,2026-01,Envasado,Línea 1,EQ-0461,Etiquetadora L1,A,Correctivo,PM01,Cerrada,23.8,42.0,2272.7,2776.0,11,0,0,Eléctrico,Alta,
401486,2026-01,Envasado,Línea 2,EQ-0462,Etiquetadora L2,B,Correctivo,PM01,Cerrada,14.1,23.4,548.7,636.3,6,0,0,Eléctrico,Media,
401487,2026-01,Envasado,Línea 1,EQ-0455,Envasadora L1,A,Emergencia,PM05,Cerrada,20.8,43.1,1860.7,2520.7,3,0,0,Eléctrico,Media,
401488,2026-01,Servicios,N/A,EQ-0201,Caldera 1,A,Preventivo,PM02,Cerrada,16.9,16.7,949.4,937.4,10,0,0,Servicios,Media,
401489,2026-01,Servicios,N/A,EQ-0210,Compresor 3,B,Correctivo,PM01,Cerrada,28.7,51.8,1170.1,1346.0,7,0,6,Servicios,Baja,
401490,2026-01,Servicios,N/A,EQ-0201,Caldera 1,A,Preventivo,PM02,Cerrada,23.8,25.8,1034.7,1058.2,2,0,0,Eléctrico,Media,
401491,2026-01,Proceso,Línea 1,EQ-0310,Reactor P1,A,Preventivo,PM02,Cerrada,4.7,4.8,293.5,299.3,9,0,4,Instrumentación,Media,
401492,2026-01,Servicios,N/A,EQ-0211,Chiller 1,A,Emergencia,PM05,Cerrada,18.7,34.1,1708.7,2047.8,1,0,0,Eléctrico,Media,
401493,2026-01,Servicios,N/A,EQ-0210,Compresor 3,B,Preventivo,PM02,Cerrada,15.9,15.0,405.6,394.1,11,7,2,Eléctrico,Media,
401494,2026-01,Servicios,N/A,EQ-0211,Chiller 1,A,Preventivo,PM03,Cerrada,14.5,14.6,521.5,494.9,12,4,16,Instrumentación,Media,
401495,2026-01,Envasado,Línea 2,EQ-0457,Envasadora L2,A,Correctivo,PM01,Cerrada,10.9,20.5,1048.5,1356.4,6,0,0,Mecánico,Alta,
401496,2026-01,Envasado,Línea 3,EQ-0470,Paletizador,B,Preventivo,PM02,Cerrada,6.7,6.3,180.6,162.1,4,0,0,Servicios,Media,
401497,2026-01,Envasado,Línea 2,EQ-0457,Envasadora L2,A,Correctivo,PM01,Cerrada,14.9,27.0,949.9,1077.2,12,0,0,Mecánico,Baja,
401498,2026-01,Proceso,Línea 2,EQ-0320,Mezclador P2,B,Preventivo,PM02,Cerrada,4.9,4.9,130.5,134.8,8,0,0,Instrumentación,Media,
401499,2026-01,Envasado,Línea 2,EQ-0462,Etiquetadora L2,B,Emergencia,PM05,Cerrada,14.9,21.1,907.5,912.1,10,0,0,Eléctrico,Alta,
401500,2026-01,Envasado,Línea 2,EQ-0462,Etiquetadora L2,B,Emergencia,PM05,Cerrada,12.2,24.8,568.7,717.2,10,0,0,Mecánico,Media,
401501,2026-01,Proceso,Línea 2,EQ-0330,Bomba CIP,B,Correctivo,PM01,Cerrada,31.1,64.5,1297.3,1791.6,1,0,0,Eléctrico,Media,
401502,2026-01,Bodega,N/A,EQ-0601,Grúa horquilla 4,C,Preventivo,PM03,Cerrada,12.2,12.5,349.7,362.7,5,0,0,Mecánico,Media,
401503,2026-01,Servicios,N/A,EQ-0201,Caldera 1,A,Mejora,PM04,Cerrada,19.0,19.9,1036.0,1126.5,5,0,0,Mecánico,Baja,
401504,2026-01,Proceso,Línea 1,EQ-0311,Intercambiador P1,B,Preventivo,PM02,Cerrada,25.7,24.8,632.5,630.9,4,0,4,Servicios,Media,
401505,2026-01,Proceso,Línea 1,EQ-0310,Reactor P1,A,Preventivo,PM02,Cerrada,14.8,13.7,676.0,642.0,6,0,0,Mecánico,Media,
401506,2026-01,Servicios,N/A,EQ-0202,Caldera 2,B,Preventivo,PM02,Cerrada,2.7,2.7,124.1,116.8,8,0,0,Mecánico,Alta,
401507,2026-01,Envasado,Línea 2,EQ-0457,Envasadora L2,A,Preventivo,PM02,Cerrada,23.0,24.0,1223.0,1315.9,6,0,0,Mecánico,Media,
401508,2026-01,Proceso,Línea 2,EQ-0320,Mezclador P2,B,Mejora,PM04,Cerrada,5.4,5.2,152.4,136.6,8,9,3,Mecánico,Media,
401509,2026-01,Servicios,N/A,EQ-0211,Chiller 1,A,Emergencia,PM05,Cerrada,30.7,67.1,1607.9,2488.1,7,11,0,Instrumentación,Alta,
401510,2026-01,Envasado,Línea 3,EQ-0470,Paletizador,B,Preventivo,PM03,Abierta,19.6,5.7,488.5,134.2,,11,18,Mecánico,Alta,
401511,2026-01,Envasado,Línea 3,EQ-0470,Paletizador,B,Correctivo,PM01,Cerrada,2.9,3.7,131.8,114.2,4,0,0,Eléctrico,Media,
401512,2026-01,Servicios,N/A,EQ-0210,Compresor 3,B,Correctivo,PM01,Cerrada,8.9,12.3,430.1,374.1,8,0,0,Instrumentación,Media,
401513,2026-01,Envasado,Línea 1,EQ-0461,Etiquetadora L1,A,Correctivo,PM01,Cerrada,18.7,25.6,985.3,955.3,6,0,0,Instrumentación,Alta,
401514,2026-01,Envasado,Línea 2,EQ-0457,Envasadora L2,A,Correctivo,PM01,Cerrada,20.7,27.3,1884.5,1627.8,11,1,0,Eléctrico,Baja,
401515,2026-01,Envasado,Línea 3,EQ-0471,Transportador L3,C,Preventivo,PM02,Cerrada,6.0,5.9,112.7,106.4,7,0,0,Instrumentación,Media,
401516,2026-01,Envasado,Línea 3,EQ-0470,Paletizador,B,Preventivo,PM03,Cerrada,14.3,13.7,620.0,550.0,6,0,0,Instrumentación,Media,
401517,2026-01,Envasado,Línea 1,EQ-0461,Etiquetadora L1,A,Preventivo,PM03,Cerrada,10.4,9.6,618.5,572.8,12,0,0,Mecánico,Baja,
401518,2026-01,Servicios,N/A,EQ-0211,Chiller 1,A,Mejora,PM04,Cerrada,25.2,27.5,1377.8,1593.0,4,0,0,Instrumentación,Baja,
401519,2026-01,Servicios,N/A,EQ-0202,Caldera 2,B,Mejora,PM04,Cerrada,11.5,11.5,456.5,436.1,3,0,0,Eléctrico,Media,
401520,2026-01,Envasado,Línea 1,EQ-0461,Etiquetadora L1,A,Preventivo,PM02,Cerrada,15.7,17.4,765.7,870.2,2,0,0,Mecánico,Baja,
401521,2026-01,Envasado,Línea 2,EQ-0462,Etiquetadora L2,B,Preventivo,PM02,Cerrada,23.9,24.4,726.6,715.8,6,0,0,Eléctrico,Baja,
401522,2026-01,Proceso,Línea 1,EQ-0310,Reactor P1,A,Preventivo,PM02,Cerrada,13.7,15.2,703.6,802.5,3,0,0,Mecánico,Media,
401523,2026-01,Servicios,N/A,EQ-0210,Compresor 3,B,Correctivo,PM01,Abierta,24.2,0.4,1201.8,238.5,,5,0,Mecánico,Media,
401524,2026-01,Envasado,Línea 3,EQ-0471,Transportador L3,C,Preventivo,PM02,Cerrada,16.5,17.8,518.2,577.5,10,0,0,Mecánico,Alta,
401525,2026-01,Envasado,Línea 3,EQ-0471,Transportador L3,C,Mejora,PM04,Cerrada,8.5,8.2,239.8,225.1,2,0,0,Eléctrico,Baja,
401526,2026-01,Proceso,Línea 2,EQ-0320,Mezclador P2,B,Preventivo,PM02,Cerrada,20.0,21.9,460.1,472.4,2,0,0,Eléctrico,Media,
401527,2026-01,Envasado,Línea 3,EQ-0470,Paletizador,B,Mejora,PM04,Abierta,8.2,2.8,378.3,98.8,,0,0,Mecánico,Media,
401528,2026-01,Proceso,Línea 2,EQ-0330,Bomba CIP,B,Correctivo,PM01,Cerrada,14.5,24.6,907.4,978.8,11,0,0,Eléctrico,Baja,
401529,2026-01,Servicios,N/A,EQ-0201,Caldera 1,A,Emergencia,PM05,Cerrada,9.1,13.6,560.0,518.3,2,0,0,Servicios,Baja,
401530,2026-01,Servicios,N/A,EQ-0211,Chiller 1,A,Preventivo,PM02,Cerrada,20.6,20.2,1039.4,1036.0,5,0,1,Mecánico,Baja,
401531,2026-01,Servicios,N/A,EQ-0210,Compresor 3,B,Preventivo,PM03,Cerrada,17.9,17.0,697.3,647.8,2,5,0,Eléctrico,Baja,
401532,2026-01,Proceso,Línea 1,EQ-0311,Intercambiador P1,B,Preventivo,PM02,Cerrada,6.2,5.8,202.3,204.2,2,0,0,Eléctrico,Media,
401533,2026-01,Proceso,Línea 2,EQ-0330,Bomba CIP,B,Correctivo,PM01,Cerrada,5.0,6.9,307.0,299.3,3,0,0,Servicios,Media,
401534,2026-01,Bodega,N/A,EQ-0601,Grúa horquilla 4,C,Preventivo,PM02,Cerrada,7.5,7.0,262.5,228.2,2,0,2,Eléctrico,Media,
401535,2026-01,Envasado,Línea 3,EQ-0470,Paletizador,B,Correctivo,PM01,Cerrada,16.5,31.7,860.8,1055.8,9,0,0,Mecánico,Baja,
401536,2026-01,Servicios,N/A,EQ-0202,Caldera 2,B,Correctivo,PM01,Cerrada,12.3,15.0,843.6,687.0,4,0,2,Mecánico,Baja,
401537,2026-01,Envasado,Línea 2,EQ-0457,Envasadora L2,A,Predictivo,PM06,Cerrada,25.2,26.5,1573.6,1542.4,7,0,4,Instrumentación,Baja,
401538,2026-01,Envasado,Línea 1,EQ-0461,Etiquetadora L1,A,Emergencia,PM05,Cerrada,27.6,44.2,1496.5,1625.6,7,0,2,Eléctrico,Media,
401539,2026-01,Envasado,Línea 3,EQ-0470,Paletizador,B,Preventivo,PM02,Cerrada,24.9,24.4,1136.2,1203.8,6,0,2,Eléctrico,Media,
401540,2026-01,Envasado,Línea 3,EQ-0471,Transportador L3,C,Preventivo,PM02,Cerrada,20.0,21.0,562.1,584.2,11,6,16,Instrumentación,Alta,
401541,2026-01,Proceso,Línea 2,EQ-0330,Bomba CIP,B,Correctivo,PM01,Cerrada,4.3,8.7,170.1,219.0,1,0,4,Instrumentación,Media,
401542,2026-01,Proceso,Línea 2,EQ-0330,Bomba CIP,B,Preventivo,PM02,Cerrada,7.9,8.6,194.6,220.7,6,0,0,Instrumentación,Media,
401543,2026-01,Proceso,Línea 1,EQ-0311,Intercambiador P1,B,Preventivo,PM02,Cerrada,20.1,20.4,455.5,453.8,1,0,2,Eléctrico,Media,
401544,2026-01,Envasado,Línea 2,EQ-0462,Etiquetadora L2,B,Emergencia,PM05,Cerrada,19.9,31.0,1116.8,1116.9,7,0,0,Mecánico,Alta,
401545,2026-01,Proceso,Línea 2,EQ-0330,Bomba CIP,B,Correctivo,PM01,Cerrada,23.1,44.2,1628.6,2023.7,12,0,0,Instrumentación,Media,
401546,2026-01,Envasado,Línea 2,EQ-0457,Envasadora L2,A,Correctivo,PM01,Cerrada,5.2,11.2,456.6,641.0,1,0,0,Mecánico,Alta,
401547,2026-01,Envasado,Línea 1,EQ-0455,Envasadora L1,A,Emergencia,PM05,Cerrada,19.8,27.6,1770.8,1518.0,11,0,0,Instrumentación,Alta,
401548,2026-01,Envasado,Línea 2,EQ-0462,Etiquetadora L2,B,Mejora,PM04,Cerrada,8.2,8.1,210.2,214.3,2,0,0,Eléctrico,Media,
401549,2026-01,Bodega,N/A,EQ-0601,Grúa horquilla 4,C,Mejora,PM04,Cerrada,6.0,5.9,222.3,231.1,10,0,0,Instrumentación,Media,
401550,2026-01,Proceso,Línea 1,EQ-0331,Bomba de proceso,C,Preventivo,PM02,Cerrada,15.2,16.4,361.7,423.1,9,0,1,Instrumentación,Alta,
401551,2026-01,Proceso,Línea 2,EQ-0330,Bomba CIP,B,Preventivo,PM02,Cerrada,5.1,4.8,176.4,154.8,7,0,1,Instrumentación,Media,
401552,2026-01,Servicios,N/A,EQ-0202,Caldera 2,B,Preventivo,PM02,Cerrada,16.1,15.0,420.4,412.0,5,8,0,Mecánico,Baja,
401553,2026-01,Servicios,N/A,EQ-0210,Compresor 3,B,Mejora,PM04,Cerrada,5.2,5.3,167.8,179.5,11,0,0,Instrumentación,Media,
401554,2026-01,Servicios,N/A,EQ-0201,Caldera 1,A,Mejora,PM04,Cerrada,7.2,6.7,402.9,404.2,3,0,1,Mecánico,Alta,
401555,2026-01,Envasado,Línea 3,EQ-0471,Transportador L3,C,Preventivo,PM02,Cerrada,9.4,10.3,317.8,352.6,12,0,0,Eléctrico,Baja,
401556,2026-01,Proceso,Línea 2,EQ-0330,Bomba CIP,B,Correctivo,PM01,Cerrada,4.9,7.7,205.9,212.2,8,6,0,Mecánico,Media,
401557,2026-01,Servicios,N/A,EQ-0201,Caldera 1,A,Preventivo,PM03,Cerrada,17.3,16.5,1013.0,937.7,13,4,16,Eléctrico,Media,
401558,2026-01,Proceso,Línea 2,EQ-0320,Mezclador P2,B,Mejora,PM04,Cerrada,10.1,11.1,430.8,491.6,3,0,0,Servicios,Media,
401559,2026-01,Servicios,N/A,EQ-0201,Caldera 1,A,Preventivo,PM02,Cerrada,20.2,20.7,1246.5,1308.7,6,0,0,Mecánico,Alta,
401560,2026-01,Proceso,Línea 1,EQ-0331,Bomba de proceso,C,Correctivo,PM01,Abierta,26.0,7.6,809.9,173.0,,30,0,Servicios,Alta,Espera de repuesto
401561,2026-01,Proceso,Línea 2,EQ-0330,Bomba CIP,B,Mejora,PM04,Cerrada,19.6,18.7,929.1,859.7,11,0,0,Mecánico,Media,
401562,2026-01,Envasado,Línea 3,EQ-0471,Transportador L3,C,Preventivo,PM02,Cerrada,9.5,10.3,208.7,233.7,3,0,0,Instrumentación,Alta,
401563,2026-01,Proceso,Línea 1,EQ-0331,Bomba de proceso,C,Preventivo,PM02,Abierta,8.6,0.9,146.3,42.5,,9,16,Mecánico,Baja,
401564,2026-01,Envasado,Línea 3,EQ-0471,Transportador L3,C,Preventivo,PM03,Cerrada,12.7,13.9,292.5,311.1,9,0,0,Eléctrico,Media,
401565,2026-01,Envasado,Línea 2,EQ-0457,Envasadora L2,A,Emergencia,PM05,Abierta,27.0,3.5,1883.2,852.9,,21,0,Instrumentación,Baja,
401566,2026-01,Envasado,Línea 2,EQ-0457,Envasadora L2,A,Correctivo,PM01,Cerrada,19.8,27.1,1246.4,1184.2,7,0,0,Eléctrico,Media,
401567,2026-01,Envasado,Línea 2,EQ-0462,Etiquetadora L2,B,Preventivo,PM03,Cerrada,16.2,17.8,619.0,658.7,5,0,4,Mecánico,Media,
401568,2026-01,Servicios,N/A,EQ-0211,Chiller 1,A,Preventivo,PM02,Cerrada,7.5,8.2,406.4,482.7,11,7,16,Mecánico,Alta,
401569,2026-01,Servicios,N/A,EQ-0210,Compresor 3,B,Preventivo,PM02,Cerrada,22.6,23.1,679.5,693.7,3,2,16,Instrumentación,Media,
401570,2026-01,Envasado,Línea 2,EQ-0457,Envasadora L2,A,Correctivo,PM01,Cerrada,18.7,31.5,1354.2,1619.4,11,0,0,Eléctrico,Alta,
401571,2026-01,Envasado,Línea 3,EQ-0470,Paletizador,B,Correctivo,PM01,Cerrada,31.1,56.8,1162.4,1502.1,3,3,0,Mecánico,Media,
401572,2026-01,Envasado,Línea 1,EQ-0455,Envasadora L1,A,Preventivo,PM02,Cerrada,8.9,8.5,458.5,435.9,6,0,2,Eléctrico,Media,
401573,2026-01,Proceso,Línea 2,EQ-0330,Bomba CIP,B,Preventivo,PM02,Cerrada,15.1,15.6,542.3,552.6,2,0,0,Eléctrico,Media,
401574,2026-01,Servicios,N/A,EQ-0201,Caldera 1,A,Preventivo,PM02,Cerrada,13.2,12.6,768.8,769.2,5,0,0,Mecánico,Media,
401575,2026-01,Proceso,Línea 1,EQ-0331,Bomba de proceso,C,Preventivo,PM02,Cerrada,25.4,24.9,441.0,424.7,2,0,0,Mecánico,Alta,
401576,2026-01,Envasado,Línea 1,EQ-0461,Etiquetadora L1,A,Preventivo,PM02,Cerrada,17.4,18.1,923.3,972.8,11,0,0,Servicios,Baja,
401577,2026-01,Envasado,Línea 1,EQ-0461,Etiquetadora L1,A,Correctivo,PM01,Cerrada,24.1,32.5,1898.3,1767.3,9,0,4,Eléctrico,Media,
401578,2026-01,Envasado,Línea 1,EQ-0455,Envasadora L1,A,Correctivo,PM01,Cerrada,22.3,34.4,1198.6,1182.6,3,0,0,Instrumentación,Media,
401579,2026-01,Proceso,Línea 1,EQ-0310,Reactor P1,A,Correctivo,PM01,Cerrada,26.9,55.4,1435.7,1893.2,3,0,4,Instrumentación,Alta,
401580,2026-01,Proceso,Línea 1,EQ-0311,Intercambiador P1,B,Correctivo,PM01,Abierta,5.0,1.9,242.5,44.8,,26,0,Eléctrico,Media,Requiere parada de planta
401581,2026-01,Envasado,Línea 3,EQ-0470,Paletizador,B,Preventivo,PM02,Cerrada,4.7,4.3,130.1,114.9,8,0,0,Mecánico,Baja,
401582,2026-01,Proceso,Línea 2,EQ-0330,Bomba CIP,B,Preventivo,PM02,Cerrada,20.3,21.4,495.7,564.9,9,0,0,Mecánico,Baja,
401583,2026-01,Envasado,Línea 3,EQ-0471,Transportador L3,C,Preventivo,PM03,Cerrada,16.7,18.0,410.0,444.5,3,0,0,Eléctrico,Media,
401584,2026-01,Envasado,Línea 3,EQ-0471,Transportador L3,C,Preventivo,PM02,Cerrada,7.1,7.0,133.7,122.5,8,0,0,Mecánico,Media,
401585,2026-01,Envasado,Línea 1,EQ-0461,Etiquetadora L1,A,Correctivo,PM01,Abierta,24.6,6.8,1308.3,328.4,,16,0,Mecánico,Media,
401586,2026-01,Proceso,Línea 2,EQ-0330,Bomba CIP,B,Preventivo,PM02,Cerrada,12.4,12.4,408.7,435.6,11,0,0,Mecánico,Baja,
401587,2026-01,Envasado,Línea 3,EQ-0470,Paletizador,B,Preventivo,PM03,Cerrada,16.2,16.6,557.3,548.5,11,0,0,Eléctrico,Baja,
401588,2026-01,Servicios,N/A,EQ-0201,Caldera 1,A,Correctivo,PM01,Cerrada,25.6,38.6,2267.0,2294.8,6,0,1,Mecánico,Baja,
401589,2026-01,Envasado,Línea 2,EQ-0462,Etiquetadora L2,B,Preventivo,PM02,Cerrada,25.0,26.6,586.2,670.6,12,0,0,Mecánico,Baja,
401590,2026-01,Proceso,Línea 1,EQ-0331,Bomba de proceso,C,Preventivo,PM02,Cerrada,5.9,5.4,106.1,98.1,9,0,0,Eléctrico,Media,
401591,2026-01,Servicios,N/A,EQ-0210,Compresor 3,B,Correctivo,PM01,Cerrada,21.3,26.8,1274.2,1073.4,2,0,0,Eléctrico,Alta,
401592,2026-01,Servicios,N/A,EQ-0202,Caldera 2,B,Correctivo,PM01,Cerrada,25.4,33.2,1736.9,1394.3,12,0,0,Mecánico,Media,
401593,2026-01,Envasado,Línea 1,EQ-0455,Envasadora L1,A,Correctivo,PM01,Cerrada,32.1,42.2,2220.4,1797.8,8,10,0,Mecánico,Media,
401594,2026-01,Servicios,N/A,EQ-0202,Caldera 2,B,Correctivo,PM01,Cerrada,32.3,46.3,1241.7,1175.1,10,0,0,Instrumentación,Media,
401595,2026-01,Envasado,Línea 2,EQ-0457,Envasadora L2,A,Mejora,PM04,Cerrada,24.8,27.5,1491.8,1795.7,3,0,0,Eléctrico,Media,
401596,2026-01,Proceso,Línea 2,EQ-0320,Mezclador P2,B,Preventivo,PM02,Cerrada,2.8,3.0,107.7,110.0,1,0,0,Mecánico,Baja,
401597,2026-01,Servicios,N/A,EQ-0201,Caldera 1,A,Preventivo,PM02,Cerrada,22.1,23.2,1073.7,1114.6,11,0,0,Eléctrico,Baja,
401598,2026-01,Bodega,N/A,EQ-0601,Grúa horquilla 4,C,Preventivo,PM02,Cerrada,5.9,5.5,171.8,148.5,1,0,0,Mecánico,Baja,
401599,2026-01,Envasado,Línea 2,EQ-0462,Etiquetadora L2,B,Preventivo,PM02,Cerrada,19.0,19.1,588.9,637.5,1,0,0,Eléctrico,Baja,
401600,2026-01,Servicios,N/A,EQ-0201,Caldera 1,A,Preventivo,PM03,Cerrada,14.5,14.9,799.0,851.2,8,0,0,Servicios,Alta,
401601,2026-01,Servicios,N/A,EQ-0202,Caldera 2,B,Preventivo,PM02,Cerrada,8.3,7.7,328.8,289.1,8,0,0,Eléctrico,Media,
401602,2026-01,Envasado,Línea 1,EQ-0455,Envasadora L1,A,Correctivo,PM01,Cerrada,6.2,11.3,443.7,531.1,3,0,0,Instrumentación,Media,
401603,2026-01,Envasado,Línea 3,EQ-0470,Paletizador,B,Preventivo,PM02,Cerrada,20.7,23.0,651.2,689.5,12,0,0,Mecánico,Baja,
401604,2026-01,Proceso,Línea 1,EQ-0331,Bomba de proceso,C,Preventivo,PM02,Cerrada,5.4,5.7,181.2,192.9,1,0,0,Mecánico,Baja,
401605,2026-01,Proceso,Línea 1,EQ-0331,Bomba de proceso,C,Preventivo,PM03,Cerrada,13.6,15.1,310.2,330.4,5,0,0,Servicios,Media,
401606,2026-01,Proceso,Línea 1,EQ-0331,Bomba de proceso,C,Preventivo,PM02,Cerrada,5.1,5.0,103.1,99.9,2,0,0,Mecánico,Alta,
401607,2026-01,Envasado,Línea 2,EQ-0457,Envasadora L2,A,Preventivo,PM03,Cerrada,10.6,11.4,614.9,650.3,6,0,0,Servicios,Alta,
401608,2026-01,Envasado,Línea 1,EQ-0461,Etiquetadora L1,A,Preventivo,PM02,Cerrada,22.5,21.8,1403.3,1286.3,4,0,2,Mecánico,Media,
401609,2026-01,Envasado,Línea 2,EQ-0462,Etiquetadora L2,B,Preventivo,PM02,Cerrada,25.3,28.1,575.6,632.9,8,0,0,Mecánico,Alta,
401610,2026-01,Envasado,Línea 2,EQ-0457,Envasadora L2,A,Preventivo,PM03,Cerrada,7.8,8.6,492.0,562.9,4,0,0,Instrumentación,Media,
401611,2026-01,Proceso,Línea 1,EQ-0310,Reactor P1,A,Predictivo,PM06,Cerrada,18.4,17.0,1146.4,1065.1,1,0,4,Eléctrico,Media,
401612,2026-01,Envasado,Línea 1,EQ-0461,Etiquetadora L1,A,Emergencia,PM05,Cerrada,27.2,56.5,1257.5,1641.1,12,0,0,Mecánico,Baja,
401613,2026-01,Proceso,Línea 1,EQ-0310,Reactor P1,A,Correctivo,PM01,Abierta,19.3,7.5,1497.7,567.5,,30,0,Mecánico,Media,Sin asignación de técnico
401614,2026-01,Proceso,Línea 2,EQ-0330,Bomba CIP,B,Preventivo,PM03,Cerrada,4.0,3.9,146.0,148.8,13,0,0,Mecánico,Media,
401615,2026-01,Envasado,Línea 1,EQ-0461,Etiquetadora L1,A,Correctivo,PM01,Cerrada,27.9,34.6,2341.6,2052.6,4,0,0,Instrumentación,Baja,
401616,2026-01,Envasado,Línea 1,EQ-0455,Envasadora L1,A,Preventivo,PM03,Abierta,18.4,2.2,804.5,144.3,,13,0,Instrumentación,Baja,
401617,2026-01,Proceso,Línea 1,EQ-0331,Bomba de proceso,C,Preventivo,PM02,Cerrada,6.0,6.6,190.9,196.2,10,0,0,Mecánico,Alta,
401618,2026-01,Envasado,Línea 1,EQ-0455,Envasadora L1,A,Preventivo,PM02,Abierta,18.3,4.9,921.5,184.6,,21,17,Instrumentación,Baja,
401619,2026-01,Envasado,Línea 3,EQ-0471,Transportador L3,C,Preventivo,PM02,Abierta,13.4,0.2,425.2,53.8,,19,8,Eléctrico,Media,
401620,2026-01,Proceso,Línea 1,EQ-0310,Reactor P1,A,Preventivo,PM02,Cerrada,14.1,14.6,480.7,463.4,6,0,0,Eléctrico,Alta,
401621,2026-01,Proceso,Línea 2,EQ-0320,Mezclador P2,B,Preventivo,PM02,Cerrada,12.7,12.1,622.4,597.2,12,0,0,Mecánico,Baja,
401622,2026-01,Envasado,Línea 2,EQ-0462,Etiquetadora L2,B,Preventivo,PM03,Cerrada,15.7,16.3,570.7,626.9,9,0,0,Mecánico,Alta,
401623,2026-01,Proceso,Línea 2,EQ-0320,Mezclador P2,B,Preventivo,PM03,Cerrada,24.4,27.0,803.7,861.8,11,3,0,Mecánico,Baja,
401624,2026-01,Bodega,N/A,EQ-0601,Grúa horquilla 4,C,Preventivo,PM02,Cerrada,18.1,19.7,347.2,351.3,5,0,0,Eléctrico,Alta,
401625,2026-01,Envasado,Línea 2,EQ-0462,Etiquetadora L2,B,Correctivo,PM01,Cerrada,20.6,29.5,744.9,715.7,11,2,0,Eléctrico,Alta,
401626,2026-01,Envasado,Línea 1,EQ-0461,Etiquetadora L1,A,Correctivo,PM01,Cerrada,5.3,8.9,292.3,343.4,8,0,2,Servicios,Baja,
401627,2026-01,Envasado,Línea 1,EQ-0461,Etiquetadora L1,A,Correctivo,PM01,Cerrada,12.9,26.8,649.5,970.9,6,0,0,Mecánico,Baja,
401628,2026-01,Envasado,Línea 1,EQ-0455,Envasadora L1,A,Preventivo,PM02,Abierta,4.3,0.9,232.9,90.8,,4,3,Instrumentación,Media,
401629,2026-02,Envasado,Línea 1,EQ-0461,Etiquetadora L1,A,Correctivo,PM01,Cerrada,11.4,16.8,937.3,973.6,1,8,2,Mecánico,Media,
401630,2026-02,Envasado,Línea 2,EQ-0462,Etiquetadora L2,B,Preventivo,PM02,Cerrada,11.4,11.4,542.0,519.9,5,0,4,Eléctrico,Baja,
401631,2026-02,Envasado,Línea 2,EQ-0462,Etiquetadora L2,B,Preventivo,PM02,Cerrada,10.5,10.1,284.4,279.5,5,0,0,Mecánico,Alta,
401632,2026-02,Proceso,Línea 2,EQ-0330,Bomba CIP,B,Preventivo,PM03,Cerrada,16.5,15.8,770.7,767.9,5,0,4,Mecánico,Baja,
401633,2026-02,Proceso,Línea 2,EQ-0320,Mezclador P2,B,Preventivo,PM02,Cerrada,12.5,13.0,518.8,572.6,9,11,0,Servicios,Baja,
401634,2026-02,Envasado,Línea 3,EQ-0471,Transportador L3,C,Correctivo,PM01,Cerrada,28.4,51.3,1354.2,1532.9,8,0,3,Mecánico,Media,
401635,2026-02,Bodega,N/A,EQ-0601,Grúa horquilla 4,C,Correctivo,PM01,Cerrada,5.6,12.3,180.2,281.3,9,0,0,Mecánico,Baja,
401636,2026-02,Proceso,Línea 2,EQ-0320,Mezclador P2,B,Predictivo,PM06,Cerrada,3.6,4.0,101.5,119.0,2,0,1,Servicios,Media,
401637,2026-02,Envasado,Línea 2,EQ-0457,Envasadora L2,A,Correctivo,PM01,Cerrada,20.1,39.4,1324.8,1714.8,12,7,0,Servicios,Baja,
401638,2026-02,Proceso,Línea 1,EQ-0311,Intercambiador P1,B,Preventivo,PM02,Cerrada,7.0,7.1,225.3,217.8,12,0,0,Mecánico,Baja,
401639,2026-02,Envasado,Línea 2,EQ-0457,Envasadora L2,A,Preventivo,PM03,Cerrada,17.7,16.3,1083.3,1055.4,9,0,0,Mecánico,Baja,
401640,2026-02,Envasado,Línea 1,EQ-0461,Etiquetadora L1,A,Preventivo,PM02,Cerrada,14.6,13.6,840.6,799.8,6,0,0,Instrumentación,Alta,
401641,2026-02,Proceso,Línea 2,EQ-0320,Mezclador P2,B,Preventivo,PM02,Cerrada,13.5,14.8,572.0,645.6,5,0,0,Mecánico,Alta,
401642,2026-02,Envasado,Línea 1,EQ-0455,Envasadora L1,A,Mejora,PM04,Cerrada,14.3,15.1,506.3,498.0,11,0,0,Instrumentación,Baja,
401643,2026-02,Envasado,Línea 2,EQ-0462,Etiquetadora L2,B,Correctivo,PM01,Cerrada,16.0,20.2,619.1,549.7,3,0,4,Mecánico,Media,
401644,2026-02,Servicios,N/A,EQ-0201,Caldera 1,A,Correctivo,PM01,Cerrada,29.5,61.9,1406.4,1927.7,6,0,0,Mecánico,Media,
401645,2026-02,Envasado,Línea 1,EQ-0455,Envasadora L1,A,Preventivo,PM02,Cerrada,20.7,19.3,1036.2,936.0,9,0,0,Instrumentación,Media,
401646,2026-02,Envasado,Línea 2,EQ-0457,Envasadora L2,A,Correctivo,PM01,Cerrada,30.5,51.9,1831.4,2081.9,5,0,0,Eléctrico,Media,
401647,2026-02,Proceso,Línea 2,EQ-0330,Bomba CIP,B,Preventivo,PM03,Cerrada,4.3,4.7,210.6,243.1,6,0,0,Mecánico,Media,
401648,2026-02,Envasado,Línea 3,EQ-0471,Transportador L3,C,Preventivo,PM03,Cerrada,11.4,11.5,416.4,400.2,6,0,2,Eléctrico,Media,
401649,2026-02,Proceso,Línea 1,EQ-0331,Bomba de proceso,C,Preventivo,PM02,Cerrada,4.7,4.4,141.0,139.6,5,0,0,Eléctrico,Media,
401650,2026-02,Envasado,Línea 1,EQ-0455,Envasadora L1,A,Preventivo,PM02,Abierta,14.9,6.3,444.4,48.3,,0,0,Eléctrico,Media,
401651,2026-02,Envasado,Línea 3,EQ-0471,Transportador L3,C,Correctivo,PM01,Cerrada,7.1,12.3,347.3,421.3,5,0,2,Mecánico,Baja,
401652,2026-02,Envasado,Línea 1,EQ-0461,Etiquetadora L1,A,Predictivo,PM06,Abierta,14.0,1.7,422.8,26.4,,0,0,Instrumentación,Media,
401653,2026-02,Servicios,N/A,EQ-0211,Chiller 1,A,Preventivo,PM02,Cerrada,13.3,12.9,557.4,509.0,1,0,0,Mecánico,Media,
401654,2026-02,Proceso,Línea 1,EQ-0310,Reactor P1,A,Correctivo,PM01,Cerrada,15.4,22.8,1034.5,1091.2,5,0,0,Mecánico,Baja,
401655,2026-02,Proceso,Línea 2,EQ-0330,Bomba CIP,B,Correctivo,PM01,Cerrada,24.1,43.9,1767.3,2219.3,6,0,0,Instrumentación,Alta,
401656,2026-02,Proceso,Línea 2,EQ-0330,Bomba CIP,B,Preventivo,PM02,Cerrada,2.7,2.7,70.8,73.2,7,0,0,Instrumentación,Baja,
401657,2026-02,Proceso,Línea 2,EQ-0320,Mezclador P2,B,Preventivo,PM02,Cerrada,7.3,6.7,229.8,229.6,12,0,0,Instrumentación,Media,
401658,2026-02,Proceso,Línea 1,EQ-0310,Reactor P1,A,Mejora,PM04,Cerrada,5.6,6.2,314.2,367.9,1,0,0,Servicios,Baja,
401659,2026-02,Proceso,Línea 1,EQ-0311,Intercambiador P1,B,Preventivo,PM03,Cerrada,14.0,14.7,546.8,594.8,7,0,0,Instrumentación,Baja,
401660,2026-02,Servicios,N/A,EQ-0201,Caldera 1,A,Correctivo,PM01,Cerrada,18.6,34.8,1168.5,1491.3,3,0,0,Eléctrico,Baja,
401661,2026-02,Proceso,Línea 2,EQ-0320,Mezclador P2,B,Preventivo,PM02,Cerrada,13.2,14.2,353.2,368.5,10,0,4,Mecánico,Alta,
401662,2026-02,Bodega,N/A,EQ-0601,Grúa horquilla 4,C,Mejora,PM04,Cerrada,11.5,10.6,267.7,252.6,9,0,0,Eléctrico,Media,
401663,2026-02,Proceso,Línea 2,EQ-0330,Bomba CIP,B,Emergencia,PM05,Cerrada,20.1,41.0,871.0,1111.3,12,9,0,Mecánico,Media,
401664,2026-02,Proceso,Línea 2,EQ-0330,Bomba CIP,B,Preventivo,PM02,Cerrada,13.4,12.9,343.7,356.8,1,0,0,Eléctrico,Media,
401665,2026-02,Servicios,N/A,EQ-0210,Compresor 3,B,Correctivo,PM01,Cerrada,9.6,20.5,511.7,733.6,3,0,0,Instrumentación,Baja,
401666,2026-02,Proceso,Línea 2,EQ-0330,Bomba CIP,B,Preventivo,PM03,Cerrada,14.1,15.5,371.4,409.0,1,0,0,Eléctrico,Media,
401667,2026-02,Envasado,Línea 1,EQ-0461,Etiquetadora L1,A,Correctivo,PM01,Cerrada,4.8,7.8,297.6,330.3,5,0,0,Eléctrico,Baja,
401668,2026-02,Proceso,Línea 1,EQ-0331,Bomba de proceso,C,Preventivo,PM02,Cerrada,25.9,25.3,888.5,930.2,12,0,2,Mecánico,Media,
401669,2026-02,Servicios,N/A,EQ-0201,Caldera 1,A,Preventivo,PM02,Cerrada,20.9,20.6,977.6,1036.5,2,0,0,Servicios,Media,
401670,2026-02,Servicios,N/A,EQ-0201,Caldera 1,A,Preventivo,PM03,Cerrada,4.8,5.0,230.9,237.9,5,0,0,Mecánico,Baja,
401671,2026-02,Servicios,N/A,EQ-0201,Caldera 1,A,Preventivo,PM02,Cerrada,6.7,6.9,310.8,307.2,3,0,0,Mecánico,Baja,
401672,2026-02,Servicios,N/A,EQ-0210,Compresor 3,B,Mejora,PM04,Cerrada,15.4,16.4,591.4,636.7,9,0,0,Eléctrico,Media,
401673,2026-02,Bodega,N/A,EQ-0601,Grúa horquilla 4,C,Correctivo,PM01,Cerrada,6.5,7.7,220.9,178.0,5,0,4,Mecánico,Baja,
401674,2026-02,Servicios,N/A,EQ-0210,Compresor 3,B,Preventivo,PM02,Cerrada,21.7,20.4,1066.4,928.4,6,0,0,Mecánico,Media,
401675,2026-02,Envasado,Línea 3,EQ-0470,Paletizador,B,Correctivo,PM01,Cerrada,6.3,8.3,385.7,332.3,8,0,0,Instrumentación,Baja,
401676,2026-02,Servicios,N/A,EQ-0211,Chiller 1,A,Emergencia,PM05,Cerrada,25.9,30.9,1924.3,1654.3,9,0,0,Eléctrico,Alta,
401677,2026-02,Envasado,Línea 1,EQ-0461,Etiquetadora L1,A,Correctivo,PM01,Cerrada,3.8,5.3,178.5,168.1,5,0,0,Servicios,Media,
401678,2026-02,Envasado,Línea 3,EQ-0470,Paletizador,B,Preventivo,PM02,Cerrada,12.6,13.8,569.0,581.1,1,0,2,Instrumentación,Baja,
401679,2026-02,Proceso,Línea 1,EQ-0331,Bomba de proceso,C,Predictivo,PM06,Cerrada,11.5,11.3,385.6,359.0,3,1,0,Eléctrico,Baja,
401680,2026-02,Servicios,N/A,EQ-0201,Caldera 1,A,Predictivo,PM06,Cerrada,15.2,14.7,616.0,640.7,12,0,0,Mecánico,Media,
401681,2026-02,Servicios,N/A,EQ-0210,Compresor 3,B,Preventivo,PM02,Cerrada,11.8,12.7,430.1,462.7,4,0,0,Mecánico,Baja,
401682,2026-02,Servicios,N/A,EQ-0210,Compresor 3,B,Preventivo,PM02,Cerrada,19.0,18.4,454.3,452.6,8,5,0,Eléctrico,Media,
401683,2026-02,Envasado,Línea 1,EQ-0455,Envasadora L1,A,Emergencia,PM05,Cerrada,30.7,60.0,2419.4,3059.4,2,0,1,Instrumentación,Baja,
401684,2026-02,Servicios,N/A,EQ-0210,Compresor 3,B,Correctivo,PM01,Cerrada,17.7,35.2,1201.4,1513.9,6,0,0,Servicios,Media,
401685,2026-02,Proceso,Línea 2,EQ-0330,Bomba CIP,B,Correctivo,PM01,Cerrada,5.4,10.2,396.0,525.1,1,0,0,Eléctrico,Media,
401686,2026-02,Servicios,N/A,EQ-0210,Compresor 3,B,Correctivo,PM01,Cerrada,23.0,44.7,1005.3,1218.8,1,0,0,Mecánico,Alta,
401687,2026-02,Servicios,N/A,EQ-0202,Caldera 2,B,Preventivo,PM02,Abierta,17.4,6.9,601.4,227.7,,26,16,Servicios,Baja,Requiere parada de planta
401688,2026-02,Servicios,N/A,EQ-0210,Compresor 3,B,Correctivo,PM01,Cerrada,18.9,40.3,1189.3,1737.3,7,0,4,Mecánico,Media,
401689,2026-02,Proceso,Línea 2,EQ-0320,Mezclador P2,B,Preventivo,PM02,Cerrada,10.5,10.4,451.1,423.4,5,0,0,Mecánico,Alta,
401690,2026-02,Envasado,Línea 1,EQ-0461,Etiquetadora L1,A,Preventivo,PM02,Cerrada,7.8,8.1,390.8,424.2,4,0,0,Mecánico,Baja,
401691,2026-02,Servicios,N/A,EQ-0210,Compresor 3,B,Preventivo,PM02,Cerrada,10.2,10.6,326.4,336.1,5,0,0,Mecánico,Alta,
401692,2026-02,Proceso,Línea 1,EQ-0331,Bomba de proceso,C,Preventivo,PM03,Cerrada,13.6,13.0,365.9,329.4,9,0,0,Instrumentación,Alta,
401693,2026-02,Envasado,Línea 1,EQ-0455,Envasadora L1,A,Correctivo,PM01,Cerrada,6.1,13.0,353.9,510.5,9,0,0,Mecánico,Media,
401694,2026-02,Envasado,Línea 2,EQ-0457,Envasadora L2,A,Preventivo,PM02,Cerrada,9.0,8.8,373.5,345.2,1,0,0,Mecánico,Media,
401695,2026-02,Servicios,N/A,EQ-0202,Caldera 2,B,Preventivo,PM03,Cerrada,18.3,19.3,582.5,622.2,1,0,2,Eléctrico,Alta,
401696,2026-02,Envasado,Línea 2,EQ-0457,Envasadora L2,A,Preventivo,PM02,Cerrada,11.9,11.9,512.1,537.3,9,10,0,Mecánico,Baja,
401697,2026-02,Envasado,Línea 2,EQ-0457,Envasadora L2,A,Mejora,PM04,Cerrada,4.3,4.3,229.1,227.5,4,0,0,Eléctrico,Media,
401698,2026-02,Envasado,Línea 3,EQ-0470,Paletizador,B,Correctivo,PM01,Cerrada,15.7,19.9,685.5,560.1,5,3,0,Mecánico,Baja,
401699,2026-02,Envasado,Línea 2,EQ-0462,Etiquetadora L2,B,Preventivo,PM03,Cerrada,16.5,18.2,497.7,572.0,6,0,0,Servicios,Media,
401700,2026-02,Servicios,N/A,EQ-0201,Caldera 1,A,Correctivo,PM01,Abierta,28.0,10.4,1542.0,508.1,,4,0,Servicios,Alta,
401701,2026-02,Proceso,Línea 1,EQ-0331,Bomba de proceso,C,Correctivo,PM01,Cerrada,9.7,19.6,445.0,557.9,5,0,2,Mecánico,Baja,
401702,2026-02,Proceso,Línea 2,EQ-0330,Bomba CIP,B,Preventivo,PM02,Abierta,21.7,6.2,782.7,300.9,,21,16,Eléctrico,Media,
401703,2026-02,Envasado,Línea 1,EQ-0461,Etiquetadora L1,A,Preventivo,PM02,Cerrada,14.3,13.6,798.1,753.0,9,0,0,Mecánico,Baja,
401704,2026-02,Proceso,Línea 2,EQ-0320,Mezclador P2,B,Preventivo,PM02,Cerrada,25.2,27.0,1015.8,1098.1,4,0,0,Mecánico,Media,
401705,2026-02,Envasado,Línea 2,EQ-0462,Etiquetadora L2,B,Preventivo,PM02,Cerrada,16.2,16.3,710.4,750.4,8,0,0,Eléctrico,Baja,
401706,2026-02,Servicios,N/A,EQ-0210,Compresor 3,B,Correctivo,PM01,Abierta,15.8,3.0,1120.9,595.2,,0,1,Mecánico,Baja,
401707,2026-02,Servicios,N/A,EQ-0211,Chiller 1,A,Correctivo,PM01,Cerrada,14.1,23.5,1109.5,1204.6,2,0,0,Instrumentación,Alta,
401708,2026-02,Servicios,N/A,EQ-0202,Caldera 2,B,Preventivo,PM02,Cerrada,4.3,4.1,98.2,89.6,9,0,0,Eléctrico,Baja,
401709,2026-02,Bodega,N/A,EQ-0601,Grúa horquilla 4,C,Preventivo,PM02,Cerrada,17.2,19.1,596.7,627.5,3,6,16,Eléctrico,Baja,
401710,2026-02,Envasado,Línea 3,EQ-0471,Transportador L3,C,Preventivo,PM02,Cerrada,3.9,4.3,94.9,104.1,3,0,0,Eléctrico,Baja,
401711,2026-02,Envasado,Línea 2,EQ-0462,Etiquetadora L2,B,Preventivo,PM03,Cerrada,3.3,3.2,130.1,138.1,5,0,0,Eléctrico,Baja,
401712,2026-02,Proceso,Línea 1,EQ-0311,Intercambiador P1,B,Preventivo,PM02,Cerrada,10.8,10.9,302.1,313.7,12,0,0,Mecánico,Alta,
401713,2026-02,Envasado,Línea 1,EQ-0455,Envasadora L1,A,Mejora,PM04,Cerrada,13.4,13.5,574.5,582.6,3,0,0,Servicios,Baja,
401714,2026-02,Envasado,Línea 2,EQ-0457,Envasadora L2,A,Correctivo,PM01,Cerrada,23.7,42.3,1171.5,1313.8,11,0,0,Instrumentación,Alta,
401715,2026-02,Bodega,N/A,EQ-0601,Grúa horquilla 4,C,Predictivo,PM06,Cerrada,17.7,18.0,373.1,410.1,2,7,0,Instrumentación,Alta,
401716,2026-02,Servicios,N/A,EQ-0201,Caldera 1,A,Correctivo,PM01,Cerrada,8.8,12.9,738.4,754.3,4,0,0,Eléctrico,Baja,
401717,2026-02,Servicios,N/A,EQ-0210,Compresor 3,B,Correctivo,PM01,Cerrada,11.3,20.3,545.4,620.3,10,0,0,Eléctrico,Baja,
401718,2026-02,Proceso,Línea 2,EQ-0320,Mezclador P2,B,Preventivo,PM02,Abierta,10.8,2.9,358.7,136.1,,0,0,Mecánico,Alta,
401719,2026-02,Envasado,Línea 2,EQ-0462,Etiquetadora L2,B,Preventivo,PM03,Cerrada,7.3,6.7,248.2,221.8,9,0,2,Mecánico,Media,
401720,2026-02,Servicios,N/A,EQ-0202,Caldera 2,B,Mejora,PM04,Cerrada,8.7,9.0,378.0,376.2,8,0,0,Eléctrico,Media,
401721,2026-02,Servicios,N/A,EQ-0211,Chiller 1,A,Correctivo,PM01,Cerrada,32.4,53.2,1972.0,2168.4,12,0,0,Mecánico,Alta,
401722,2026-02,Envasado,Línea 1,EQ-0455,Envasadora L1,A,Emergencia,PM05,Abierta,5.1,1.6,486.4,173.6,,11,0,Eléctrico,Media,
401723,2026-02,Servicios,N/A,EQ-0202,Caldera 2,B,Preventivo,PM02,Cerrada,11.2,11.0,363.6,356.2,10,0,0,Servicios,Baja,
401724,2026-02,Proceso,Línea 1,EQ-0310,Reactor P1,A,Mejora,PM04,Cerrada,17.8,18.6,769.8,792.3,9,3,0,Instrumentación,Baja,
401725,2026-02,Proceso,Línea 2,EQ-0330,Bomba CIP,B,Preventivo,PM03,Cerrada,18.9,20.9,772.8,820.1,10,0,0,Mecánico,Media,
401726,2026-02,Envasado,Línea 2,EQ-0462,Etiquetadora L2,B,Preventivo,PM02,Cerrada,17.8,18.9,637.7,670.5,3,0,0,Eléctrico,Alta,
401727,2026-02,Proceso,Línea 1,EQ-0311,Intercambiador P1,B,Preventivo,PM02,Cerrada,25.4,24.5,666.3,697.5,12,0,0,Mecánico,Media,
401728,2026-02,Proceso,Línea 1,EQ-0311,Intercambiador P1,B,Preventivo,PM03,Cerrada,13.2,13.5,388.2,398.6,12,0,0,Mecánico,Baja,
401729,2026-02,Servicios,N/A,EQ-0202,Caldera 2,B,Emergencia,PM05,Cerrada,3.8,5.4,213.7,191.2,4,0,0,Instrumentación,Media,
401730,2026-02,Proceso,Línea 1,EQ-0310,Reactor P1,A,Mejora,PM04,Cerrada,13.7,13.0,807.6,744.0,10,0,0,Mecánico,Media,
401731,2026-02,Envasado,Línea 1,EQ-0461,Etiquetadora L1,A,Preventivo,PM02,Cerrada,5.9,6.2,357.7,394.0,10,0,0,Mecánico,Media,
401732,2026-02,Proceso,Línea 1,EQ-0310,Reactor P1,A,Preventivo,PM02,Cerrada,17.0,18.2,1016.0,1166.7,1,0,0,Instrumentación,Media,
401733,2026-02,Bodega,N/A,EQ-0601,Grúa horquilla 4,C,Preventivo,PM02,Abierta,24.5,1.8,638.3,173.3,,10,0,Mecánico,Alta,
401734,2026-02,Bodega,N/A,EQ-0601,Grúa horquilla 4,C,Preventivo,PM03,Cerrada,4.0,4.2,109.6,105.3,4,0,0,Eléctrico,Media,
401735,2026-02,Envasado,Línea 2,EQ-0462,Etiquetadora L2,B,Correctivo,PM01,Cerrada,11.4,15.4,749.4,623.0,2,0,1,Servicios,Media,
401736,2026-02,Bodega,N/A,EQ-0601,Grúa horquilla 4,C,Preventivo,PM02,Cerrada,5.6,5.8,168.8,184.9,1,0,0,Mecánico,Alta,
401737,2026-02,Proceso,Línea 1,EQ-0310,Reactor P1,A,Correctivo,PM01,Cerrada,25.4,53.3,1993.8,2772.7,11,0,0,Eléctrico,Media,
401738,2026-02,Proceso,Línea 1,EQ-0331,Bomba de proceso,C,Correctivo,PM01,Cerrada,29.2,56.6,974.5,1190.5,12,0,0,Mecánico,Alta,
401739,2026-02,Envasado,Línea 2,EQ-0462,Etiquetadora L2,B,Emergencia,PM05,Cerrada,28.0,38.9,1162.8,1120.0,3,0,0,Instrumentación,Media,
401740,2026-02,Envasado,Línea 1,EQ-0455,Envasadora L1,A,Preventivo,PM02,Cerrada,7.5,7.9,466.8,457.0,13,0,0,Eléctrico,Baja,
401741,2026-02,Envasado,Línea 2,EQ-0457,Envasadora L2,A,Correctivo,PM01,Cerrada,24.4,36.7,2275.4,2200.6,8,0,0,Eléctrico,Media,
401742,2026-02,Envasado,Línea 3,EQ-0470,Paletizador,B,Correctivo,PM01,Cerrada,12.8,16.5,866.0,751.3,6,0,0,Instrumentación,Media,
401743,2026-02,Servicios,N/A,EQ-0202,Caldera 2,B,Preventivo,PM03,Cerrada,14.9,14.5,506.8,470.4,9,0,0,Mecánico,Media,
401744,2026-02,Envasado,Línea 3,EQ-0470,Paletizador,B,Predictivo,PM06,Cerrada,25.6,25.6,1136.7,1183.6,11,0,0,Eléctrico,Alta,
401745,2026-02,Envasado,Línea 3,EQ-0471,Transportador L3,C,Correctivo,PM01,Cerrada,11.0,13.6,289.4,254.8,4,0,0,Eléctrico,Media,
401746,2026-02,Proceso,Línea 1,EQ-0310,Reactor P1,A,Preventivo,PM02,Cerrada,4.8,4.7,289.9,273.4,2,0,0,Eléctrico,Alta,
401747,2026-02,Proceso,Línea 2,EQ-0320,Mezclador P2,B,Preventivo,PM03,Cerrada,16.3,15.7,785.5,787.6,1,0,0,Eléctrico,Media,
401748,2026-02,Proceso,Línea 2,EQ-0320,Mezclador P2,B,Correctivo,PM01,Cerrada,32.4,69.5,1328.6,2013.0,9,0,0,Servicios,Media,
401749,2026-02,Proceso,Línea 2,EQ-0330,Bomba CIP,B,Mejora,PM04,Cerrada,17.8,19.5,553.8,617.1,7,0,2,Mecánico,Baja,
401750,2026-02,Proceso,Línea 1,EQ-0311,Intercambiador P1,B,Preventivo,PM02,Cerrada,2.4,2.2,103.1,88.4,10,0,0,Mecánico,Media,
401751,2026-02,Proceso,Línea 1,EQ-0331,Bomba de proceso,C,Preventivo,PM02,Cerrada,3.2,3.4,68.9,77.3,1,0,0,Mecánico,Media,
401752,2026-02,Envasado,Línea 1,EQ-0461,Etiquetadora L1,A,Preventivo,PM03,Cerrada,7.5,6.9,459.2,424.9,7,0,0,Eléctrico,Media,
401753,2026-02,Envasado,Línea 3,EQ-0471,Transportador L3,C,Preventivo,PM02,Cerrada,9.6,9.9,308.6,293.7,4,0,0,Eléctrico,Media,
401754,2026-02,Servicios,N/A,EQ-0201,Caldera 1,A,Preventivo,PM02,Cerrada,22.2,23.3,1295.6,1350.7,10,0,0,Eléctrico,Media,
401755,2026-02,Envasado,Línea 2,EQ-0457,Envasadora L2,A,Preventivo,PM02,Cerrada,13.1,12.8,406.8,432.9,6,0,0,Eléctrico,Baja,
401756,2026-02,Proceso,Línea 1,EQ-0331,Bomba de proceso,C,Preventivo,PM03,Cerrada,8.8,8.4,171.0,162.4,10,10,0,Instrumentación,Baja,
401757,2026-02,Proceso,Línea 2,EQ-0330,Bomba CIP,B,Emergencia,PM05,Cerrada,10.4,22.4,516.7,778.7,4,0,0,Mecánico,Alta,
401758,2026-02,Envasado,Línea 2,EQ-0457,Envasadora L2,A,Preventivo,PM02,Cerrada,5.7,5.8,177.3,167.6,5,0,0,Mecánico,Alta,
401759,2026-02,Envasado,Línea 1,EQ-0461,Etiquetadora L1,A,Correctivo,PM01,Cerrada,22.7,31.1,1445.4,1259.0,2,0,0,Mecánico,Baja,
401760,2026-02,Proceso,Línea 1,EQ-0311,Intercambiador P1,B,Preventivo,PM02,Cerrada,17.7,18.8,707.0,763.1,2,0,2,Mecánico,Alta,
401761,2026-02,Envasado,Línea 2,EQ-0457,Envasadora L2,A,Correctivo,PM01,Cerrada,17.4,35.3,869.2,1131.9,7,0,2,Eléctrico,Baja,
401762,2026-02,Envasado,Línea 1,EQ-0461,Etiquetadora L1,A,Preventivo,PM03,Cerrada,3.1,2.9,95.8,90.7,11,0,0,Eléctrico,Media,
401763,2026-02,Envasado,Línea 2,EQ-0462,Etiquetadora L2,B,Preventivo,PM02,Abierta,16.2,6.2,720.6,31.3,,0,0,Eléctrico,Media,
401764,2026-02,Proceso,Línea 2,EQ-0320,Mezclador P2,B,Preventivo,PM02,Cerrada,25.5,25.0,988.2,989.2,8,0,4,Eléctrico,Alta,
401765,2026-02,Proceso,Línea 1,EQ-0331,Bomba de proceso,C,Preventivo,PM02,Cerrada,6.2,6.8,111.0,121.6,3,0,0,Eléctrico,Alta,
401766,2026-02,Proceso,Línea 1,EQ-0310,Reactor P1,A,Emergencia,PM05,Cerrada,11.5,21.9,892.5,1072.6,4,10,0,Eléctrico,Media,
401767,2026-02,Servicios,N/A,EQ-0211,Chiller 1,A,Preventivo,PM02,Cerrada,16.6,16.6,563.4,589.4,3,0,0,Servicios,Baja,
401768,2026-02,Proceso,Línea 1,EQ-0310,Reactor P1,A,Preventivo,PM02,Cerrada,9.3,9.6,448.5,504.6,8,0,0,Eléctrico,Alta,
401769,2026-02,Servicios,N/A,EQ-0201,Caldera 1,A,Correctivo,PM01,Cerrada,21.8,41.9,1400.5,1917.7,1,0,0,Instrumentación,Media,
401770,2026-02,Proceso,Línea 1,EQ-0310,Reactor P1,A,Emergencia,PM05,Cerrada,27.1,38.5,2251.8,1966.4,7,0,0,Mecánico,Baja,
401771,2026-02,Envasado,Línea 2,EQ-0457,Envasadora L2,A,Correctivo,PM01,Cerrada,32.2,67.1,2757.7,3817.7,4,0,0,Mecánico,Media,
401772,2026-02,Proceso,Línea 1,EQ-0310,Reactor P1,A,Preventivo,PM02,Cerrada,22.8,22.3,751.2,722.3,12,11,0,Mecánico,Media,
401773,2026-02,Envasado,Línea 2,EQ-0457,Envasadora L2,A,Preventivo,PM02,Cerrada,14.5,13.9,625.3,608.9,12,7,16,Servicios,Alta,
401774,2026-02,Envasado,Línea 2,EQ-0457,Envasadora L2,A,Preventivo,PM02,Cerrada,9.5,8.8,343.5,324.1,5,0,0,Mecánico,Alta,
401775,2026-03,Proceso,Línea 2,EQ-0320,Mezclador P2,B,Preventivo,PM02,Cerrada,12.2,12.8,297.0,332.0,10,0,1,Mecánico,Media,
401776,2026-03,Proceso,Línea 1,EQ-0331,Bomba de proceso,C,Preventivo,PM02,Cerrada,10.2,10.5,259.9,250.5,3,0,0,Mecánico,Alta,
401777,2026-03,Proceso,Línea 1,EQ-0311,Intercambiador P1,B,Preventivo,PM02,Cerrada,15.6,14.9,714.4,691.3,8,0,0,Mecánico,Alta,
401778,2026-03,Envasado,Línea 2,EQ-0457,Envasadora L2,A,Preventivo,PM02,Cerrada,22.0,20.4,1406.0,1220.8,11,0,0,Servicios,Media,
401779,2026-03,Proceso,Línea 1,EQ-0331,Bomba de proceso,C,Emergencia,PM05,Cerrada,13.9,24.3,692.2,847.5,12,0,0,Mecánico,Baja,
401780,2026-03,Servicios,N/A,EQ-0211,Chiller 1,A,Predictivo,PM06,Cerrada,4.8,4.5,251.2,239.3,11,0,0,Eléctrico,Alta,
401781,2026-03,Servicios,N/A,EQ-0210,Compresor 3,B,Emergencia,PM05,Cerrada,4.4,8.0,186.1,221.7,7,0,0,Mecánico,Media,
401782,2026-03,Envasado,Línea 1,EQ-0461,Etiquetadora L1,A,Correctivo,PM01,Cerrada,27.5,58.6,2061.3,2782.1,4,0,0,Eléctrico,Baja,
401783,2026-03,Envasado,Línea 3,EQ-0470,Paletizador,B,Emergencia,PM05,Cerrada,13.6,21.9,749.1,848.2,9,1,0,Eléctrico,Media,
401784,2026-03,Servicios,N/A,EQ-0210,Compresor 3,B,Preventivo,PM02,Cerrada,23.2,22.4,938.4,968.7,1,0,4,Instrumentación,Alta,
401785,2026-03,Proceso,Línea 1,EQ-0310,Reactor P1,A,Preventivo,PM02,Cerrada,22.3,22.4,1216.3,1272.0,7,0,0,Instrumentación,Baja,
401786,2026-03,Envasado,Línea 1,EQ-0461,Etiquetadora L1,A,Correctivo,PM01,Cerrada,13.5,28.8,1235.5,1885.7,12,0,0,Mecánico,Baja,
401787,2026-03,Envasado,Línea 1,EQ-0461,Etiquetadora L1,A,Correctivo,PM01,Cerrada,30.6,35.7,1382.1,1030.1,12,0,4,Eléctrico,Alta,
401788,2026-03,Proceso,Línea 2,EQ-0330,Bomba CIP,B,Correctivo,PM01,Cerrada,15.9,20.8,938.1,758.4,9,0,0,Mecánico,Baja,
401789,2026-03,Servicios,N/A,EQ-0210,Compresor 3,B,Preventivo,PM02,Cerrada,13.2,13.4,616.6,647.5,7,1,16,Eléctrico,Media,
401790,2026-03,Envasado,Línea 3,EQ-0470,Paletizador,B,Preventivo,PM02,Cerrada,16.8,16.5,579.2,563.7,4,0,0,Servicios,Alta,
401791,2026-03,Proceso,Línea 2,EQ-0320,Mezclador P2,B,Preventivo,PM02,Cerrada,17.6,19.6,520.9,628.6,11,0,0,Mecánico,Media,
401792,2026-03,Proceso,Línea 1,EQ-0331,Bomba de proceso,C,Correctivo,PM01,Cerrada,21.9,40.3,631.5,816.1,1,0,0,Mecánico,Baja,
401793,2026-03,Envasado,Línea 3,EQ-0471,Transportador L3,C,Preventivo,PM02,Cerrada,19.3,18.0,698.5,645.0,4,0,2,Mecánico,Alta,
401794,2026-03,Servicios,N/A,EQ-0210,Compresor 3,B,Correctivo,PM01,Cerrada,6.1,7.7,226.6,206.5,5,0,0,Mecánico,Media,
401795,2026-03,Envasado,Línea 1,EQ-0461,Etiquetadora L1,A,Correctivo,PM01,Cerrada,23.6,47.2,1231.6,1611.1,2,3,0,Instrumentación,Baja,
401796,2026-03,Envasado,Línea 1,EQ-0461,Etiquetadora L1,A,Correctivo,PM01,Cerrada,28.9,56.5,2045.2,2771.1,3,6,0,Mecánico,Media,
401797,2026-03,Envasado,Línea 2,EQ-0457,Envasadora L2,A,Correctivo,PM01,Cerrada,31.8,41.2,2177.2,1834.2,12,0,0,Instrumentación,Media,
401798,2026-03,Servicios,N/A,EQ-0211,Chiller 1,A,Predictivo,PM06,Cerrada,17.2,17.7,754.1,723.5,7,0,2,Instrumentación,Media,
401799,2026-03,Servicios,N/A,EQ-0201,Caldera 1,A,Preventivo,PM02,Cerrada,19.2,20.4,864.2,958.5,12,0,6,Mecánico,Alta,
401800,2026-03,Envasado,Línea 3,EQ-0470,Paletizador,B,Predictivo,PM06,Cerrada,10.6,10.2,265.3,249.7,1,0,2,Servicios,Alta,
401801,2026-03,Envasado,Línea 2,EQ-0457,Envasadora L2,A,Correctivo,PM01,Cerrada,14.0,19.4,1243.3,1192.7,6,7,0,Mecánico,Alta,
401802,2026-03,Envasado,Línea 1,EQ-0461,Etiquetadora L1,A,Preventivo,PM03,Cerrada,10.7,11.7,554.0,656.0,9,0,0,Eléctrico,Alta,
401803,2026-03,Envasado,Línea 3,EQ-0471,Transportador L3,C,Preventivo,PM02,Cerrada,9.7,9.4,284.3,271.0,4,0,0,Mecánico,Media,
401804,2026-03,Proceso,Línea 1,EQ-0311,Intercambiador P1,B,Preventivo,PM03,Cerrada,2.3,2.5,79.1,91.5,11,4,16,Mecánico,Baja,
401805,2026-03,Proceso,Línea 2,EQ-0320,Mezclador P2,B,Preventivo,PM02,Cerrada,3.1,3.1,91.2,92.7,12,0,0,Eléctrico,Media,
401806,2026-03,Envasado,Línea 2,EQ-0457,Envasadora L2,A,Correctivo,PM01,Cerrada,11.7,24.9,789.4,1175.6,11,0,0,Eléctrico,Media,
401807,2026-03,Envasado,Línea 1,EQ-0461,Etiquetadora L1,A,Preventivo,PM02,Abierta,22.7,6.2,1455.2,226.1,,26,16,Mecánico,Media,Espera de repuesto
401808,2026-03,Proceso,Línea 2,EQ-0320,Mezclador P2,B,Preventivo,PM02,Cerrada,23.6,23.8,970.3,959.9,7,8,0,Eléctrico,Baja,
401809,2026-03,Envasado,Línea 3,EQ-0471,Transportador L3,C,Preventivo,PM02,Cerrada,10.5,9.9,342.0,300.8,5,0,0,Mecánico,Media,
401810,2026-03,Envasado,Línea 1,EQ-0455,Envasadora L1,A,Preventivo,PM02,Cerrada,22.0,22.6,1075.1,1162.3,4,0,0,Eléctrico,Alta,
401811,2026-03,Proceso,Línea 2,EQ-0320,Mezclador P2,B,Correctivo,PM01,Abierta,4.7,2.0,340.7,82.0,,32,0,Eléctrico,Baja,Requiere parada de planta
401812,2026-03,Envasado,Línea 1,EQ-0455,Envasadora L1,A,Preventivo,PM02,Cerrada,14.3,14.0,895.7,847.1,7,0,0,Mecánico,Alta,
401813,2026-03,Envasado,Línea 2,EQ-0457,Envasadora L2,A,Correctivo,PM01,Cerrada,4.6,9.5,372.5,476.7,5,1,0,Servicios,Media,
401814,2026-03,Proceso,Línea 2,EQ-0330,Bomba CIP,B,Preventivo,PM03,Cerrada,10.6,10.5,461.8,438.7,8,0,0,Mecánico,Media,
401815,2026-03,Envasado,Línea 2,EQ-0462,Etiquetadora L2,B,Correctivo,PM01,Cerrada,15.4,26.3,624.5,708.4,2,0,2,Eléctrico,Baja,
401816,2026-03,Proceso,Línea 2,EQ-0330,Bomba CIP,B,Preventivo,PM02,Cerrada,19.2,21.4,636.1,708.2,4,0,0,Mecánico,Media,
401817,2026-03,Proceso,Línea 1,EQ-0331,Bomba de proceso,C,Mejora,PM04,Cerrada,6.8,6.3,180.1,156.9,8,0,0,Instrumentación,Media,
401818,2026-03,Proceso,Línea 1,EQ-0311,Intercambiador P1,B,Preventivo,PM02,Cerrada,17.3,18.0,459.9,485.5,9,0,0,Instrumentación,Media,
401819,2026-03,Proceso,Línea 1,EQ-0310,Reactor P1,A,Mejora,PM04,Abierta,7.5,1.4,320.1,36.4,,34,0,Servicios,Media,Sin asignación de técnico
401820,2026-03,Bodega,N/A,EQ-0601,Grúa horquilla 4,C,Correctivo,PM01,Cerrada,28.9,34.6,1455.6,1219.3,5,0,0,Mecánico,Media,
401821,2026-03,Servicios,N/A,EQ-0202,Caldera 2,B,Correctivo,PM01,Cerrada,2.6,4.0,141.6,154.7,3,0,4,Eléctrico,Media,
401822,2026-03,Envasado,Línea 2,EQ-0457,Envasadora L2,A,Preventivo,PM02,Cerrada,22.8,23.5,745.6,764.6,1,0,0,Mecánico,Alta,
401823,2026-03,Proceso,Línea 1,EQ-0310,Reactor P1,A,Preventivo,PM03,Cerrada,10.3,11.0,647.1,711.6,11,0,0,Mecánico,Media,
401824,2026-03,Proceso,Línea 2,EQ-0330,Bomba CIP,B,Emergencia,PM05,Cerrada,30.8,38.2,2101.0,1852.4,4,0,0,Mecánico,Media,
401825,2026-03,Envasado,Línea 3,EQ-0470,Paletizador,B,Preventivo,PM02,Cerrada,7.1,6.6,197.3,180.2,2,0,0,Eléctrico,Alta,
401826,2026-03,Envasado,Línea 1,EQ-0455,Envasadora L1,A,Mejora,PM04,Cerrada,24.0,24.2,836.3,877.1,3,0,0,Eléctrico,Media,
401827,2026-03,Proceso,Línea 1,EQ-0311,Intercambiador P1,B,Preventivo,PM02,Cerrada,18.7,17.8,792.2,773.3,6,0,0,Eléctrico,Media,
401828,2026-03,Envasado,Línea 1,EQ-0461,Etiquetadora L1,A,Preventivo,PM03,Abierta,20.1,5.9,1130.5,202.0,,36,24,Mecánico,Alta,Espera de repuesto
401829,2026-03,Servicios,N/A,EQ-0202,Caldera 2,B,Preventivo,PM02,Cerrada,15.1,15.3,388.8,407.3,5,0,0,Instrumentación,Baja,
401830,2026-03,Envasado,Línea 3,EQ-0470,Paletizador,B,Preventivo,PM02,Cerrada,25.3,27.2,1160.8,1311.3,4,0,0,Eléctrico,Media,
401831,2026-03,Envasado,Línea 2,EQ-0462,Etiquetadora L2,B,Correctivo,PM01,Cerrada,26.7,52.5,1065.0,1499.8,4,0,0,Mecánico,Media,
401832,2026-03,Envasado,Línea 3,EQ-0471,Transportador L3,C,Preventivo,PM02,Cerrada,18.7,17.4,558.7,522.7,8,0,0,Mecánico,Baja,
401833,2026-03,Proceso,Línea 1,EQ-0311,Intercambiador P1,B,Preventivo,PM02,Cerrada,16.9,15.8,415.5,374.1,3,6,0,Mecánico,Baja,
401834,2026-03,Servicios,N/A,EQ-0211,Chiller 1,A,Mejora,PM04,Cerrada,19.2,18.5,1122.1,1061.6,6,0,0,Eléctrico,Media,
401835,2026-03,Servicios,N/A,EQ-0211,Chiller 1,A,Preventivo,PM03,Cerrada,15.7,17.0,822.7,840.3,4,0,0,Instrumentación,Media,
401836,2026-03,Envasado,Línea 1,EQ-0461,Etiquetadora L1,A,Predictivo,PM06,Cerrada,10.4,10.7,557.0,586.6,8,0,0,Servicios,Baja,
401837,2026-03,Proceso,Línea 1,EQ-0310,Reactor P1,A,Preventivo,PM02,Abierta,14.7,4.3,466.3,199.3,,3,16,Mecánico,Media,
401838,2026-03,Servicios,N/A,EQ-0201,Caldera 1,A,Preventivo,PM03,Cerrada,18.7,18.2,725.8,722.0,1,0,0,Mecánico,Media,
401839,2026-03,Servicios,N/A,EQ-0210,Compresor 3,B,Emergencia,PM05,Abierta,8.1,2.5,598.9,129.0,,17,1,Instrumentación,Baja,
401840,2026-03,Envasado,Línea 1,EQ-0455,Envasadora L1,A,Preventivo,PM02,Cerrada,10.0,9.9,428.2,435.0,5,0,0,Instrumentación,Baja,
401841,2026-03,Envasado,Línea 2,EQ-0457,Envasadora L2,A,Correctivo,PM01,Cerrada,6.6,12.9,444.5,555.0,5,0,0,Servicios,Alta,
401842,2026-03,Envasado,Línea 2,EQ-0457,Envasadora L2,A,Mejora,PM04,Cerrada,15.5,16.5,471.6,489.1,3,4,0,Mecánico,Media,
401843,2026-03,Proceso,Línea 1,EQ-0311,Intercambiador P1,B,Preventivo,PM02,Cerrada,16.5,17.2,516.4,528.0,6,0,0,Mecánico,Media,
401844,2026-03,Proceso,Línea 1,EQ-0311,Intercambiador P1,B,Preventivo,PM03,Cerrada,25.6,26.6,932.5,915.4,2,0,0,Mecánico,Media,
401845,2026-03,Servicios,N/A,EQ-0202,Caldera 2,B,Preventivo,PM03,Cerrada,11.2,10.4,455.2,456.1,6,0,0,Mecánico,Baja,
401846,2026-03,Servicios,N/A,EQ-0202,Caldera 2,B,Preventivo,PM03,Cerrada,17.0,18.8,495.0,506.9,11,10,16,Mecánico,Media,
401847,2026-03,Servicios,N/A,EQ-0202,Caldera 2,B,Preventivo,PM02,Cerrada,10.3,10.9,303.3,336.1,3,0,0,Servicios,Media,
401848,2026-03,Envasado,Línea 3,EQ-0471,Transportador L3,C,Preventivo,PM02,Cerrada,10.8,10.7,299.2,301.2,5,0,0,Eléctrico,Media,
401849,2026-03,Servicios,N/A,EQ-0210,Compresor 3,B,Preventivo,PM03,Cerrada,20.5,22.2,671.9,728.0,8,0,0,Mecánico,Media,
401850,2026-03,Servicios,N/A,EQ-0210,Compresor 3,B,Correctivo,PM01,Cerrada,28.0,41.9,1872.0,1803.2,3,0,0,Mecánico,Media,
401851,2026-03,Proceso,Línea 1,EQ-0331,Bomba de proceso,C,Preventivo,PM03,Cerrada,23.0,21.3,453.6,390.9,8,0,0,Mecánico,Alta,
401852,2026-03,Envasado,Línea 3,EQ-0470,Paletizador,B,Preventivo,PM02,Cerrada,13.1,12.5,450.2,452.5,3,0,2,Eléctrico,Baja,
401853,2026-03,Servicios,N/A,EQ-0202,Caldera 2,B,Preventivo,PM03,Cerrada,6.6,6.2,233.8,214.7,4,8,0,Mecánico,Baja,
401854,2026-03,Proceso,Línea 2,EQ-0320,Mezclador P2,B,Correctivo,PM01,Cerrada,11.7,21.0,795.9,951.8,4,0,0,Eléctrico,Media,
401855,2026-03,Proceso,Línea 2,EQ-0320,Mezclador P2,B,Emergencia,PM05,Cerrada,2.9,3.9,116.7,111.6,3,0,0,Servicios,Media,
401856,2026-03,Envasado,Línea 2,EQ-0462,Etiquetadora L2,B,Preventivo,PM02,Cerrada,23.7,25.1,674.5,731.4,4,0,0,Servicios,Baja,
401857,2026-03,Proceso,Línea 1,EQ-0311,Intercambiador P1,B,Correctivo,PM01,Cerrada,13.9,25.1,961.8,1079.7,9,0,0,Instrumentación,Baja,
401858,2026-03,Proceso,Línea 2,EQ-0330,Bomba CIP,B,Preventivo,PM02,Cerrada,18.0,16.8,883.8,883.3,5,0,0,Eléctrico,Baja,
401859,2026-03,Proceso,Línea 2,EQ-0320,Mezclador P2,B,Preventivo,PM02,Cerrada,19.1,20.2,554.2,617.5,4,5,16,Eléctrico,Alta,
401860,2026-03,Envasado,Línea 3,EQ-0470,Paletizador,B,Preventivo,PM02,Abierta,24.1,10.1,1190.6,24.1,,13,16,Mecánico,Alta,
401861,2026-03,Servicios,N/A,EQ-0211,Chiller 1,A,Preventivo,PM02,Cerrada,7.6,7.5,333.9,333.8,9,3,16,Instrumentación,Media,
401862,2026-03,Proceso,Línea 2,EQ-0330,Bomba CIP,B,Mejora,PM04,Cerrada,23.4,26.0,728.5,759.9,4,0,0,Mecánico,Alta,
401863,2026-03,Proceso,Línea 2,EQ-0320,Mezclador P2,B,Correctivo,PM01,Cerrada,11.8,25.8,533.0,744.2,10,0,0,Mecánico,Alta,
401864,2026-03,Servicios,N/A,EQ-0210,Compresor 3,B,Preventivo,PM03,Cerrada,22.6,21.5,855.8,811.9,9,0,0,Mecánico,Media,
401865,2026-03,Proceso,Línea 1,EQ-0310,Reactor P1,A,Preventivo,PM02,Cerrada,24.7,26.9,782.9,827.9,8,1,16,Mecánico,Alta,
401866,2026-03,Servicios,N/A,EQ-0210,Compresor 3,B,Emergencia,PM05,Abierta,14.1,4.7,552.6,172.6,,0,0,Mecánico,Alta,
401867,2026-03,Proceso,Línea 1,EQ-0311,Intercambiador P1,B,Correctivo,PM01,Cerrada,30.0,44.4,1646.6,1536.5,10,0,0,Eléctrico,Alta,
401868,2026-03,Envasado,Línea 1,EQ-0455,Envasadora L1,A,Emergencia,PM05,Abierta,15.3,4.1,1434.6,314.1,,8,0,Eléctrico,Media,
401869,2026-03,Proceso,Línea 2,EQ-0330,Bomba CIP,B,Preventivo,PM03,Cerrada,5.3,4.9,209.0,197.7,8,0,0,Eléctrico,Media,
401870,2026-03,Envasado,Línea 3,EQ-0471,Transportador L3,C,Preventivo,PM02,Cerrada,3.7,3.6,128.1,130.4,1,0,0,Instrumentación,Media,
401871,2026-03,Envasado,Línea 2,EQ-0457,Envasadora L2,A,Preventivo,PM02,Cerrada,13.4,13.1,591.0,538.9,12,0,0,Eléctrico,Media,
401872,2026-03,Envasado,Línea 3,EQ-0470,Paletizador,B,Preventivo,PM03,Cerrada,22.0,21.5,615.9,646.6,5,0,0,Mecánico,Media,
401873,2026-03,Proceso,Línea 2,EQ-0330,Bomba CIP,B,Preventivo,PM03,Cerrada,21.0,23.1,604.1,682.9,9,0,0,Instrumentación,Alta,
401874,2026-03,Envasado,Línea 1,EQ-0455,Envasadora L1,A,Preventivo,PM03,Cerrada,15.7,14.5,918.2,795.2,5,0,4,Instrumentación,Media,
401875,2026-03,Servicios,N/A,EQ-0201,Caldera 1,A,Preventivo,PM02,Cerrada,12.8,14.2,746.4,846.8,7,0,4,Mecánico,Media,
401876,2026-03,Proceso,Línea 2,EQ-0320,Mezclador P2,B,Correctivo,PM01,Cerrada,16.3,35.2,815.7,1096.3,10,0,0,Eléctrico,Baja,
401877,2026-03,Envasado,Línea 3,EQ-0471,Transportador L3,C,Preventivo,PM03,Cerrada,10.6,10.7,348.9,361.8,6,0,0,Eléctrico,Baja,
401878,2026-03,Proceso,Línea 1,EQ-0310,Reactor P1,A,Preventivo,PM02,Cerrada,2.6,2.9,104.8,109.8,1,0,0,Mecánico,Media,
401879,2026-03,Servicios,N/A,EQ-0201,Caldera 1,A,Preventivo,PM02,Cerrada,4.7,4.7,257.0,252.5,4,0,0,Mecánico,Baja,
401880,2026-03,Servicios,N/A,EQ-0211,Chiller 1,A,Preventivo,PM03,Cerrada,6.2,6.9,352.8,392.2,2,0,0,Mecánico,Alta,
401881,2026-03,Envasado,Línea 1,EQ-0461,Etiquetadora L1,A,Correctivo,PM01,Cerrada,24.0,45.6,2274.2,3014.9,9,0,4,Servicios,Media,
401882,2026-03,Envasado,Línea 3,EQ-0471,Transportador L3,C,Preventivo,PM03,Cerrada,14.8,16.3,435.5,445.4,8,0,0,Instrumentación,Baja,
401883,2026-03,Proceso,Línea 1,EQ-0310,Reactor P1,A,Preventivo,PM02,Cerrada,20.6,20.5,1156.2,1099.6,11,0,0,Instrumentación,Media,
401884,2026-03,Proceso,Línea 1,EQ-0310,Reactor P1,A,Preventivo,PM02,Cerrada,5.6,5.3,313.5,319.9,1,0,0,Eléctrico,Baja,
401885,2026-03,Servicios,N/A,EQ-0211,Chiller 1,A,Correctivo,PM01,Cerrada,26.6,38.5,1630.7,1656.2,1,0,0,Instrumentación,Media,
401886,2026-03,Servicios,N/A,EQ-0210,Compresor 3,B,Predictivo,PM06,Cerrada,12.2,13.6,313.5,368.8,10,0,0,Eléctrico,Media,
401887,2026-03,Proceso,Línea 2,EQ-0330,Bomba CIP,B,Preventivo,PM03,Cerrada,22.1,23.3,638.1,690.7,10,0,0,Servicios,Media,
401888,2026-03,Envasado,Línea 3,EQ-0471,Transportador L3,C,Mejora,PM04,Cerrada,26.0,24.5,932.2,847.4,8,4,0,Mecánico,Alta,
401889,2026-03,Envasado,Línea 2,EQ-0457,Envasadora L2,A,Correctivo,PM01,Cerrada,15.8,33.6,780.1,1183.4,11,0,0,Servicios,Alta,
401890,2026-03,Servicios,N/A,EQ-0202,Caldera 2,B,Preventivo,PM02,Cerrada,6.3,7.0,153.1,163.7,9,0,0,Mecánico,Media,
401891,2026-03,Servicios,N/A,EQ-0202,Caldera 2,B,Preventivo,PM02,Cerrada,9.2,9.1,388.3,367.7,10,0,0,Mecánico,Baja,
401892,2026-03,Proceso,Línea 1,EQ-0331,Bomba de proceso,C,Correctivo,PM01,Abierta,9.1,1.2,325.6,103.0,,15,0,Eléctrico,Media,
401893,2026-03,Envasado,Línea 3,EQ-0471,Transportador L3,C,Preventivo,PM02,Cerrada,13.4,12.7,259.7,244.5,6,0,0,Servicios,Baja,
401894,2026-03,Envasado,Línea 3,EQ-0471,Transportador L3,C,Preventivo,PM03,Cerrada,11.6,11.5,327.0,334.4,2,0,0,Mecánico,Baja,
401895,2026-03,Proceso,Línea 1,EQ-0310,Reactor P1,A,Predictivo,PM06,Cerrada,19.8,18.8,1241.6,1278.8,10,5,0,Mecánico,Media,
401896,2026-03,Servicios,N/A,EQ-0210,Compresor 3,B,Correctivo,PM01,Cerrada,6.8,14.9,313.3,481.7,8,0,0,Mecánico,Baja,
401897,2026-03,Envasado,Línea 3,EQ-0470,Paletizador,B,Preventivo,PM03,Cerrada,2.4,2.3,109.4,100.6,8,0,0,Eléctrico,Media,
401898,2026-03,Envasado,Línea 1,EQ-0461,Etiquetadora L1,A,Preventivo,PM02,Abierta,9.9,2.9,348.9,100.0,,0,0,Instrumentación,Baja,
401899,2026-03,Envasado,Línea 2,EQ-0457,Envasadora L2,A,Emergencia,PM05,Cerrada,5.7,9.3,530.8,562.2,10,0,0,Mecánico,Baja,
401900,2026-03,Envasado,Línea 3,EQ-0471,Transportador L3,C,Preventivo,PM02,Cerrada,3.6,3.3,68.5,65.2,10,0,2,Eléctrico,Baja,
401901,2026-03,Proceso,Línea 1,EQ-0310,Reactor P1,A,Correctivo,PM01,Cerrada,23.3,33.0,1820.9,1695.0,1,0,2,Servicios,Media,
401902,2026-03,Proceso,Línea 1,EQ-0310,Reactor P1,A,Correctivo,PM01,Cerrada,23.8,51.4,1695.6,2369.3,6,0,0,Eléctrico,Baja,
401903,2026-03,Envasado,Línea 1,EQ-0461,Etiquetadora L1,A,Preventivo,PM02,Cerrada,19.5,20.8,587.0,635.2,3,0,0,Eléctrico,Alta,
401904,2026-03,Proceso,Línea 1,EQ-0310,Reactor P1,A,Preventivo,PM02,Abierta,19.2,8.3,803.6,2.9,,12,16,Mecánico,Media,
401905,2026-03,Servicios,N/A,EQ-0211,Chiller 1,A,Preventivo,PM02,Cerrada,11.8,10.9,499.3,452.2,1,0,0,Mecánico,Baja,
401906,2026-04,Envasado,Línea 3,EQ-0471,Transportador L3,C,Mejora,PM04,Cerrada,2.7,3.0,60.9,63.2,12,0,2,Mecánico,Media,
401907,2026-04,Envasado,Línea 2,EQ-0462,Etiquetadora L2,B,Correctivo,PM01,Cerrada,3.0,5.7,210.3,268.4,3,0,0,Servicios,Alta,
401908,2026-04,Proceso,Línea 1,EQ-0331,Bomba de proceso,C,Preventivo,PM02,Cerrada,2.3,2.5,79.3,92.9,11,0,0,Eléctrico,Media,
401909,2026-04,Envasado,Línea 1,EQ-0455,Envasadora L1,A,Preventivo,PM02,Cerrada,25.1,24.1,805.6,781.7,6,0,0,Mecánico,Media,
401910,2026-04,Proceso,Línea 1,EQ-0311,Intercambiador P1,B,Correctivo,PM01,Cerrada,30.3,50.4,2111.7,2155.0,8,0,4,Mecánico,Baja,
401911,2026-04,Proceso,Línea 1,EQ-0311,Intercambiador P1,B,Mejora,PM04,Cerrada,25.8,28.0,1267.4,1288.9,3,0,0,Servicios,Baja,
401912,2026-04,Proceso,Línea 2,EQ-0330,Bomba CIP,B,Preventivo,PM03,Cerrada,16.8,16.3,784.1,701.4,5,0,0,Instrumentación,Baja,
401913,2026-04,Proceso,Línea 1,EQ-0331,Bomba de proceso,C,Correctivo,PM01,Cerrada,17.3,33.3,951.6,1191.0,10,0,0,Instrumentación,Baja,
401914,2026-04,Servicios,N/A,EQ-0201,Caldera 1,A,Preventivo,PM02,Cerrada,13.2,13.4,682.9,734.4,0,0,0,Mecánico,Media,
401915,2026-04,Proceso,Línea 1,EQ-0331,Bomba de proceso,C,Preventivo,PM02,Cerrada,22.9,24.8,714.4,815.3,7,0,0,Mecánico,Baja,
401916,2026-04,Envasado,Línea 2,EQ-0457,Envasadora L2,A,Preventivo,PM02,Cerrada,9.2,9.0,583.1,589.9,7,1,16,Mecánico,Baja,
401917,2026-04,Proceso,Línea 1,EQ-0311,Intercambiador P1,B,Predictivo,PM06,Cerrada,19.4,20.9,921.2,1010.6,6,0,0,Eléctrico,Media,
401918,2026-04,Proceso,Línea 2,EQ-0330,Bomba CIP,B,Preventivo,PM02,Cerrada,10.0,9.5,377.9,345.2,1,0,0,Mecánico,Baja,
401919,2026-04,Envasado,Línea 2,EQ-0457,Envasadora L2,A,Preventivo,PM02,Cerrada,17.9,18.1,786.6,744.3,2,0,0,Eléctrico,Baja,
401920,2026-04,Servicios,N/A,EQ-0202,Caldera 2,B,Preventivo,PM02,Cerrada,2.7,2.9,82.4,95.0,3,0,0,Mecánico,Media,
401921,2026-04,Servicios,N/A,EQ-0211,Chiller 1,A,Mejora,PM04,Cerrada,22.1,21.7,1225.6,1144.1,1,0,0,Mecánico,Media,
401922,2026-04,Servicios,N/A,EQ-0202,Caldera 2,B,Preventivo,PM03,Cerrada,5.0,5.0,168.8,179.5,8,0,0,Mecánico,Media,
401923,2026-04,Proceso,Línea 1,EQ-0331,Bomba de proceso,C,Mejora,PM04,Cerrada,12.3,11.7,380.6,332.9,11,0,4,Instrumentación,Media,
401924,2026-04,Servicios,N/A,EQ-0211,Chiller 1,A,Preventivo,PM02,Cerrada,16.3,17.5,765.4,822.3,11,0,0,Mecánico,Media,
401925,2026-04,Servicios,N/A,EQ-0210,Compresor 3,B,Correctivo,PM01,Cerrada,10.3,14.4,567.0,496.7,12,0,4,Instrumentación,Alta,
401926,2026-04,Servicios,N/A,EQ-0201,Caldera 1,A,Preventivo,PM02,Cerrada,5.2,5.6,309.2,325.5,4,0,0,Mecánico,Media,
401927,2026-04,Proceso,Línea 1,EQ-0311,Intercambiador P1,B,Correctivo,PM01,Cerrada,8.2,11.9,291.5,266.1,10,0,0,Instrumentación,Alta,
401928,2026-04,Proceso,Línea 2,EQ-0320,Mezclador P2,B,Preventivo,PM02,Abierta,4.2,0.5,106.6,32.0,,5,16,Eléctrico,Alta,
401929,2026-04,Servicios,N/A,EQ-0210,Compresor 3,B,Preventivo,PM02,Cerrada,2.8,2.8,68.0,67.6,1,0,0,Mecánico,Alta,
401930,2026-04,Proceso,Línea 1,EQ-0311,Intercambiador P1,B,Preventivo,PM03,Cerrada,12.3,12.2,536.7,516.2,5,0,0,Mecánico,Media,
401931,2026-04,Envasado,Línea 2,EQ-0462,Etiquetadora L2,B,Preventivo,PM02,Abierta,7.7,0.7,284.7,35.1,,0,0,Eléctrico,Media,
401932,2026-04,Servicios,N/A,EQ-0202,Caldera 2,B,Predictivo,PM06,Cerrada,23.5,22.4,1112.7,1039.1,10,0,0,Eléctrico,Media,
401933,2026-04,Proceso,Línea 2,EQ-0330,Bomba CIP,B,Correctivo,PM01,Cerrada,15.6,28.7,1117.3,1330.2,8,0,0,Eléctrico,Baja,
401934,2026-04,Servicios,N/A,EQ-0210,Compresor 3,B,Preventivo,PM02,Cerrada,17.0,18.1,830.3,917.4,2,0,0,Instrumentación,Baja,
401935,2026-04,Proceso,Línea 1,EQ-0310,Reactor P1,A,Preventivo,PM02,Cerrada,23.8,22.0,1443.8,1258.0,10,0,0,Mecánico,Media,
401936,2026-04,Proceso,Línea 1,EQ-0311,Intercambiador P1,B,Correctivo,PM01,Cerrada,31.4,57.9,1578.6,2099.3,2,0,0,Mecánico,Media,
401937,2026-04,Envasado,Línea 2,EQ-0462,Etiquetadora L2,B,Preventivo,PM02,Cerrada,11.5,11.1,410.1,369.8,1,0,0,Mecánico,Baja,
401938,2026-04,Bodega,N/A,EQ-0601,Grúa horquilla 4,C,Correctivo,PM01,Cerrada,29.0,41.0,1035.0,1015.4,10,1,0,Mecánico,Baja,
401939,2026-04,Envasado,Línea 2,EQ-0462,Etiquetadora L2,B,Emergencia,PM05,Cerrada,21.6,41.3,1565.2,2049.3,10,0,0,Servicios,Alta,
401940,2026-04,Servicios,N/A,EQ-0210,Compresor 3,B,Emergencia,PM05,Cerrada,21.1,44.3,1080.5,1608.3,6,0,0,Mecánico,Media,
401941,2026-04,Envasado,Línea 1,EQ-0461,Etiquetadora L1,A,Preventivo,PM02,Cerrada,21.3,20.6,1175.7,1047.4,6,0,0,Mecánico,Media,
401942,2026-04,Proceso,Línea 2,EQ-0330,Bomba CIP,B,Preventivo,PM02,Cerrada,12.4,12.2,595.0,558.1,11,1,20,Eléctrico,Alta,
401943,2026-04,Proceso,Línea 2,EQ-0320,Mezclador P2,B,Preventivo,PM02,Cerrada,4.2,4.4,117.0,131.0,11,0,0,Instrumentación,Alta,
401944,2026-04,Servicios,N/A,EQ-0202,Caldera 2,B,Correctivo,PM01,Cerrada,11.0,23.6,425.5,587.3,2,6,1,Instrumentación,Alta,
401945,2026-04,Envasado,Línea 3,EQ-0471,Transportador L3,C,Preventivo,PM02,Cerrada,11.0,12.2,278.3,332.7,1,0,0,Eléctrico,Baja,
401946,2026-04,Servicios,N/A,EQ-0201,Caldera 1,A,Correctivo,PM01,Cerrada,4.3,5.0,386.6,319.0,5,0,0,Eléctrico,Alta,
401947,2026-04,Servicios,N/A,EQ-0202,Caldera 2,B,Preventivo,PM03,Cerrada,7.6,7.9,191.9,194.2,3,0,0,Servicios,Media,
401948,2026-04,Servicios,N/A,EQ-0201,Caldera 1,A,Correctivo,PM01,Cerrada,26.4,41.4,2253.7,2500.7,10,0,0,Eléctrico,Alta,
401949,2026-04,Servicios,N/A,EQ-0201,Caldera 1,A,Preventivo,PM02,Cerrada,19.5,20.1,678.3,669.5,1,0,0,Eléctrico,Media,
401950,2026-04,Envasado,Línea 3,EQ-0470,Paletizador,B,Predictivo,PM06,Cerrada,17.6,17.8,808.9,859.1,8,0,0,Eléctrico,Media,
401951,2026-04,Proceso,Línea 1,EQ-0310,Reactor P1,A,Preventivo,PM02,Cerrada,23.4,21.8,965.3,934.1,4,0,0,Servicios,Baja,
401952,2026-04,Envasado,Línea 2,EQ-0457,Envasadora L2,A,Preventivo,PM03,Cerrada,23.9,24.2,1256.6,1218.3,2,0,0,Mecánico,Baja,
401953,2026-04,Proceso,Línea 2,EQ-0320,Mezclador P2,B,Preventivo,PM03,Cerrada,22.5,23.8,863.6,989.5,5,11,17,Instrumentación,Media,
401954,2026-04,Envasado,Línea 1,EQ-0455,Envasadora L1,A,Mejora,PM04,Cerrada,7.0,6.9,358.2,375.3,5,0,0,Mecánico,Media,
401955,2026-04,Servicios,N/A,EQ-0210,Compresor 3,B,Correctivo,PM01,Cerrada,12.1,23.7,663.6,921.3,0,0,0,Mecánico,Alta,
401956,2026-04,Proceso,Línea 1,EQ-0310,Reactor P1,A,Correctivo,PM01,Cerrada,9.2,16.2,876.6,1028.4,7,0,0,Mecánico,Baja,
401957,2026-04,Proceso,Línea 2,EQ-0320,Mezclador P2,B,Mejora,PM04,Cerrada,18.1,17.5,673.7,642.7,10,0,0,Mecánico,Media,
401958,2026-04,Proceso,Línea 1,EQ-0311,Intercambiador P1,B,Preventivo,PM03,Cerrada,2.9,3.2,143.1,165.6,2,0,0,Eléctrico,Media,
401959,2026-04,Proceso,Línea 2,EQ-0320,Mezclador P2,B,Preventivo,PM02,Abierta,17.1,2.6,703.9,104.8,,8,16,Eléctrico,Media,
401960,2026-04,Envasado,Línea 1,EQ-0455,Envasadora L1,A,Mejora,PM04,Cerrada,21.4,21.3,894.3,863.7,7,0,1,Mecánico,Media,
401961,2026-04,Servicios,N/A,EQ-0201,Caldera 1,A,Preventivo,PM02,Cerrada,2.1,2.2,88.4,94.5,3,9,0,Mecánico,Media,
401962,2026-04,Proceso,Línea 1,EQ-0331,Bomba de proceso,C,Preventivo,PM02,Cerrada,10.2,11.1,291.6,315.8,8,0,0,Mecánico,Baja,
401963,2026-04,Proceso,Línea 2,EQ-0330,Bomba CIP,B,Preventivo,PM03,Cerrada,19.4,18.6,631.9,586.4,7,0,0,Mecánico,Media,
401964,2026-04,Proceso,Línea 1,EQ-0331,Bomba de proceso,C,Preventivo,PM02,Abierta,13.9,2.0,311.4,63.1,,14,18,Eléctrico,Media,
401965,2026-04,Envasado,Línea 1,EQ-0461,Etiquetadora L1,A,Preventivo,PM03,Cerrada,23.3,25.4,898.4,920.6,4,0,0,Mecánico,Baja,
401966,2026-04,Envasado,Línea 2,EQ-0457,Envasadora L2,A,Correctivo,PM01,Cerrada,12.7,24.6,966.8,1249.4,4,0,0,Instrumentación,Media,
401967,2026-04,Envasado,Línea 2,EQ-0462,Etiquetadora L2,B,Preventivo,PM03,Cerrada,17.5,16.8,619.8,566.0,3,0,0,Servicios,Media,
401968,2026-04,Servicios,N/A,EQ-0201,Caldera 1,A,Preventivo,PM03,Cerrada,17.6,19.1,825.3,935.9,4,0,0,Servicios,Media,
401969,2026-04,Bodega,N/A,EQ-0601,Grúa horquilla 4,C,Mejora,PM04,Cerrada,7.0,7.7,225.8,258.6,7,0,0,Eléctrico,Baja,
401970,2026-04,Proceso,Línea 1,EQ-0331,Bomba de proceso,C,Preventivo,PM02,Cerrada,11.3,12.1,297.6,305.4,10,0,0,Eléctrico,Baja,
401971,2026-04,Proceso,Línea 1,EQ-0311,Intercambiador P1,B,Preventivo,PM02,Cerrada,5.4,5.9,128.6,135.9,11,0,0,Eléctrico,Baja,
401972,2026-04,Servicios,N/A,EQ-0201,Caldera 1,A,Preventivo,PM02,Abierta,25.3,11.1,1587.0,171.2,,0,0,Eléctrico,Alta,
401973,2026-04,Proceso,Línea 2,EQ-0330,Bomba CIP,B,Emergencia,PM05,Cerrada,9.3,16.2,482.4,556.0,7,6,0,Eléctrico,Media,
401974,2026-04,Bodega,N/A,EQ-0601,Grúa horquilla 4,C,Mejora,PM04,Cerrada,24.6,25.5,431.9,453.4,7,0,0,Eléctrico,Alta,
401975,2026-04,Bodega,N/A,EQ-0601,Grúa horquilla 4,C,Preventivo,PM02,Cerrada,22.4,21.2,675.1,691.6,0,0,0,Mecánico,Media,
401976,2026-04,Envasado,Línea 1,EQ-0461,Etiquetadora L1,A,Correctivo,PM01,Abierta,18.8,2.5,1605.5,456.5,,4,0,Eléctrico,Alta,
401977,2026-04,Envasado,Línea 3,EQ-0471,Transportador L3,C,Preventivo,PM03,Cerrada,6.0,6.1,213.6,205.1,5,0,0,Mecánico,Media,
401978,2026-04,Envasado,Línea 2,EQ-0457,Envasadora L2,A,Preventivo,PM02,Cerrada,5.4,5.6,167.2,178.4,1,0,0,Eléctrico,Alta,
401979,2026-04,Envasado,Línea 1,EQ-0455,Envasadora L1,A,Preventivo,PM02,Cerrada,25.2,26.7,1033.1,1017.7,11,0,4,Servicios,Media,
401980,2026-04,Envasado,Línea 3,EQ-0471,Transportador L3,C,Preventivo,PM03,Abierta,11.1,2.4,368.3,41.8,,5,16,Servicios,Media,
401981,2026-04,Bodega,N/A,EQ-0601,Grúa horquilla 4,C,Preventivo,PM02,Cerrada,26.0,28.4,772.8,895.5,9,0,0,Instrumentación,Baja,
401982,2026-04,Proceso,Línea 2,EQ-0330,Bomba CIP,B,Preventivo,PM02,Cerrada,11.7,12.0,520.8,502.8,3,0,4,Instrumentación,Alta,
401983,2026-04,Proceso,Línea 1,EQ-0310,Reactor P1,A,Preventivo,PM02,Cerrada,12.3,13.2,473.9,499.0,6,0,0,Eléctrico,Media,
401984,2026-04,Servicios,N/A,EQ-0201,Caldera 1,A,Preventivo,PM02,Cerrada,17.8,17.2,573.4,534.9,9,0,1,Eléctrico,Media,
401985,2026-04,Envasado,Línea 3,EQ-0470,Paletizador,B,Preventivo,PM02,Cerrada,17.9,16.7,782.3,756.5,9,2,16,Mecánico,Media,
401986,2026-04,Proceso,Línea 2,EQ-0320,Mezclador P2,B,Preventivo,PM02,Cerrada,7.6,7.2,302.6,266.2,5,0,0,Mecánico,Alta,
401987,2026-04,Envasado,Línea 3,EQ-0470,Paletizador,B,Preventivo,PM03,Cerrada,20.2,22.3,659.1,781.6,11,0,0,Eléctrico,Baja,
401988,2026-04,Envasado,Línea 2,EQ-0462,Etiquetadora L2,B,Preventivo,PM02,Cerrada,3.3,3.4,133.4,134.5,8,0,0,Eléctrico,Media,
401989,2026-04,Envasado,Línea 3,EQ-0471,Transportador L3,C,Correctivo,PM01,Cerrada,12.1,25.2,501.2,740.3,3,0,0,Mecánico,Alta,
401990,2026-04,Envasado,Línea 1,EQ-0455,Envasadora L1,A,Predictivo,PM06,Cerrada,10.5,11.5,541.3,555.4,10,0,0,Mecánico,Media,
401991,2026-04,Envasado,Línea 1,EQ-0455,Envasadora L1,A,Correctivo,PM01,Cerrada,21.0,39.4,949.6,1275.3,6,0,0,Mecánico,Media,
401992,2026-04,Servicios,N/A,EQ-0211,Chiller 1,A,Preventivo,PM02,Cerrada,8.8,9.5,421.1,475.0,9,0,0,Instrumentación,Media,
401993,2026-04,Servicios,N/A,EQ-0211,Chiller 1,A,Mejora,PM04,Abierta,11.0,2.5,441.6,181.0,,0,0,Mecánico,Baja,
401994,2026-04,Envasado,Línea 3,EQ-0470,Paletizador,B,Preventivo,PM02,Cerrada,2.6,2.6,101.2,103.3,11,0,0,Mecánico,Media,
401995,2026-04,Servicios,N/A,EQ-0211,Chiller 1,A,Correctivo,PM01,Cerrada,31.4,58.5,2561.1,2928.1,1,0,0,Eléctrico,Baja,
401996,2026-04,Proceso,Línea 1,EQ-0331,Bomba de proceso,C,Emergencia,PM05,Cerrada,23.2,50.4,1115.8,1725.9,7,0,0,Instrumentación,Baja,
401997,2026-04,Proceso,Línea 1,EQ-0331,Bomba de proceso,C,Correctivo,PM01,Cerrada,4.1,8.8,189.4,265.1,11,0,0,Mecánico,Media,
401998,2026-04,Envasado,Línea 1,EQ-0455,Envasadora L1,A,Predictivo,PM06,Cerrada,6.4,7.1,357.0,432.2,3,0,0,Eléctrico,Alta,
401999,2026-04,Proceso,Línea 1,EQ-0331,Bomba de proceso,C,Preventivo,PM03,Cerrada,18.4,18.6,507.3,547.4,7,0,0,Mecánico,Media,
402000,2026-04,Proceso,Línea 2,EQ-0330,Bomba CIP,B,Preventivo,PM02,Abierta,13.4,1.4,383.6,164.3,,0,8,Eléctrico,Media,
402001,2026-04,Proceso,Línea 1,EQ-0311,Intercambiador P1,B,Preventivo,PM02,Cerrada,16.2,16.2,717.1,708.0,12,0,0,Eléctrico,Alta,
402002,2026-04,Envasado,Línea 2,EQ-0462,Etiquetadora L2,B,Predictivo,PM06,Cerrada,3.4,3.2,115.7,106.5,3,6,0,Mecánico,Media,
402003,2026-04,Envasado,Línea 2,EQ-0457,Envasadora L2,A,Emergencia,PM05,Cerrada,21.7,33.6,1735.9,1719.7,3,0,0,Instrumentación,Baja,
402004,2026-04,Envasado,Línea 3,EQ-0471,Transportador L3,C,Preventivo,PM02,Cerrada,3.6,3.4,77.2,77.6,9,0,0,Mecánico,Media,
402005,2026-04,Envasado,Línea 3,EQ-0470,Paletizador,B,Preventivo,PM02,Abierta,5.1,1.2,204.6,70.6,,0,0,Mecánico,Baja,
402006,2026-04,Proceso,Línea 1,EQ-0331,Bomba de proceso,C,Preventivo,PM02,Cerrada,14.6,13.8,279.1,262.2,5,0,0,Mecánico,Media,
402007,2026-04,Bodega,N/A,EQ-0601,Grúa horquilla 4,C,Preventivo,PM02,Cerrada,21.3,23.7,539.4,594.9,12,0,0,Eléctrico,Alta,
402008,2026-04,Envasado,Línea 2,EQ-0457,Envasadora L2,A,Predictivo,PM06,Cerrada,23.4,26.2,1081.2,1228.6,1,0,2,Mecánico,Media,
402009,2026-04,Envasado,Línea 3,EQ-0470,Paletizador,B,Preventivo,PM02,Cerrada,12.7,12.5,464.9,422.3,10,0,2,Servicios,Alta,
402010,2026-04,Servicios,N/A,EQ-0201,Caldera 1,A,Correctivo,PM01,Abierta,31.2,10.0,2611.9,566.0,,12,0,Instrumentación,Media,
402011,2026-04,Proceso,Línea 2,EQ-0330,Bomba CIP,B,Preventivo,PM02,Cerrada,18.5,18.3,530.3,506.8,11,0,4,Mecánico,Baja,
402012,2026-04,Proceso,Línea 2,EQ-0330,Bomba CIP,B,Correctivo,PM01,Cerrada,19.7,39.9,1180.0,1627.1,2,0,4,Eléctrico,Alta,
402013,2026-04,Servicios,N/A,EQ-0201,Caldera 1,A,Correctivo,PM01,Cerrada,17.8,33.0,1687.3,2219.2,7,0,0,Eléctrico,Alta,
402014,2026-04,Proceso,Línea 2,EQ-0330,Bomba CIP,B,Preventivo,PM03,Cerrada,24.8,26.9,765.3,838.5,2,0,0,Instrumentación,Media,
402015,2026-04,Proceso,Línea 1,EQ-0311,Intercambiador P1,B,Correctivo,PM01,Cerrada,11.7,16.4,592.2,564.5,1,0,0,Mecánico,Baja,
402016,2026-04,Envasado,Línea 2,EQ-0462,Etiquetadora L2,B,Preventivo,PM03,Cerrada,19.5,18.2,879.9,821.1,6,0,0,Mecánico,Alta,
402017,2026-04,Servicios,N/A,EQ-0202,Caldera 2,B,Preventivo,PM02,Cerrada,17.0,16.4,530.1,517.4,4,0,0,Instrumentación,Baja,
402018,2026-04,Servicios,N/A,EQ-0202,Caldera 2,B,Emergencia,PM05,Cerrada,15.3,20.4,715.8,672.7,2,8,1,Instrumentación,Media,
402019,2026-04,Envasado,Línea 3,EQ-0471,Transportador L3,C,Emergencia,PM05,Cerrada,30.1,62.5,1518.0,2074.3,7,0,0,Mecánico,Media,
402020,2026-04,Servicios,N/A,EQ-0210,Compresor 3,B,Preventivo,PM02,Cerrada,10.8,10.2,347.0,314.3,9,0,2,Eléctrico,Baja,
402021,2026-04,Proceso,Línea 2,EQ-0330,Bomba CIP,B,Correctivo,PM01,Cerrada,23.1,43.6,1701.8,2061.3,4,0,0,Mecánico,Media,
402022,2026-04,Servicios,N/A,EQ-0211,Chiller 1,A,Emergencia,PM05,Cerrada,10.9,18.6,734.8,823.9,10,0,0,Mecánico,Media,
402023,2026-04,Proceso,Línea 2,EQ-0320,Mezclador P2,B,Preventivo,PM02,Cerrada,2.4,2.3,113.0,107.4,2,0,0,Mecánico,Alta,
402024,2026-04,Envasado,Línea 1,EQ-0455,Envasadora L1,A,Preventivo,PM02,Cerrada,13.9,15.2,439.4,461.0,8,0,0,Eléctrico,Media,
402025,2026-04,Envasado,Línea 1,EQ-0455,Envasadora L1,A,Preventivo,PM03,Cerrada,4.2,4.3,230.6,244.2,7,0,0,Servicios,Alta,
402026,2026-05,Envasado,Línea 1,EQ-0461,Etiquetadora L1,A,Preventivo,PM02,Cerrada,23.4,21.6,1138.7,1070.8,3,0,0,Mecánico,Media,
402027,2026-05,Envasado,Línea 1,EQ-0455,Envasadora L1,A,Preventivo,PM02,Cerrada,24.0,26.7,1087.7,1221.4,10,0,0,Eléctrico,Baja,
402028,2026-05,Envasado,Línea 3,EQ-0471,Transportador L3,C,Correctivo,PM01,Cerrada,27.9,36.3,1157.0,1036.4,12,0,0,Instrumentación,Baja,
402029,2026-05,Envasado,Línea 3,EQ-0471,Transportador L3,C,Preventivo,PM02,Abierta,24.9,10.8,424.1,149.3,,10,16,Mecánico,Baja,
402030,2026-05,Servicios,N/A,EQ-0201,Caldera 1,A,Correctivo,PM01,Cerrada,18.8,38.4,1431.9,1986.1,5,0,0,Eléctrico,Baja,
402031,2026-05,Proceso,Línea 2,EQ-0320,Mezclador P2,B,Preventivo,PM02,Cerrada,3.4,3.7,116.4,134.2,7,0,4,Mecánico,Media,
402032,2026-05,Envasado,Línea 3,EQ-0471,Transportador L3,C,Correctivo,PM01,Cerrada,6.4,10.0,231.1,227.1,8,0,0,Eléctrico,Alta,
402033,2026-05,Proceso,Línea 2,EQ-0320,Mezclador P2,B,Preventivo,PM02,Cerrada,5.2,5.3,130.2,131.9,1,0,0,Servicios,Media,
402034,2026-05,Servicios,N/A,EQ-0211,Chiller 1,A,Preventivo,PM02,Cerrada,16.3,16.1,579.5,596.7,10,0,0,Servicios,Baja,
402035,2026-05,Envasado,Línea 2,EQ-0457,Envasadora L2,A,Correctivo,PM01,Cerrada,13.3,28.2,1156.1,1576.2,4,0,4,Mecánico,Alta,
402036,2026-05,Envasado,Línea 2,EQ-0457,Envasadora L2,A,Preventivo,PM02,Cerrada,21.9,20.9,1407.4,1347.8,7,0,4,Eléctrico,Media,
402037,2026-05,Servicios,N/A,EQ-0201,Caldera 1,A,Preventivo,PM02,Cerrada,6.3,7.0,236.5,246.1,2,0,0,Eléctrico,Baja,
402038,2026-05,Envasado,Línea 3,EQ-0471,Transportador L3,C,Preventivo,PM03,Cerrada,4.4,4.2,137.5,123.9,7,0,2,Mecánico,Baja,
402039,2026-05,Envasado,Línea 3,EQ-0470,Paletizador,B,Preventivo,PM02,Cerrada,25.0,23.9,1197.6,1143.6,12,0,0,Mecánico,Alta,
402040,2026-05,Bodega,N/A,EQ-0601,Grúa horquilla 4,C,Preventivo,PM03,Cerrada,14.9,16.0,325.7,377.5,7,0,0,Instrumentación,Media,
402041,2026-05,Bodega,N/A,EQ-0601,Grúa horquilla 4,C,Correctivo,PM01,Abierta,29.5,6.6,1474.3,525.3,,25,0,Mecánico,Baja,
402042,2026-05,Envasado,Línea 3,EQ-0471,Transportador L3,C,Preventivo,PM02,Cerrada,18.4,17.9,347.5,348.3,4,0,0,Instrumentación,Media,
402043,2026-05,Proceso,Línea 1,EQ-0311,Intercambiador P1,B,Preventivo,PM02,Cerrada,18.2,17.8,731.0,756.4,9,0,3,Eléctrico,Baja,
402044,2026-05,Envasado,Línea 2,EQ-0457,Envasadora L2,A,Preventivo,PM03,Cerrada,15.7,16.3,718.6,722.5,10,0,0,Servicios,Media,
402045,2026-05,Proceso,Línea 2,EQ-0320,Mezclador P2,B,Preventivo,PM03,Cerrada,15.0,16.3,719.6,833.1,1,0,0,Mecánico,Alta,
402046,2026-05,Proceso,Línea 2,EQ-0320,Mezclador P2,B,Preventivo,PM03,Cerrada,12.3,11.5,587.0,571.7,12,0,0,Mecánico,Media,
402047,2026-05,Proceso,Línea 2,EQ-0320,Mezclador P2,B,Preventivo,PM03,Cerrada,13.1,14.3,499.0,531.4,4,0,0,Mecánico,Media,
402048,2026-05,Envasado,Línea 3,EQ-0471,Transportador L3,C,Preventivo,PM02,Cerrada,22.7,23.8,521.3,516.2,11,0,0,Eléctrico,Alta,
402049,2026-05,Envasado,Línea 1,EQ-0455,Envasadora L1,A,Preventivo,PM03,Cerrada,7.7,7.6,316.1,340.2,5,0,1,Mecánico,Media,
402050,2026-05,Envasado,Línea 1,EQ-0455,Envasadora L1,A,Preventivo,PM02,Cerrada,6.9,6.4,329.1,314.7,4,0,0,Instrumentación,Media,
402051,2026-05,Proceso,Línea 1,EQ-0310,Reactor P1,A,Correctivo,PM01,Cerrada,4.4,9.6,271.3,401.2,8,9,0,Eléctrico,Baja,
402052,2026-05,Envasado,Línea 1,EQ-0461,Etiquetadora L1,A,Preventivo,PM02,Cerrada,2.7,2.6,134.8,122.2,6,0,0,Instrumentación,Media,
402053,2026-05,Envasado,Línea 1,EQ-0461,Etiquetadora L1,A,Preventivo,PM03,Cerrada,19.2,18.9,834.3,770.3,2,0,0,Servicios,Media,
402054,2026-05,Servicios,N/A,EQ-0201,Caldera 1,A,Preventivo,PM02,Cerrada,16.4,18.0,688.3,722.9,8,8,0,Mecánico,Alta,
402055,2026-05,Proceso,Línea 1,EQ-0331,Bomba de proceso,C,Correctivo,PM01,Cerrada,32.3,49.7,1608.9,1689.1,4,0,0,Eléctrico,Alta,
402056,2026-05,Servicios,N/A,EQ-0211,Chiller 1,A,Preventivo,PM02,Cerrada,19.9,21.8,853.9,1014.5,7,0,0,Mecánico,Baja,
402057,2026-05,Servicios,N/A,EQ-0210,Compresor 3,B,Preventivo,PM02,Cerrada,12.6,12.1,566.8,590.5,10,0,0,Instrumentación,Media,
402058,2026-05,Proceso,Línea 2,EQ-0320,Mezclador P2,B,Correctivo,PM01,Cerrada,17.5,38.1,785.4,1084.1,2,0,0,Instrumentación,Media,
402059,2026-05,Envasado,Línea 1,EQ-0461,Etiquetadora L1,A,Correctivo,PM01,Cerrada,6.6,8.9,413.5,380.3,6,0,0,Eléctrico,Media,
402060,2026-05,Envasado,Línea 2,EQ-0462,Etiquetadora L2,B,Preventivo,PM02,Cerrada,24.3,25.7,800.6,853.2,4,0,0,Instrumentación,Alta,
402061,2026-05,Envasado,Línea 3,EQ-0470,Paletizador,B,Preventivo,PM03,Cerrada,16.8,16.6,624.4,628.7,8,0,0,Mecánico,Alta,
402062,2026-05,Servicios,N/A,EQ-0202,Caldera 2,B,Predictivo,PM06,Cerrada,13.5,12.6,618.8,596.8,9,0,0,Mecánico,Baja,
402063,2026-05,Servicios,N/A,EQ-0202,Caldera 2,B,Preventivo,PM02,Cerrada,8.4,8.3,344.8,342.6,7,0,0,Servicios,Baja,
402064,2026-05,Servicios,N/A,EQ-0211,Chiller 1,A,Correctivo,PM01,Cerrada,13.5,24.5,1136.3,1421.4,12,11,0,Mecánico,Media,
402065,2026-05,Servicios,N/A,EQ-0202,Caldera 2,B,Mejora,PM04,Cerrada,16.5,18.3,749.1,839.9,5,0,0,Mecánico,Alta,
402066,2026-05,Bodega,N/A,EQ-0601,Grúa horquilla 4,C,Preventivo,PM03,Cerrada,15.5,14.5,430.3,411.0,7,0,2,Servicios,Media,
402067,2026-05,Envasado,Línea 2,EQ-0462,Etiquetadora L2,B,Preventivo,PM03,Cerrada,12.7,12.3,338.0,334.2,7,1,16,Servicios,Baja,
402068,2026-05,Envasado,Línea 3,EQ-0471,Transportador L3,C,Predictivo,PM06,Cerrada,13.9,13.1,268.5,251.6,4,0,0,Eléctrico,Baja,
402069,2026-05,Envasado,Línea 2,EQ-0457,Envasadora L2,A,Preventivo,PM02,Cerrada,4.6,4.8,251.4,272.6,9,0,0,Eléctrico,Media,
402070,2026-05,Servicios,N/A,EQ-0210,Compresor 3,B,Preventivo,PM02,Cerrada,11.7,11.8,265.9,260.2,11,0,0,Mecánico,Baja,
402071,2026-05,Envasado,Línea 3,EQ-0471,Transportador L3,C,Preventivo,PM02,Cerrada,3.5,3.9,85.5,88.8,11,0,0,Mecánico,Baja,
402072,2026-05,Envasado,Línea 1,EQ-0455,Envasadora L1,A,Preventivo,PM02,Cerrada,9.1,8.5,280.4,247.3,11,0,2,Mecánico,Media,
402073,2026-05,Proceso,Línea 1,EQ-0331,Bomba de proceso,C,Mejora,PM04,Cerrada,21.4,23.1,678.6,679.0,8,0,0,Mecánico,Media,
402074,2026-05,Envasado,Línea 2,EQ-0462,Etiquetadora L2,B,Correctivo,PM01,Cerrada,6.9,11.0,373.5,418.3,11,0,6,Mecánico,Media,
402075,2026-05,Proceso,Línea 2,EQ-0330,Bomba CIP,B,Correctivo,PM01,Cerrada,14.2,19.2,782.5,680.3,10,0,0,Eléctrico,Media,
402076,2026-05,Servicios,N/A,EQ-0210,Compresor 3,B,Preventivo,PM02,Cerrada,23.0,21.2,671.2,588.0,5,0,0,Mecánico,Media,
402077,2026-05,Envasado,Línea 3,EQ-0470,Paletizador,B,Preventivo,PM02,Cerrada,20.5,19.9,886.4,926.5,6,0,0,Mecánico,Alta,
402078,2026-05,Bodega,N/A,EQ-0601,Grúa horquilla 4,C,Preventivo,PM02,Cerrada,6.6,6.6,142.9,139.0,7,0,0,Mecánico,Alta,
402079,2026-05,Bodega,N/A,EQ-0601,Grúa horquilla 4,C,Correctivo,PM01,Cerrada,32.3,50.4,1221.0,1170.2,9,0,0,Eléctrico,Media,
402080,2026-05,Proceso,Línea 1,EQ-0311,Intercambiador P1,B,Preventivo,PM03,Cerrada,18.6,18.6,807.8,771.9,10,0,0,Mecánico,Baja,
402081,2026-05,Envasado,Línea 1,EQ-0455,Envasadora L1,A,Preventivo,PM02,Cerrada,9.3,9.8,290.5,299.6,11,0,0,Eléctrico,Baja,
402082,2026-05,Servicios,N/A,EQ-0201,Caldera 1,A,Preventivo,PM02,Cerrada,18.4,19.0,645.8,656.9,1,0,0,Instrumentación,Baja,
402083,2026-05,Envasado,Línea 1,EQ-0455,Envasadora L1,A,Correctivo,PM01,Cerrada,29.2,48.8,2006.9,2068.0,8,0,0,Eléctrico,Alta,
402084,2026-05,Envasado,Línea 2,EQ-0457,Envasadora L2,A,Preventivo,PM03,Cerrada,20.2,21.2,659.3,743.6,4,0,0,Mecánico,Alta,
402085,2026-05,Servicios,N/A,EQ-0210,Compresor 3,B,Preventivo,PM03,Cerrada,4.8,4.4,170.7,146.2,3,1,0,Mecánico,Media,
402086,2026-05,Servicios,N/A,EQ-0202,Caldera 2,B,Preventivo,PM02,Cerrada,7.7,8.0,239.8,232.0,8,0,0,Instrumentación,Baja,
402087,2026-05,Servicios,N/A,EQ-0202,Caldera 2,B,Preventivo,PM02,Cerrada,9.1,8.8,209.4,219.9,5,0,0,Eléctrico,Media,
402088,2026-05,Envasado,Línea 1,EQ-0455,Envasadora L1,A,Preventivo,PM03,Cerrada,5.1,5.1,219.3,207.2,11,0,0,Eléctrico,Media,
402089,2026-05,Envasado,Línea 3,EQ-0470,Paletizador,B,Correctivo,PM01,Cerrada,22.8,34.3,951.8,960.7,1,0,0,Mecánico,Alta,
402090,2026-05,Envasado,Línea 3,EQ-0470,Paletizador,B,Preventivo,PM03,Abierta,11.5,2.9,429.5,10.9,,21,0,Mecánico,Baja,
402091,2026-05,Servicios,N/A,EQ-0211,Chiller 1,A,Preventivo,PM02,Cerrada,16.7,16.1,828.7,772.6,12,0,0,Servicios,Media,
402092,2026-05,Servicios,N/A,EQ-0201,Caldera 1,A,Preventivo,PM02,Cerrada,4.0,3.7,219.3,212.9,2,0,0,Eléctrico,Alta,
402093,2026-05,Envasado,Línea 1,EQ-0461,Etiquetadora L1,A,Preventivo,PM02,Cerrada,13.7,13.4,862.2,817.4,9,0,0,Eléctrico,Media,
402094,2026-05,Envasado,Línea 1,EQ-0461,Etiquetadora L1,A,Preventivo,PM03,Cerrada,19.3,19.5,656.7,711.9,6,0,0,Eléctrico,Media,
402095,2026-05,Envasado,Línea 2,EQ-0457,Envasadora L2,A,Preventivo,PM02,Cerrada,3.6,3.5,214.5,194.8,10,0,0,Mecánico,Baja,
402096,2026-05,Envasado,Línea 3,EQ-0470,Paletizador,B,Preventivo,PM02,Cerrada,5.9,6.6,254.0,295.7,6,0,0,Mecánico,Alta,
402097,2026-05,Bodega,N/A,EQ-0601,Grúa horquilla 4,C,Preventivo,PM03,Cerrada,24.1,23.8,422.1,405.0,9,0,0,Eléctrico,Baja,
402098,2026-05,Proceso,Línea 2,EQ-0330,Bomba CIP,B,Preventivo,PM03,Cerrada,22.9,22.1,848.8,778.1,2,0,0,Instrumentación,Media,
402099,2026-05,Envasado,Línea 1,EQ-0461,Etiquetadora L1,A,Preventivo,PM03,Abierta,23.1,4.8,1395.8,510.3,,0,0,Mecánico,Media,
402100,2026-05,Envasado,Línea 1,EQ-0461,Etiquetadora L1,A,Preventivo,PM02,Cerrada,17.6,19.3,1038.8,1139.7,8,0,0,Servicios,Alta,
402101,2026-05,Servicios,N/A,EQ-0211,Chiller 1,A,Preventivo,PM02,Cerrada,12.1,12.2,515.3,515.6,8,0,0,Instrumentación,Alta,
402102,2026-05,Proceso,Línea 1,EQ-0310,Reactor P1,A,Preventivo,PM03,Cerrada,20.1,22.1,744.0,870.9,7,0,0,Servicios,Alta,
402103,2026-05,Bodega,N/A,EQ-0601,Grúa horquilla 4,C,Preventivo,PM02,Abierta,6.3,1.0,136.4,5.6,,0,0,Instrumentación,Media,
402104,2026-05,Servicios,N/A,EQ-0211,Chiller 1,A,Preventivo,PM02,Cerrada,7.0,7.0,254.0,272.5,6,0,0,Mecánico,Baja,
402105,2026-05,Envasado,Línea 2,EQ-0457,Envasadora L2,A,Preventivo,PM02,Cerrada,6.8,6.3,239.5,222.0,9,0,0,Mecánico,Baja,
402106,2026-05,Proceso,Línea 2,EQ-0320,Mezclador P2,B,Preventivo,PM02,Cerrada,23.5,21.8,726.6,680.0,9,1,16,Instrumentación,Media,
402107,2026-05,Envasado,Línea 1,EQ-0461,Etiquetadora L1,A,Preventivo,PM02,Cerrada,7.0,7.2,211.3,215.2,10,0,0,Eléctrico,Alta,
402108,2026-05,Servicios,N/A,EQ-0210,Compresor 3,B,Preventivo,PM03,Cerrada,11.9,12.3,401.5,389.0,2,0,0,Eléctrico,Baja,
402109,2026-05,Envasado,Línea 3,EQ-0471,Transportador L3,C,Correctivo,PM01,Cerrada,5.4,9.4,144.8,167.0,7,0,0,Mecánico,Media,
402110,2026-05,Servicios,N/A,EQ-0211,Chiller 1,A,Preventivo,PM03,Cerrada,13.3,12.9,451.9,416.4,11,0,0,Mecánico,Media,
402111,2026-05,Envasado,Línea 3,EQ-0470,Paletizador,B,Preventivo,PM02,Cerrada,25.6,24.5,626.5,554.1,1,2,16,Eléctrico,Media,
402112,2026-05,Proceso,Línea 1,EQ-0311,Intercambiador P1,B,Preventivo,PM02,Cerrada,13.0,14.1,473.4,487.1,6,8,16,Mecánico,Media,
402113,2026-05,Servicios,N/A,EQ-0201,Caldera 1,A,Correctivo,PM01,Cerrada,7.6,14.2,542.2,703.4,4,0,0,Instrumentación,Alta,
402114,2026-05,Proceso,Línea 2,EQ-0330,Bomba CIP,B,Correctivo,PM01,Abierta,3.5,0.3,164.6,102.9,,11,0,Mecánico,Alta,
402115,2026-05,Servicios,N/A,EQ-0202,Caldera 2,B,Preventivo,PM02,Cerrada,20.9,19.5,646.8,644.0,8,0,0,Eléctrico,Media,
402116,2026-05,Envasado,Línea 2,EQ-0457,Envasadora L2,A,Preventivo,PM02,Cerrada,4.9,4.8,295.8,289.6,8,0,0,Mecánico,Alta,
402117,2026-05,Envasado,Línea 1,EQ-0461,Etiquetadora L1,A,Preventivo,PM02,Cerrada,4.3,4.5,169.2,182.8,7,4,16,Mecánico,Media,
402118,2026-05,Servicios,N/A,EQ-0211,Chiller 1,A,Preventivo,PM02,Cerrada,8.6,8.2,424.8,398.2,11,0,4,Mecánico,Baja,
402119,2026-05,Envasado,Línea 2,EQ-0462,Etiquetadora L2,B,Predictivo,PM06,Cerrada,23.9,22.7,987.3,943.4,3,0,0,Mecánico,Media,
402120,2026-05,Proceso,Línea 2,EQ-0330,Bomba CIP,B,Emergencia,PM05,Cerrada,29.8,37.2,1663.3,1407.5,1,0,0,Instrumentación,Media,
402121,2026-05,Envasado,Línea 1,EQ-0455,Envasadora L1,A,Preventivo,PM03,Cerrada,11.2,10.9,333.1,324.2,1,0,0,Mecánico,Media,
402122,2026-05,Proceso,Línea 1,EQ-0311,Intercambiador P1,B,Preventivo,PM02,Cerrada,11.4,12.4,510.3,533.0,8,0,1,Instrumentación,Media,
402123,2026-05,Proceso,Línea 2,EQ-0320,Mezclador P2,B,Preventivo,PM02,Cerrada,22.7,24.8,1109.7,1126.2,3,0,0,Instrumentación,Alta,
402124,2026-05,Servicios,N/A,EQ-0201,Caldera 1,A,Preventivo,PM02,Cerrada,5.3,5.3,216.3,204.1,7,0,4,Eléctrico,Media,
402125,2026-05,Servicios,N/A,EQ-0211,Chiller 1,A,Correctivo,PM01,Cerrada,23.8,44.7,1832.6,2441.0,10,8,0,Mecánico,Alta,
402126,2026-05,Proceso,Línea 1,EQ-0311,Intercambiador P1,B,Preventivo,PM02,Cerrada,16.7,16.2,562.0,587.3,5,0,0,Servicios,Alta,
402127,2026-05,Proceso,Línea 1,EQ-0331,Bomba de proceso,C,Preventivo,PM03,Cerrada,23.0,23.8,671.4,754.2,5,0,0,Mecánico,Alta,
402128,2026-05,Servicios,N/A,EQ-0210,Compresor 3,B,Correctivo,PM01,Abierta,25.4,11.4,1663.5,551.2,,12,0,Mecánico,Alta,
402129,2026-05,Proceso,Línea 1,EQ-0310,Reactor P1,A,Predictivo,PM06,Cerrada,20.9,21.4,757.2,831.6,8,0,0,Eléctrico,Media,
402130,2026-05,Envasado,Línea 1,EQ-0455,Envasadora L1,A,Preventivo,PM03,Cerrada,16.4,15.4,914.6,924.5,4,0,0,Eléctrico,Baja,
402131,2026-05,Proceso,Línea 1,EQ-0331,Bomba de proceso,C,Preventivo,PM02,Cerrada,25.4,25.7,586.8,639.2,11,0,0,Eléctrico,Media,
402132,2026-05,Proceso,Línea 1,EQ-0311,Intercambiador P1,B,Preventivo,PM02,Cerrada,8.7,8.9,399.0,418.3,10,0,0,Instrumentación,Baja,
402133,2026-05,Envasado,Línea 3,EQ-0470,Paletizador,B,Preventivo,PM02,Abierta,3.4,1.1,116.6,24.4,,15,0,Mecánico,Alta,
402134,2026-05,Servicios,N/A,EQ-0202,Caldera 2,B,Preventivo,PM02,Cerrada,11.9,11.4,307.6,292.0,4,0,4,Mecánico,Media,
402135,2026-05,Envasado,Línea 3,EQ-0471,Transportador L3,C,Preventivo,PM03,Cerrada,23.7,25.7,861.4,898.0,4,0,0,Mecánico,Media,
402136,2026-05,Proceso,Línea 2,EQ-0320,Mezclador P2,B,Preventivo,PM02,Abierta,8.8,3.0,348.1,128.2,,0,2,Mecánico,Media,
402137,2026-05,Proceso,Línea 1,EQ-0311,Intercambiador P1,B,Correctivo,PM01,Cerrada,14.5,19.3,893.8,844.4,6,0,0,Eléctrico,Alta,
402138,2026-05,Proceso,Línea 2,EQ-0320,Mezclador P2,B,Correctivo,PM01,Cerrada,29.1,33.8,2064.8,1525.5,7,0,0,Eléctrico,Baja,
402139,2026-05,Bodega,N/A,EQ-0601,Grúa horquilla 4,C,Preventivo,PM02,Cerrada,10.6,10.5,238.6,220.7,6,0,0,Instrumentación,Alta,
402140,2026-05,Envasado,Línea 3,EQ-0470,Paletizador,B,Preventivo,PM03,Cerrada,19.5,21.0,848.7,891.2,6,0,0,Instrumentación,Media,
402141,2026-05,Envasado,Línea 3,EQ-0471,Transportador L3,C,Emergencia,PM05,Cerrada,3.7,5.9,169.0,168.2,1,0,0,Mecánico,Baja,
402142,2026-05,Envasado,Línea 1,EQ-0461,Etiquetadora L1,A,Preventivo,PM02,Cerrada,13.1,12.1,715.1,612.8,1,0,4,Servicios,Media,
402143,2026-05,Servicios,N/A,EQ-0211,Chiller 1,A,Preventivo,PM02,Cerrada,20.1,21.6,1118.5,1240.3,2,0,0,Mecánico,Alta,
402144,2026-06,Bodega,N/A,EQ-0601,Grúa horquilla 4,C,Preventivo,PM02,Cerrada,4.8,5.2,112.5,126.8,6,0,0,Mecánico,Media,
402145,2026-06,Proceso,Línea 2,EQ-0320,Mezclador P2,B,Preventivo,PM02,Cerrada,25.6,27.4,857.6,847.0,9,4,16,Mecánico,Media,
402146,2026-06,Envasado,Línea 3,EQ-0471,Transportador L3,C,Preventivo,PM02,Cerrada,23.2,21.7,719.7,727.7,2,2,1,Mecánico,Baja,
402147,2026-06,Envasado,Línea 1,EQ-0461,Etiquetadora L1,A,Correctivo,PM01,Cerrada,17.2,23.0,1369.3,1292.5,7,0,0,Eléctrico,Media,
402148,2026-06,Servicios,N/A,EQ-0211,Chiller 1,A,Preventivo,PM03,Abierta,17.0,0.3,1088.8,8.5,,10,0,Eléctrico,Media,
402149,2026-06,Bodega,N/A,EQ-0601,Grúa horquilla 4,C,Preventivo,PM02,Cerrada,6.8,6.8,179.8,180.6,5,6,20,Instrumentación,Media,
402150,2026-06,Envasado,Línea 2,EQ-0457,Envasadora L2,A,Mejora,PM04,Cerrada,3.5,3.4,171.0,166.6,1,0,0,Eléctrico,Media,
402151,2026-06,Envasado,Línea 3,EQ-0471,Transportador L3,C,Preventivo,PM02,Cerrada,22.9,23.3,471.3,520.2,1,0,0,Instrumentación,Alta,
402152,2026-06,Envasado,Línea 1,EQ-0461,Etiquetadora L1,A,Correctivo,PM01,Cerrada,25.9,44.0,1751.1,1954.1,1,0,0,Instrumentación,Baja,
402153,2026-06,Servicios,N/A,EQ-0211,Chiller 1,A,Preventivo,PM02,Cerrada,24.6,25.8,1033.4,1095.1,2,0,0,Instrumentación,Alta,
402154,2026-06,Envasado,Línea 1,EQ-0455,Envasadora L1,A,Correctivo,PM01,Cerrada,27.6,45.3,1884.0,1899.5,9,0,0,Mecánico,Alta,
402155,2026-06,Bodega,N/A,EQ-0601,Grúa horquilla 4,C,Predictivo,PM06,Cerrada,6.3,6.7,204.8,203.7,7,0,0,Eléctrico,Baja,
402156,2026-06,Proceso,Línea 2,EQ-0320,Mezclador P2,B,Preventivo,PM02,Cerrada,16.2,15.2,500.1,448.0,6,0,0,Mecánico,Media,
402157,2026-06,Proceso,Línea 1,EQ-0331,Bomba de proceso,C,Mejora,PM04,Cerrada,9.7,9.4,166.1,160.8,5,0,0,Eléctrico,Alta,
402158,2026-06,Proceso,Línea 2,EQ-0320,Mezclador P2,B,Correctivo,PM01,Cerrada,22.9,28.5,1611.4,1443.3,4,0,0,Mecánico,Alta,
402159,2026-06,Proceso,Línea 1,EQ-0331,Bomba de proceso,C,Preventivo,PM03,Cerrada,13.8,12.8,349.3,322.6,12,0,0,Mecánico,Media,
402160,2026-06,Servicios,N/A,EQ-0201,Caldera 1,A,Correctivo,PM01,Cerrada,22.9,45.0,1795.2,2376.3,3,0,0,Instrumentación,Media,
402161,2026-06,Envasado,Línea 1,EQ-0461,Etiquetadora L1,A,Correctivo,PM01,Cerrada,26.3,39.6,1330.6,1366.1,8,0,0,Mecánico,Media,
402162,2026-06,Envasado,Línea 2,EQ-0457,Envasadora L2,A,Preventivo,PM02,Cerrada,22.1,23.6,913.8,995.0,8,0,0,Mecánico,Alta,
402163,2026-06,Proceso,Línea 2,EQ-0320,Mezclador P2,B,Correctivo,PM01,Abierta,13.5,4.4,472.3,249.3,,13,0,Mecánico,Media,
402164,2026-06,Proceso,Línea 1,EQ-0331,Bomba de proceso,C,Correctivo,PM01,Cerrada,32.3,60.5,892.0,1152.0,6,0,0,Mecánico,Media,
402165,2026-06,Servicios,N/A,EQ-0202,Caldera 2,B,Preventivo,PM02,Cerrada,11.9,11.1,554.1,498.4,3,0,2,Servicios,Alta,
402166,2026-06,Envasado,Línea 2,EQ-0457,Envasadora L2,A,Correctivo,PM01,Cerrada,11.8,17.5,630.2,662.7,3,0,0,Servicios,Media,
402167,2026-06,Envasado,Línea 2,EQ-0462,Etiquetadora L2,B,Preventivo,PM02,Cerrada,10.4,10.7,513.2,503.8,10,0,0,Mecánico,Baja,
402168,2026-06,Envasado,Línea 3,EQ-0470,Paletizador,B,Preventivo,PM02,Cerrada,16.2,16.0,688.2,730.5,7,0,0,Eléctrico,Baja,
402169,2026-06,Proceso,Línea 1,EQ-0310,Reactor P1,A,Predictivo,PM06,Cerrada,15.7,17.0,641.4,668.1,6,0,0,Mecánico,Baja,
402170,2026-06,Servicios,N/A,EQ-0201,Caldera 1,A,Preventivo,PM02,Cerrada,3.2,3.3,204.1,224.0,3,0,0,Servicios,Baja,
402171,2026-06,Proceso,Línea 1,EQ-0331,Bomba de proceso,C,Preventivo,PM02,Cerrada,2.9,3.1,86.8,96.4,4,0,0,Mecánico,Media,
402172,2026-06,Servicios,N/A,EQ-0210,Compresor 3,B,Correctivo,PM01,Cerrada,32.4,40.8,1773.6,1373.3,6,0,0,Mecánico,Baja,
402173,2026-06,Envasado,Línea 1,EQ-0455,Envasadora L1,A,Correctivo,PM01,Cerrada,22.7,33.1,1723.4,1731.5,9,0,0,Instrumentación,Media,
402174,2026-06,Servicios,N/A,EQ-0210,Compresor 3,B,Correctivo,PM01,Cerrada,14.7,21.1,916.3,888.8,2,0,0,Mecánico,Media,
402175,2026-06,Servicios,N/A,EQ-0201,Caldera 1,A,Correctivo,PM01,Cerrada,28.0,59.8,2405.0,3187.8,5,0,0,Servicios,Media,
402176,2026-06,Servicios,N/A,EQ-0211,Chiller 1,A,Preventivo,PM02,Cerrada,24.1,23.3,1204.3,1121.8,11,0,0,Mecánico,Media,
402177,2026-06,Servicios,N/A,EQ-0201,Caldera 1,A,Preventivo,PM02,Cerrada,23.3,23.2,992.8,968.8,2,3,0,Mecánico,Media,
402178,2026-06,Envasado,Línea 3,EQ-0471,Transportador L3,C,Preventivo,PM03,Cerrada,7.6,7.1,227.2,222.4,10,2,0,Mecánico,Alta,
402179,2026-06,Proceso,Línea 1,EQ-0310,Reactor P1,A,Preventivo,PM02,Cerrada,21.9,20.3,1181.1,1150.5,6,0,0,Instrumentación,Baja,
402180,2026-06,Bodega,N/A,EQ-0601,Grúa horquilla 4,C,Predictivo,PM06,Cerrada,19.3,19.4,655.2,689.9,9,0,0,Mecánico,Baja,
402181,2026-06,Envasado,Línea 3,EQ-0471,Transportador L3,C,Mejora,PM04,Cerrada,20.1,21.4,352.2,357.8,1,0,0,Mecánico,Baja,
402182,2026-06,Envasado,Línea 2,EQ-0457,Envasadora L2,A,Correctivo,PM01,Cerrada,16.8,22.9,1513.6,1373.1,8,0,0,Eléctrico,Media,
402183,2026-06,Envasado,Línea 2,EQ-0457,Envasadora L2,A,Emergencia,PM05,Cerrada,7.1,8.6,560.6,482.6,6,0,0,Eléctrico,Media,
402184,2026-06,Envasado,Línea 2,EQ-0457,Envasadora L2,A,Correctivo,PM01,Cerrada,9.2,13.5,622.1,650.9,10,5,0,Eléctrico,Media,
402185,2026-06,Servicios,N/A,EQ-0201,Caldera 1,A,Preventivo,PM02,Cerrada,15.8,15.8,917.6,956.2,8,0,0,Instrumentación,Media,
402186,2026-06,Envasado,Línea 1,EQ-0461,Etiquetadora L1,A,Preventivo,PM02,Cerrada,17.9,18.6,972.2,954.1,4,0,0,Mecánico,Alta,
402187,2026-06,Envasado,Línea 1,EQ-0455,Envasadora L1,A,Mejora,PM04,Cerrada,5.0,4.7,223.0,206.4,2,0,2,Instrumentación,Baja,
402188,2026-06,Envasado,Línea 2,EQ-0457,Envasadora L2,A,Preventivo,PM02,Cerrada,12.1,11.7,714.8,656.2,11,0,0,Servicios,Media,
402189,2026-06,Envasado,Línea 2,EQ-0462,Etiquetadora L2,B,Predictivo,PM06,Cerrada,9.8,10.4,361.6,417.7,9,0,0,Instrumentación,Baja,
402190,2026-06,Proceso,Línea 2,EQ-0330,Bomba CIP,B,Preventivo,PM03,Cerrada,23.6,21.9,818.2,719.9,8,0,0,Eléctrico,Media,
402191,2026-06,Envasado,Línea 3,EQ-0471,Transportador L3,C,Correctivo,PM01,Cerrada,7.4,8.6,240.6,187.9,4,0,0,Instrumentación,Alta,
402192,2026-06,Proceso,Línea 2,EQ-0330,Bomba CIP,B,Preventivo,PM02,Cerrada,17.1,18.0,397.4,408.0,7,0,0,Eléctrico,Baja,
402193,2026-06,Servicios,N/A,EQ-0211,Chiller 1,A,Mejora,PM04,Cerrada,7.5,7.9,273.2,272.1,10,0,0,Servicios,Alta,
402194,2026-06,Proceso,Línea 1,EQ-0311,Intercambiador P1,B,Preventivo,PM03,Cerrada,16.6,18.0,783.7,802.7,5,0,0,Eléctrico,Baja,
402195,2026-06,Servicios,N/A,EQ-0210,Compresor 3,B,Correctivo,PM01,Cerrada,10.9,23.1,792.0,1112.7,2,0,0,Eléctrico,Media,
402196,2026-06,Envasado,Línea 1,EQ-0461,Etiquetadora L1,A,Correctivo,PM01,Cerrada,9.6,14.8,446.4,422.5,6,0,0,Mecánico,Media,
402197,2026-06,Envasado,Línea 3,EQ-0470,Paletizador,B,Correctivo,PM01,Cerrada,3.0,5.3,205.7,236.0,1,0,0,Eléctrico,Alta,
402198,2026-06,Envasado,Línea 3,EQ-0470,Paletizador,B,Preventivo,PM02,Cerrada,3.3,3.2,86.1,86.6,3,10,2,Eléctrico,Alta,
402199,2026-06,Envasado,Línea 2,EQ-0457,Envasadora L2,A,Preventivo,PM03,Cerrada,11.7,12.4,451.7,487.4,3,0,0,Mecánico,Media,
402200,2026-06,Envasado,Línea 1,EQ-0455,Envasadora L1,A,Preventivo,PM02,Cerrada,18.0,17.6,1133.3,1078.6,6,0,0,Mecánico,Media,
402201,2026-06,Proceso,Línea 2,EQ-0330,Bomba CIP,B,Correctivo,PM01,Cerrada,17.0,28.9,1016.2,1165.5,6,0,0,Mecánico,Alta,
402202,2026-06,Envasado,Línea 1,EQ-0455,Envasadora L1,A,Preventivo,PM02,Cerrada,5.8,6.3,342.2,388.7,10,0,0,Mecánico,Media,
402203,2026-06,Bodega,N/A,EQ-0601,Grúa horquilla 4,C,Preventivo,PM02,Cerrada,17.3,16.6,505.4,475.2,2,0,0,Eléctrico,Media,
402204,2026-06,Proceso,Línea 1,EQ-0331,Bomba de proceso,C,Preventivo,PM02,Cerrada,6.0,5.7,156.5,144.2,8,0,0,Instrumentación,Media,
402205,2026-06,Envasado,Línea 1,EQ-0461,Etiquetadora L1,A,Preventivo,PM02,Cerrada,20.6,19.5,1260.1,1204.9,1,0,0,Mecánico,Media,
402206,2026-06,Servicios,N/A,EQ-0211,Chiller 1,A,Correctivo,PM01,Cerrada,29.0,36.7,1807.0,1491.8,4,0,0,Instrumentación,Media,
402207,2026-06,Proceso,Línea 1,EQ-0331,Bomba de proceso,C,Preventivo,PM02,Cerrada,9.1,10.2,322.7,335.4,9,0,0,Eléctrico,Media,
402208,2026-06,Proceso,Línea 1,EQ-0331,Bomba de proceso,C,Correctivo,PM01,Cerrada,25.1,49.9,727.0,899.1,11,9,2,Instrumentación,Media,
402209,2026-06,Envasado,Línea 1,EQ-0461,Etiquetadora L1,A,Preventivo,PM02,Cerrada,21.2,22.6,652.8,697.7,1,0,0,Mecánico,Media,
402210,2026-06,Proceso,Línea 2,EQ-0320,Mezclador P2,B,Correctivo,PM01,Cerrada,20.0,39.8,1415.8,1950.7,4,0,0,Mecánico,Media,
402211,2026-06,Servicios,N/A,EQ-0202,Caldera 2,B,Preventivo,PM02,Cerrada,8.4,7.9,217.0,202.8,10,0,0,Servicios,Media,
402212,2026-06,Envasado,Línea 3,EQ-0471,Transportador L3,C,Correctivo,PM01,Cerrada,10.8,14.0,366.3,325.6,3,0,0,Mecánico,Media,
402213,2026-06,Proceso,Línea 2,EQ-0320,Mezclador P2,B,Preventivo,PM02,Cerrada,25.5,25.7,1226.5,1258.8,6,0,0,Instrumentación,Alta,
402214,2026-06,Servicios,N/A,EQ-0202,Caldera 2,B,Preventivo,PM03,Cerrada,21.2,20.8,944.9,960.0,1,0,0,Mecánico,Media,
402215,2026-06,Envasado,Línea 1,EQ-0461,Etiquetadora L1,A,Preventivo,PM02,Cerrada,18.1,18.8,631.7,708.3,6,0,0,Mecánico,Media,
402216,2026-06,Proceso,Línea 2,EQ-0320,Mezclador P2,B,Preventivo,PM03,Cerrada,3.5,3.7,86.2,97.8,2,0,4,Eléctrico,Alta,
402217,2026-06,Servicios,N/A,EQ-0202,Caldera 2,B,Preventivo,PM02,Cerrada,16.8,17.2,650.4,705.8,3,0,0,Instrumentación,Media,
402218,2026-06,Servicios,N/A,EQ-0202,Caldera 2,B,Preventivo,PM02,Cerrada,7.5,7.3,197.6,207.8,10,0,0,Servicios,Alta,
402219,2026-06,Proceso,Línea 2,EQ-0320,Mezclador P2,B,Preventivo,PM02,Cerrada,24.4,24.0,995.3,1003.4,6,0,0,Mecánico,Alta,
402220,2026-06,Envasado,Línea 1,EQ-0461,Etiquetadora L1,A,Preventivo,PM03,Cerrada,22.6,22.4,1180.9,1096.2,6,0,0,Mecánico,Baja,
402221,2026-06,Envasado,Línea 2,EQ-0457,Envasadora L2,A,Preventivo,PM02,Cerrada,17.3,17.9,893.4,870.8,7,0,0,Mecánico,Media,
402222,2026-06,Servicios,N/A,EQ-0202,Caldera 2,B,Predictivo,PM06,Cerrada,20.7,19.4,969.2,920.7,11,0,4,Instrumentación,Media,
402223,2026-06,Servicios,N/A,EQ-0210,Compresor 3,B,Preventivo,PM02,Cerrada,20.3,22.0,865.4,896.0,11,0,0,Instrumentación,Media,
402224,2026-06,Proceso,Línea 1,EQ-0311,Intercambiador P1,B,Preventivo,PM02,Cerrada,2.4,2.5,108.4,110.3,2,0,0,Mecánico,Alta,
402225,2026-06,Servicios,N/A,EQ-0211,Chiller 1,A,Predictivo,PM06,Cerrada,11.7,13.1,659.7,694.7,11,0,0,Eléctrico,Baja,
402226,2026-06,Proceso,Línea 2,EQ-0330,Bomba CIP,B,Preventivo,PM02,Abierta,19.0,0.6,477.8,185.8,,0,0,Instrumentación,Baja,
402227,2026-06,Proceso,Línea 1,EQ-0311,Intercambiador P1,B,Correctivo,PM01,Cerrada,26.7,51.6,1410.3,1717.9,11,0,0,Eléctrico,Alta,
402228,2026-06,Bodega,N/A,EQ-0601,Grúa horquilla 4,C,Preventivo,PM02,Cerrada,8.0,8.4,221.4,249.7,10,0,0,Eléctrico,Alta,
402229,2026-06,Bodega,N/A,EQ-0601,Grúa horquilla 4,C,Preventivo,PM02,Cerrada,3.4,3.8,90.3,105.7,7,0,0,Mecánico,Media,
402230,2026-06,Envasado,Línea 2,EQ-0457,Envasadora L2,A,Predictivo,PM06,Cerrada,17.1,17.0,828.1,822.5,3,0,4,Mecánico,Media,
402231,2026-06,Proceso,Línea 1,EQ-0311,Intercambiador P1,B,Correctivo,PM01,Cerrada,17.2,27.9,734.1,757.5,9,8,1,Mecánico,Media,
402232,2026-06,Servicios,N/A,EQ-0211,Chiller 1,A,Preventivo,PM03,Cerrada,12.4,11.4,556.1,486.0,12,0,0,Mecánico,Media,
402233,2026-06,Proceso,Línea 2,EQ-0320,Mezclador P2,B,Preventivo,PM02,Cerrada,10.2,10.7,364.5,402.5,4,0,0,Servicios,Media,
402234,2026-06,Proceso,Línea 1,EQ-0310,Reactor P1,A,Preventivo,PM02,Cerrada,6.9,6.7,332.6,300.5,4,0,0,Eléctrico,Baja,
402235,2026-06,Proceso,Línea 2,EQ-0330,Bomba CIP,B,Preventivo,PM02,Cerrada,12.8,14.1,548.5,589.4,8,0,0,Mecánico,Media,
402236,2026-06,Envasado,Línea 1,EQ-0455,Envasadora L1,A,Preventivo,PM03,Cerrada,10.6,10.3,386.3,381.9,9,0,0,Instrumentación,Baja,
402237,2026-06,Envasado,Línea 3,EQ-0470,Paletizador,B,Preventivo,PM02,Cerrada,10.3,11.5,278.2,313.1,7,0,0,Eléctrico,Baja,
402238,2026-06,Envasado,Línea 3,EQ-0471,Transportador L3,C,Mejora,PM04,Cerrada,24.7,25.0,442.2,430.0,5,0,0,Servicios,Alta,
402239,2026-06,Envasado,Línea 2,EQ-0457,Envasadora L2,A,Correctivo,PM01,Cerrada,13.4,27.3,647.0,857.0,9,0,0,Mecánico,Baja,
402240,2026-06,Proceso,Línea 2,EQ-0320,Mezclador P2,B,Preventivo,PM02,Cerrada,17.9,19.1,448.5,457.6,6,0,0,Instrumentación,Alta,
402241,2026-06,Proceso,Línea 1,EQ-0311,Intercambiador P1,B,Preventivo,PM02,Cerrada,8.9,9.0,273.6,267.5,1,0,0,Mecánico,Media,
402242,2026-06,Proceso,Línea 1,EQ-0311,Intercambiador P1,B,Preventivo,PM02,Cerrada,20.6,22.6,650.6,728.1,8,0,0,Mecánico,Baja,
402243,2026-06,Envasado,Línea 2,EQ-0462,Etiquetadora L2,B,Preventivo,PM03,Cerrada,5.0,5.0,201.8,217.8,9,0,0,Instrumentación,Baja,
402244,2026-06,Servicios,N/A,EQ-0201,Caldera 1,A,Preventivo,PM03,Cerrada,19.4,20.2,869.3,952.9,6,0,0,Instrumentación,Media,
402245,2026-06,Proceso,Línea 1,EQ-0310,Reactor P1,A,Emergencia,PM05,Cerrada,19.3,40.1,1378.9,1831.5,1,0,0,Eléctrico,Baja,
402246,2026-06,Servicios,N/A,EQ-0201,Caldera 1,A,Preventivo,PM03,Cerrada,5.5,5.1,162.7,153.6,1,0,0,Servicios,Media,
402247,2026-06,Envasado,Línea 3,EQ-0471,Transportador L3,C,Preventivo,PM02,Cerrada,13.2,13.3,354.4,342.0,7,0,0,Mecánico,Media,
402248,2026-06,Servicios,N/A,EQ-0211,Chiller 1,A,Mejora,PM04,Cerrada,7.1,7.2,309.0,318.0,6,0,0,Eléctrico,Alta,
402249,2026-06,Servicios,N/A,EQ-0210,Compresor 3,B,Preventivo,PM02,Cerrada,12.5,13.1,572.0,581.0,8,0,0,Servicios,Baja,
402250,2026-06,Servicios,N/A,EQ-0202,Caldera 2,B,Preventivo,PM02,Cerrada,15.5,16.2,631.8,674.3,9,0,2,Eléctrico,Baja,
402251,2026-06,Servicios,N/A,EQ-0210,Compresor 3,B,Preventivo,PM02,Cerrada,6.8,7.3,320.1,352.1,8,0,0,Mecánico,Alta,
402252,2026-06,Servicios,N/A,EQ-0201,Caldera 1,A,Correctivo,PM01,Cerrada,12.0,26.3,1079.1,1586.4,2,0,0,Eléctrico,Media,
402253,2026-06,Envasado,Línea 1,EQ-0461,Etiquetadora L1,A,Correctivo,PM01,Cerrada,19.7,38.6,989.3,1194.2,8,0,0,Mecánico,Alta,
402254,2026-06,Proceso,Línea 2,EQ-0330,Bomba CIP,B,Preventivo,PM02,Cerrada,24.5,22.8,696.8,617.0,8,0,0,Instrumentación,Baja,
402255,2026-06,Envasado,Línea 2,EQ-0462,Etiquetadora L2,B,Preventivo,PM02,Cerrada,23.5,24.6,1125.3,1205.7,10,0,0,Eléctrico,Media,
402256,2026-06,Servicios,N/A,EQ-0201,Caldera 1,A,Preventivo,PM02,Cerrada,9.8,9.1,565.1,509.0,7,0,0,Instrumentación,Alta,
402257,2026-06,Envasado,Línea 2,EQ-0457,Envasadora L2,A,Correctivo,PM01,Cerrada,30.8,54.4,2455.7,2888.3,2,0,0,Eléctrico,Alta,
402258,2026-06,Proceso,Línea 1,EQ-0310,Reactor P1,A,Correctivo,PM01,Cerrada,19.4,33.0,870.8,1000.7,10,0,0,Instrumentación,Media,
402259,2026-06,Proceso,Línea 1,EQ-0331,Bomba de proceso,C,Correctivo,PM01,Cerrada,15.2,20.4,526.1,442.3,2,9,0,Mecánico,Baja,
402260,2026-06,Servicios,N/A,EQ-0210,Compresor 3,B,Correctivo,PM01,Cerrada,15.4,26.4,608.8,648.0,2,0,0,Mecánico,Baja,
402261,2026-06,Servicios,N/A,EQ-0211,Chiller 1,A,Correctivo,PM01,Cerrada,30.0,37.2,2175.1,1743.8,12,0,0,Servicios,Alta,
402262,2026-06,Proceso,Línea 2,EQ-0320,Mezclador P2,B,Preventivo,PM02,Cerrada,7.2,6.6,337.6,293.6,2,0,0,Servicios,Baja,
402263,2026-06,Servicios,N/A,EQ-0201,Caldera 1,A,Preventivo,PM03,Cerrada,8.4,8.5,519.9,514.8,8,0,4,Servicios,Media,
402264,2026-06,Envasado,Línea 2,EQ-0457,Envasadora L2,A,Preventivo,PM03,Abierta,11.5,1.8,408.1,60.8,,16,16,Mecánico,Media,
402265,2026-06,Bodega,N/A,EQ-0601,Grúa horquilla 4,C,Preventivo,PM03,Cerrada,10.5,11.2,365.1,395.9,8,0,1,Mecánico,Media,
402266,2026-06,Envasado,Línea 1,EQ-0455,Envasadora L1,A,Preventivo,PM02,Cerrada,18.0,18.6,905.5,951.1,7,0,0,Mecánico,Media,
402267,2026-06,Servicios,N/A,EQ-0210,Compresor 3,B,Correctivo,PM01,Cerrada,12.9,22.1,656.7,720.4,3,0,0,Mecánico,Baja,
402268,2026-06,Envasado,Línea 1,EQ-0455,Envasadora L1,A,Mejora,PM04,Abierta,3.6,1.1,125.9,30.2,,36,0,Eléctrico,Baja,Requiere parada de planta
402269,2026-06,Servicios,N/A,EQ-0210,Compresor 3,B,Correctivo,PM01,Cerrada,25.2,34.2,1813.5,1765.5,10,0,0,Eléctrico,Alta,
402270,2026-06,Envasado,Línea 3,EQ-0471,Transportador L3,C,Preventivo,PM03,Abierta,15.0,0.2,501.1,108.5,,0,0,Mecánico,Media,
402271,2026-06,Envasado,Línea 1,EQ-0461,Etiquetadora L1,A,Emergencia,PM05,Cerrada,24.1,44.5,1409.6,1595.5,1,0,2,Eléctrico,Alta,
402272,2026-06,Servicios,N/A,EQ-0202,Caldera 2,B,Preventivo,PM02,Cerrada,15.4,15.3,363.4,356.3,4,0,0,Eléctrico,Baja,
402273,2026-07,Envasado,Línea 2,EQ-0457,Envasadora L2,A,Preventivo,PM03,Cerrada,21.2,21.0,1132.5,1185.0,0,0,0,Eléctrico,Media,
402274,2026-07,Proceso,Línea 1,EQ-0311,Intercambiador P1,B,Mejora,PM04,Cerrada,17.5,17.9,417.1,446.0,8,0,0,Eléctrico,Alta,
402275,2026-07,Proceso,Línea 2,EQ-0320,Mezclador P2,B,Preventivo,PM02,Cerrada,16.7,18.3,379.5,389.4,11,0,0,Servicios,Media,
402276,2026-07,Envasado,Línea 2,EQ-0462,Etiquetadora L2,B,Correctivo,PM01,Cerrada,30.6,60.8,1707.4,2377.5,8,0,0,Mecánico,Alta,
402277,2026-07,Servicios,N/A,EQ-0211,Chiller 1,A,Preventivo,PM03,Cerrada,9.8,10.0,312.5,303.1,5,0,2,Mecánico,Media,
402278,2026-07,Servicios,N/A,EQ-0201,Caldera 1,A,Correctivo,PM01,Cerrada,28.9,53.0,1661.1,2107.8,9,0,4,Instrumentación,Media,
402279,2026-07,Envasado,Línea 1,EQ-0461,Etiquetadora L1,A,Emergencia,PM05,Cerrada,23.1,36.9,2054.5,2342.8,11,0,0,Eléctrico,Media,
402280,2026-07,Envasado,Línea 3,EQ-0470,Paletizador,B,Preventivo,PM02,Cerrada,14.9,15.1,733.7,726.8,2,0,0,Instrumentación,Media,
402281,2026-07,Servicios,N/A,EQ-0202,Caldera 2,B,Preventivo,PM02,Cerrada,20.5,22.3,725.6,820.4,3,0,0,Instrumentación,Alta,
402282,2026-07,Servicios,N/A,EQ-0202,Caldera 2,B,Mejora,PM04,Cerrada,20.2,21.2,676.3,701.2,10,0,0,Mecánico,Media,
402283,2026-07,Envasado,Línea 1,EQ-0455,Envasadora L1,A,Preventivo,PM03,Cerrada,21.7,20.7,952.2,846.6,8,0,0,Instrumentación,Media,
402284,2026-07,Servicios,N/A,EQ-0201,Caldera 1,A,Predictivo,PM06,Cerrada,16.9,16.0,574.9,583.8,6,0,0,Eléctrico,Media,
402285,2026-07,Bodega,N/A,EQ-0601,Grúa horquilla 4,C,Preventivo,PM02,Cerrada,21.7,20.6,523.8,502.0,8,0,0,Servicios,Media,
402286,2026-07,Proceso,Línea 1,EQ-0310,Reactor P1,A,Preventivo,PM02,Cerrada,16.3,16.1,739.7,775.4,8,0,0,Instrumentación,Media,
402287,2026-07,Envasado,Línea 1,EQ-0455,Envasadora L1,A,Preventivo,PM02,Cerrada,3.3,3.0,177.9,163.5,7,0,0,Mecánico,Media,
402288,2026-07,Bodega,N/A,EQ-0601,Grúa horquilla 4,C,Predictivo,PM06,Cerrada,15.0,16.3,349.7,380.8,7,0,0,Instrumentación,Baja,
402289,2026-07,Bodega,N/A,EQ-0601,Grúa horquilla 4,C,Preventivo,PM03,Cerrada,3.1,3.3,107.1,118.4,1,0,0,Servicios,Media,
402290,2026-07,Servicios,N/A,EQ-0202,Caldera 2,B,Mejora,PM04,Cerrada,15.7,15.0,453.3,445.3,3,0,0,Mecánico,Media,
402291,2026-07,Servicios,N/A,EQ-0210,Compresor 3,B,Preventivo,PM02,Cerrada,19.2,20.5,571.5,626.8,4,0,0,Mecánico,Media,
402292,2026-07,Envasado,Línea 1,EQ-0455,Envasadora L1,A,Mejora,PM04,Cerrada,16.1,15.5,739.1,746.1,11,10,0,Eléctrico,Baja,
402293,2026-07,Envasado,Línea 2,EQ-0457,Envasadora L2,A,Correctivo,PM01,Cerrada,18.6,38.6,1330.8,1773.7,7,0,0,Eléctrico,Media,
402294,2026-07,Envasado,Línea 3,EQ-0470,Paletizador,B,Preventivo,PM02,Cerrada,18.3,19.9,610.5,626.8,4,0,0,Mecánico,Alta,
402295,2026-07,Envasado,Línea 1,EQ-0455,Envasadora L1,A,Preventivo,PM03,Cerrada,15.6,16.0,823.7,825.7,8,0,0,Eléctrico,Alta,
402296,2026-07,Proceso,Línea 2,EQ-0320,Mezclador P2,B,Preventivo,PM03,Cerrada,9.4,8.9,375.4,383.5,9,0,0,Instrumentación,Baja,
402297,2026-07,Envasado,Línea 1,EQ-0461,Etiquetadora L1,A,Preventivo,PM03,Cerrada,15.9,17.2,708.4,820.2,6,0,0,Eléctrico,Media,
402298,2026-07,Servicios,N/A,EQ-0210,Compresor 3,B,Correctivo,PM01,Cerrada,20.8,36.4,1406.6,1687.8,6,0,1,Mecánico,Media,
402299,2026-07,Proceso,Línea 2,EQ-0330,Bomba CIP,B,Mejora,PM04,Cerrada,16.2,16.0,439.9,458.3,4,2,0,Mecánico,Baja,
402300,2026-07,Envasado,Línea 2,EQ-0462,Etiquetadora L2,B,Preventivo,PM02,Cerrada,19.8,21.0,584.3,645.3,1,0,0,Servicios,Baja,
402301,2026-07,Proceso,Línea 2,EQ-0320,Mezclador P2,B,Preventivo,PM03,Cerrada,9.8,9.6,400.1,386.8,8,0,0,Eléctrico,Baja,
402302,2026-07,Servicios,N/A,EQ-0202,Caldera 2,B,Preventivo,PM02,Cerrada,6.1,5.7,297.6,285.3,11,0,2,Mecánico,Alta,
402303,2026-07,Envasado,Línea 2,EQ-0457,Envasadora L2,A,Correctivo,PM01,Cerrada,14.3,26.3,685.7,865.6,4,0,0,Servicios,Alta,
402304,2026-07,Envasado,Línea 2,EQ-0457,Envasadora L2,A,Correctivo,PM01,Cerrada,4.1,5.8,216.9,216.6,7,0,0,Servicios,Baja,
402305,2026-07,Proceso,Línea 1,EQ-0331,Bomba de proceso,C,Preventivo,PM02,Cerrada,9.6,10.2,174.4,193.8,11,0,0,Mecánico,Alta,
402306,2026-07,Proceso,Línea 1,EQ-0310,Reactor P1,A,Preventivo,PM02,Cerrada,8.9,8.2,306.1,298.7,9,0,0,Mecánico,Baja,
402307,2026-07,Envasado,Línea 3,EQ-0471,Transportador L3,C,Preventivo,PM02,Cerrada,4.6,5.1,87.9,95.8,5,0,0,Mecánico,Alta,
402308,2026-07,Servicios,N/A,EQ-0210,Compresor 3,B,Correctivo,PM01,Cerrada,6.0,8.5,402.0,404.3,8,0,0,Mecánico,Baja,
402309,2026-07,Servicios,N/A,EQ-0210,Compresor 3,B,Correctivo,PM01,Cerrada,28.9,54.7,1075.9,1401.0,1,0,0,Servicios,Baja,
402310,2026-07,Bodega,N/A,EQ-0601,Grúa horquilla 4,C,Mejora,PM04,Cerrada,5.6,5.8,167.2,160.4,11,0,0,Instrumentación,Media,
402311,2026-07,Envasado,Línea 1,EQ-0461,Etiquetadora L1,A,Preventivo,PM02,Cerrada,24.9,27.3,738.1,869.0,11,0,0,Servicios,Baja,
402312,2026-07,Envasado,Línea 2,EQ-0462,Etiquetadora L2,B,Correctivo,PM01,Cerrada,22.2,26.6,1298.6,1116.3,7,0,0,Mecánico,Alta,
402313,2026-07,Proceso,Línea 2,EQ-0330,Bomba CIP,B,Correctivo,PM01,Cerrada,24.4,32.9,1299.3,1244.2,3,0,0,Mecánico,Media,
402314,2026-07,Servicios,N/A,EQ-0201,Caldera 1,A,Preventivo,PM03,Cerrada,5.2,5.0,226.1,214.7,4,0,0,Servicios,Media,
402315,2026-07,Envasado,Línea 1,EQ-0461,Etiquetadora L1,A,Emergencia,PM05,Cerrada,10.3,22.0,591.6,839.3,10,0,2,Instrumentación,Alta,
402316,2026-07,Envasado,Línea 2,EQ-0462,Etiquetadora L2,B,Correctivo,PM01,Cerrada,14.0,23.9,940.1,1107.6,2,0,0,Mecánico,Alta,
402317,2026-07,Proceso,Línea 1,EQ-0311,Intercambiador P1,B,Mejora,PM04,Cerrada,8.2,9.2,294.2,329.5,4,0,0,Eléctrico,Media,
402318,2026-07,Servicios,N/A,EQ-0201,Caldera 1,A,Preventivo,PM02,Cerrada,17.6,17.2,962.9,1001.4,6,5,16,Mecánico,Alta,
402319,2026-07,Servicios,N/A,EQ-0210,Compresor 3,B,Preventivo,PM02,Cerrada,20.2,19.0,504.7,474.5,5,0,0,Mecánico,Media,
402320,2026-07,Proceso,Línea 2,EQ-0330,Bomba CIP,B,Preventivo,PM02,Cerrada,23.4,22.7,594.3,571.5,5,0,0,Instrumentación,Media,
402321,2026-07,Servicios,N/A,EQ-0211,Chiller 1,A,Preventivo,PM02,Cerrada,5.2,5.7,232.2,237.8,4,0,0,Instrumentación,Alta,
402322,2026-07,Proceso,Línea 2,EQ-0320,Mezclador P2,B,Preventivo,PM03,Cerrada,17.2,18.8,822.5,889.4,9,0,0,Eléctrico,Alta,
402323,2026-07,Servicios,N/A,EQ-0201,Caldera 1,A,Correctivo,PM01,Cerrada,29.2,41.1,1379.9,1234.6,6,0,0,Mecánico,Media,
402324,2026-07,Envasado,Línea 2,EQ-0462,Etiquetadora L2,B,Preventivo,PM02,Cerrada,3.5,3.8,105.9,115.6,9,0,0,Instrumentación,Alta,
402325,2026-07,Proceso,Línea 1,EQ-0331,Bomba de proceso,C,Correctivo,PM01,Cerrada,4.9,8.9,226.1,288.0,8,0,0,Mecánico,Baja,
402326,2026-07,Proceso,Línea 2,EQ-0320,Mezclador P2,B,Preventivo,PM02,Cerrada,11.6,12.8,451.0,519.1,1,0,0,Eléctrico,Baja,
402327,2026-07,Proceso,Línea 1,EQ-0331,Bomba de proceso,C,Preventivo,PM03,Cerrada,12.2,12.0,304.9,297.6,2,0,0,Mecánico,Media,
402328,2026-07,Servicios,N/A,EQ-0202,Caldera 2,B,Preventivo,PM02,Cerrada,8.6,8.8,238.9,240.7,8,0,0,Instrumentación,Media,
402329,2026-07,Proceso,Línea 1,EQ-0311,Intercambiador P1,B,Preventivo,PM02,Cerrada,24.3,25.0,1110.9,1089.8,10,0,0,Mecánico,Alta,
402330,2026-07,Bodega,N/A,EQ-0601,Grúa horquilla 4,C,Preventivo,PM02,Cerrada,11.4,10.6,272.1,272.8,4,0,0,Mecánico,Media,
402331,2026-07,Proceso,Línea 2,EQ-0320,Mezclador P2,B,Emergencia,PM05,Cerrada,12.6,24.4,500.4,656.9,7,0,1,Eléctrico,Media,
402332,2026-07,Proceso,Línea 1,EQ-0310,Reactor P1,A,Correctivo,PM01,Cerrada,26.0,45.1,2349.9,2527.0,2,0,0,Mecánico,Alta,
402333,2026-07,Envasado,Línea 2,EQ-0457,Envasadora L2,A,Preventivo,PM02,Cerrada,15.5,14.9,883.5,875.2,1,0,0,Mecánico,Alta,
402334,2026-07,Servicios,N/A,EQ-0202,Caldera 2,B,Preventivo,PM02,Abierta,7.5,2.9,257.1,32.2,,10,0,Eléctrico,Alta,
402335,2026-07,Proceso,Línea 1,EQ-0311,Intercambiador P1,B,Correctivo,PM01,Cerrada,23.9,42.0,963.6,1073.4,1,0,0,Servicios,Alta,
402336,2026-07,Servicios,N/A,EQ-0211,Chiller 1,A,Mejora,PM04,Cerrada,14.8,16.0,449.0,503.1,11,0,0,Mecánico,Alta,
402337,2026-07,Envasado,Línea 3,EQ-0470,Paletizador,B,Correctivo,PM01,Cerrada,27.1,48.8,1482.5,1804.5,6,0,0,Mecánico,Alta,
402338,2026-07,Envasado,Línea 3,EQ-0470,Paletizador,B,Correctivo,PM01,Cerrada,14.5,26.6,1037.6,1210.4,5,0,4,Mecánico,Media,
402339,2026-07,Proceso,Línea 1,EQ-0331,Bomba de proceso,C,Preventivo,PM02,Cerrada,4.8,4.5,124.2,124.1,6,0,0,Mecánico,Media,
402340,2026-07,Servicios,N/A,EQ-0201,Caldera 1,A,Correctivo,PM01,Cerrada,9.6,13.7,678.0,644.5,1,11,0,Mecánico,Media,
402341,2026-07,Envasado,Línea 1,EQ-0455,Envasadora L1,A,Preventivo,PM03,Cerrada,17.9,17.7,1120.5,1031.3,6,0,0,Mecánico,Alta,
402342,2026-07,Proceso,Línea 1,EQ-0331,Bomba de proceso,C,Preventivo,PM02,Cerrada,9.9,10.5,201.0,196.9,9,0,0,Servicios,Media,
402343,2026-07,Servicios,N/A,EQ-0201,Caldera 1,A,Predictivo,PM06,Cerrada,13.1,14.5,826.3,969.3,6,11,4,Mecánico,Baja,
402344,2026-07,Envasado,Línea 2,EQ-0457,Envasadora L2,A,Emergencia,PM05,Abierta,22.1,8.1,1934.4,385.6,,19,0,Instrumentación,Baja,
402345,2026-07,Envasado,Línea 3,EQ-0471,Transportador L3,C,Preventivo,PM03,Cerrada,19.0,17.9,511.0,507.7,9,0,0,Mecánico,Alta,
402346,2026-07,Envasado,Línea 2,EQ-0457,Envasadora L2,A,Preventivo,PM02,Cerrada,20.5,22.5,609.3,695.9,4,0,0,Servicios,Media,
402347,2026-07,Proceso,Línea 1,EQ-0331,Bomba de proceso,C,Preventivo,PM02,Cerrada,8.4,8.4,279.9,305.6,9,11,0,Mecánico,Alta,
402348,2026-07,Proceso,Línea 2,EQ-0320,Mezclador P2,B,Preventivo,PM02,Cerrada,25.9,27.0,1102.6,1065.4,2,0,2,Instrumentación,Baja,
402349,2026-07,Proceso,Línea 2,EQ-0320,Mezclador P2,B,Predictivo,PM06,Cerrada,2.8,2.6,82.3,79.5,10,0,0,Mecánico,Baja,
402350,2026-07,Proceso,Línea 1,EQ-0310,Reactor P1,A,Preventivo,PM02,Cerrada,22.5,20.8,795.0,770.0,10,1,16,Eléctrico,Media,
402351,2026-07,Proceso,Línea 2,EQ-0330,Bomba CIP,B,Preventivo,PM02,Cerrada,18.0,18.0,438.1,420.0,10,0,0,Mecánico,Alta,
402352,2026-07,Servicios,N/A,EQ-0202,Caldera 2,B,Mejora,PM04,Abierta,3.3,0.4,155.7,6.6,,4,0,Eléctrico,Media,
402353,2026-07,Envasado,Línea 2,EQ-0457,Envasadora L2,A,Preventivo,PM02,Cerrada,14.3,15.8,905.6,1023.3,3,0,0,Mecánico,Media,
402354,2026-07,Proceso,Línea 1,EQ-0311,Intercambiador P1,B,Mejora,PM04,Cerrada,12.6,13.1,391.8,399.7,6,0,0,Eléctrico,Media,
402355,2026-07,Proceso,Línea 2,EQ-0330,Bomba CIP,B,Preventivo,PM02,Cerrada,12.8,13.3,555.2,606.5,5,0,0,Mecánico,Media,
402356,2026-07,Envasado,Línea 1,EQ-0455,Envasadora L1,A,Emergencia,PM05,Cerrada,32.3,40.9,2564.1,2296.9,9,0,0,Mecánico,Media,
402357,2026-07,Servicios,N/A,EQ-0211,Chiller 1,A,Preventivo,PM02,Cerrada,15.6,15.4,782.9,732.5,9,0,0,Eléctrico,Media,
402358,2026-07,Servicios,N/A,EQ-0210,Compresor 3,B,Preventivo,PM02,Cerrada,8.0,7.5,316.7,279.7,9,0,0,Mecánico,Media,
402359,2026-07,Envasado,Línea 3,EQ-0470,Paletizador,B,Correctivo,PM01,Cerrada,23.8,37.5,1442.8,1639.2,9,0,0,Mecánico,Media,
402360,2026-07,Proceso,Línea 1,EQ-0310,Reactor P1,A,Emergencia,PM05,Cerrada,12.9,16.5,776.8,692.0,1,0,0,Mecánico,Alta,
402361,2026-07,Servicios,N/A,EQ-0211,Chiller 1,A,Preventivo,PM02,Cerrada,4.4,4.8,249.8,280.6,2,0,0,Eléctrico,Baja,
402362,2026-07,Proceso,Línea 2,EQ-0320,Mezclador P2,B,Preventivo,PM03,Cerrada,11.9,12.2,302.6,302.6,9,0,0,Instrumentación,Alta,
402363,2026-07,Envasado,Línea 2,EQ-0462,Etiquetadora L2,B,Correctivo,PM01,Cerrada,22.2,33.3,1510.8,1441.2,10,0,0,Instrumentación,Alta,
402364,2026-07,Proceso,Línea 1,EQ-0310,Reactor P1,A,Preventivo,PM02,Cerrada,15.7,16.8,558.4,646.8,9,0,0,Mecánico,Media,
402365,2026-07,Envasado,Línea 1,EQ-0455,Envasadora L1,A,Preventivo,PM03,Cerrada,24.4,26.4,1068.8,1081.2,9,0,0,Mecánico,Baja,
402366,2026-07,Envasado,Línea 3,EQ-0470,Paletizador,B,Preventivo,PM02,Cerrada,4.8,4.5,176.0,167.5,5,0,0,Eléctrico,Baja,
402367,2026-07,Servicios,N/A,EQ-0201,Caldera 1,A,Correctivo,PM01,Cerrada,31.2,47.3,1936.3,1840.4,2,0,0,Eléctrico,Alta,
402368,2026-07,Proceso,Línea 2,EQ-0320,Mezclador P2,B,Correctivo,PM01,Cerrada,15.9,20.1,613.2,556.8,4,0,0,Mecánico,Media,
402369,2026-07,Proceso,Línea 2,EQ-0320,Mezclador P2,B,Mejora,PM04,Cerrada,7.7,7.7,305.9,302.9,11,0,0,Servicios,Media,
402370,2026-07,Servicios,N/A,EQ-0201,Caldera 1,A,Preventivo,PM02,Abierta,21.0,3.0,1185.8,593.0,,0,0,Mecánico,Media,
402371,2026-07,Proceso,Línea 2,EQ-0320,Mezclador P2,B,Preventivo,PM02,Cerrada,2.3,2.5,88.5,105.0,6,0,0,Eléctrico,Alta,
402372,2026-07,Proceso,Línea 1,EQ-0311,Intercambiador P1,B,Preventivo,PM02,Cerrada,3.3,3.1,147.5,149.9,8,0,4,Mecánico,Alta,
402373,2026-07,Envasado,Línea 2,EQ-0457,Envasadora L2,A,Emergencia,PM05,Cerrada,7.6,9.2,715.3,574.7,7,0,0,Instrumentación,Baja,
402374,2026-07,Envasado,Línea 2,EQ-0462,Etiquetadora L2,B,Preventivo,PM03,Cerrada,19.7,20.1,537.8,515.2,4,0,0,Eléctrico,Alta,
402375,2026-07,Envasado,Línea 3,EQ-0470,Paletizador,B,Emergencia,PM05,Abierta,28.6,8.9,2089.6,383.8,,5,0,Eléctrico,Baja,
402376,2026-07,Proceso,Línea 1,EQ-0310,Reactor P1,A,Preventivo,PM02,Cerrada,6.8,6.3,236.4,213.9,7,0,0,Mecánico,Baja,
402377,2026-07,Envasado,Línea 2,EQ-0462,Etiquetadora L2,B,Mejora,PM04,Cerrada,8.2,8.7,249.6,245.9,7,0,0,Mecánico,Media,
402378,2026-07,Envasado,Línea 2,EQ-0462,Etiquetadora L2,B,Preventivo,PM02,Cerrada,25.8,25.1,988.0,956.2,9,0,0,Eléctrico,Baja,
402379,2026-07,Servicios,N/A,EQ-0201,Caldera 1,A,Correctivo,PM01,Cerrada,10.1,19.8,878.8,1226.2,1,9,0,Servicios,Alta,
402380,2026-07,Envasado,Línea 3,EQ-0471,Transportador L3,C,Preventivo,PM02,Cerrada,5.3,5.1,173.1,158.1,5,0,0,Mecánico,Alta,
402381,2026-07,Servicios,N/A,EQ-0210,Compresor 3,B,Preventivo,PM02,Cerrada,15.9,17.5,544.6,587.8,11,0,0,Servicios,Alta,
402382,2026-07,Proceso,Línea 2,EQ-0320,Mezclador P2,B,Preventivo,PM02,Cerrada,21.2,20.8,841.7,865.5,9,0,0,Mecánico,Alta,
402383,2026-07,Envasado,Línea 1,EQ-0455,Envasadora L1,A,Preventivo,PM02,Cerrada,14.6,15.7,687.7,771.7,9,0,0,Instrumentación,Media,
402384,2026-07,Proceso,Línea 2,EQ-0330,Bomba CIP,B,Correctivo,PM01,Cerrada,3.7,6.2,273.5,288.6,10,0,0,Mecánico,Media,
402385,2026-07,Bodega,N/A,EQ-0601,Grúa horquilla 4,C,Preventivo,PM02,Cerrada,24.9,26.4,884.6,1009.9,11,0,0,Eléctrico,Alta,
402386,2026-07,Proceso,Línea 2,EQ-0320,Mezclador P2,B,Preventivo,PM03,Cerrada,3.2,3.3,140.2,150.0,2,0,0,Mecánico,Baja,
402387,2026-07,Servicios,N/A,EQ-0202,Caldera 2,B,Predictivo,PM06,Cerrada,24.0,24.8,1087.5,1128.1,1,0,0,Mecánico,Baja,
402388,2026-07,Envasado,Línea 1,EQ-0461,Etiquetadora L1,A,Preventivo,PM02,Cerrada,7.5,8.3,401.3,443.9,6,11,0,Mecánico,Alta,
402389,2026-07,Proceso,Línea 1,EQ-0331,Bomba de proceso,C,Preventivo,PM02,Cerrada,14.2,13.2,413.0,357.0,11,0,0,Mecánico,Baja,
402390,2026-07,Servicios,N/A,EQ-0210,Compresor 3,B,Preventivo,PM02,Cerrada,15.7,14.7,495.0,470.6,3,0,0,Instrumentación,Alta,
402391,2026-07,Envasado,Línea 2,EQ-0457,Envasadora L2,A,Correctivo,PM01,Cerrada,7.3,10.1,599.2,585.3,8,0,0,Mecánico,Media,
402392,2026-07,Envasado,Línea 2,EQ-0462,Etiquetadora L2,B,Preventivo,PM02,Cerrada,6.9,6.6,264.8,236.7,7,0,0,Mecánico,Baja,
402393,2026-07,Proceso,Línea 1,EQ-0310,Reactor P1,A,Mejora,PM04,Cerrada,19.1,18.1,1142.0,1111.2,2,0,2,Instrumentación,Media,
402394,2026-07,Proceso,Línea 2,EQ-0320,Mezclador P2,B,Preventivo,PM02,Cerrada,17.0,18.2,711.1,810.8,4,0,0,Servicios,Media,
402395,2026-07,Proceso,Línea 2,EQ-0320,Mezclador P2,B,Preventivo,PM02,Cerrada,25.2,26.2,1185.8,1255.0,10,0,0,Mecánico,Media,
402396,2026-07,Proceso,Línea 2,EQ-0320,Mezclador P2,B,Preventivo,PM02,Cerrada,26.0,25.4,672.5,610.6,5,0,0,Mecánico,Media,
402397,2026-07,Proceso,Línea 2,EQ-0330,Bomba CIP,B,Preventivo,PM02,Cerrada,21.4,20.3,927.2,816.1,5,0,0,Mecánico,Media,
402398,2026-07,Proceso,Línea 2,EQ-0330,Bomba CIP,B,Preventivo,PM02,Cerrada,13.0,12.3,454.5,396.8,4,0,0,Mecánico,Media,
402399,2026-07,Envasado,Línea 2,EQ-0462,Etiquetadora L2,B,Preventivo,PM02,Cerrada,20.8,21.7,699.7,783.4,5,0,0,Instrumentación,Media,
402400,2026-07,Proceso,Línea 2,EQ-0330,Bomba CIP,B,Preventivo,PM02,Cerrada,21.7,24.1,741.0,814.4,9,0,0,Eléctrico,Baja,
402401,2026-07,Envasado,Línea 1,EQ-0461,Etiquetadora L1,A,Correctivo,PM01,Cerrada,32.2,41.5,2079.7,1654.4,2,0,0,Eléctrico,Baja,
402402,2026-07,Servicios,N/A,EQ-0211,Chiller 1,A,Preventivo,PM02,Cerrada,22.3,21.9,815.3,760.0,11,0,0,Mecánico,Baja,
402403,2026-07,Servicios,N/A,EQ-0211,Chiller 1,A,Preventivo,PM02,Cerrada,19.9,20.2,750.3,813.8,2,3,0,Mecánico,Baja,
402404,2026-07,Servicios,N/A,EQ-0202,Caldera 2,B,Preventivo,PM02,Cerrada,9.5,9.5,322.7,312.9,11,0,0,Eléctrico,Alta,
402405,2026-07,Envasado,Línea 3,EQ-0471,Transportador L3,C,Preventivo,PM03,Cerrada,18.7,17.3,668.2,640.4,9,0,0,Instrumentación,Baja,
402406,2026-07,Servicios,N/A,EQ-0211,Chiller 1,A,Preventivo,PM02,Cerrada,2.3,2.3,93.9,89.9,9,0,2,Eléctrico,Media,
402407,2026-07,Envasado,Línea 1,EQ-0455,Envasadora L1,A,Preventivo,PM02,Cerrada,2.3,2.3,129.5,138.1,3,0,0,Mecánico,Media,
402408,2026-07,Servicios,N/A,EQ-0211,Chiller 1,A,Correctivo,PM01,Cerrada,10.8,16.2,899.2,842.2,4,0,0,Mecánico,Alta,
402409,2026-07,Envasado,Línea 2,EQ-0462,Etiquetadora L2,B,Preventivo,PM02,Cerrada,14.4,13.5,604.3,534.7,7,0,0,Mecánico,Media,
402410,2026-07,Envasado,Línea 2,EQ-0457,Envasadora L2,A,Preventivo,PM02,Cerrada,11.2,12.0,557.0,570.0,3,0,0,Mecánico,Alta,
402411,2026-07,Envasado,Línea 2,EQ-0462,Etiquetadora L2,B,Correctivo,PM01,Cerrada,10.9,17.4,729.8,821.7,3,0,0,Eléctrico,Media,
402412,2026-08,Servicios,N/A,EQ-0202,Caldera 2,B,Preventivo,PM02,Cerrada,8.9,9.0,404.5,424.7,4,0,2,Mecánico,Baja,
402413,2026-08,Proceso,Línea 2,EQ-0320,Mezclador P2,B,Correctivo,PM01,Cerrada,25.3,40.8,1600.8,1607.6,9,0,0,Eléctrico,Baja,
402414,2026-08,Envasado,Línea 2,EQ-0457,Envasadora L2,A,Correctivo,PM01,Cerrada,3.4,6.3,291.3,351.2,9,0,4,Mecánico,Media,
402415,2026-08,Servicios,N/A,EQ-0210,Compresor 3,B,Preventivo,PM02,Cerrada,9.7,9.1,307.9,294.6,10,0,0,Instrumentación,Baja,
402416,2026-08,Servicios,N/A,EQ-0202,Caldera 2,B,Preventivo,PM02,Cerrada,18.7,19.0,540.4,572.0,11,0,0,Mecánico,Baja,
402417,2026-08,Envasado,Línea 1,EQ-0461,Etiquetadora L1,A,Preventivo,PM03,Cerrada,18.8,19.1,1160.6,1179.2,3,0,0,Mecánico,Alta,
402418,2026-08,Proceso,Línea 1,EQ-0311,Intercambiador P1,B,Preventivo,PM02,Cerrada,5.0,5.4,148.4,172.7,10,0,4,Mecánico,Baja,
402419,2026-08,Servicios,N/A,EQ-0210,Compresor 3,B,Preventivo,PM02,Cerrada,15.9,17.4,651.1,738.6,2,0,0,Mecánico,Media,
402420,2026-08,Envasado,Línea 2,EQ-0462,Etiquetadora L2,B,Predictivo,PM06,Cerrada,3.9,4.2,187.8,185.4,7,0,0,Mecánico,Alta,
402421,2026-08,Envasado,Línea 3,EQ-0470,Paletizador,B,Preventivo,PM02,Cerrada,15.3,14.8,691.7,633.6,8,0,0,Mecánico,Alta,
402422,2026-08,Proceso,Línea 1,EQ-0310,Reactor P1,A,Preventivo,PM03,Abierta,6.8,2.1,235.9,41.1,,0,0,Mecánico,Baja,
402423,2026-08,Proceso,Línea 1,EQ-0331,Bomba de proceso,C,Preventivo,PM02,Cerrada,23.6,24.0,515.2,533.6,2,0,0,Eléctrico,Media,
402424,2026-08,Envasado,Línea 3,EQ-0471,Transportador L3,C,Correctivo,PM01,Cerrada,25.7,56.3,689.2,990.3,2,0,0,Servicios,Media,
402425,2026-08,Servicios,N/A,EQ-0210,Compresor 3,B,Preventivo,PM02,Cerrada,23.1,21.7,878.8,866.4,9,0,0,Mecánico,Alta,
402426,2026-08,Servicios,N/A,EQ-0211,Chiller 1,A,Preventivo,PM03,Cerrada,4.6,4.4,295.5,291.4,1,0,0,Servicios,Media,
402427,2026-08,Servicios,N/A,EQ-0210,Compresor 3,B,Correctivo,PM01,Cerrada,15.1,28.2,939.2,1087.8,7,9,0,Mecánico,Media,
402428,2026-08,Servicios,N/A,EQ-0202,Caldera 2,B,Correctivo,PM01,Cerrada,29.5,39.5,1508.2,1442.5,5,0,0,Eléctrico,Media,
402429,2026-08,Envasado,Línea 1,EQ-0461,Etiquetadora L1,A,Preventivo,PM02,Cerrada,7.3,8.0,469.1,553.3,8,0,0,Mecánico,Media,
402430,2026-08,Servicios,N/A,EQ-0211,Chiller 1,A,Correctivo,PM01,Cerrada,7.3,14.9,517.1,730.3,3,0,0,Mecánico,Baja,
402431,2026-08,Envasado,Línea 3,EQ-0471,Transportador L3,C,Preventivo,PM02,Cerrada,21.4,22.8,768.4,771.6,10,0,0,Eléctrico,Media,
402432,2026-08,Envasado,Línea 2,EQ-0462,Etiquetadora L2,B,Preventivo,PM02,Cerrada,21.7,23.8,520.0,572.2,6,11,0,Mecánico,Alta,
402433,2026-08,Bodega,N/A,EQ-0601,Grúa horquilla 4,C,Preventivo,PM03,Cerrada,10.7,10.2,200.1,183.2,5,0,0,Eléctrico,Alta,
402434,2026-08,Envasado,Línea 3,EQ-0471,Transportador L3,C,Preventivo,PM02,Cerrada,16.4,16.8,312.4,345.8,2,0,0,Eléctrico,Alta,
402435,2026-08,Proceso,Línea 2,EQ-0320,Mezclador P2,B,Preventivo,PM02,Cerrada,9.0,8.6,277.9,267.6,1,1,16,Eléctrico,Media,
402436,2026-08,Envasado,Línea 3,EQ-0470,Paletizador,B,Preventivo,PM02,Cerrada,12.1,11.9,557.5,574.9,6,2,0,Eléctrico,Media,
402437,2026-08,Proceso,Línea 1,EQ-0310,Reactor P1,A,Mejora,PM04,Abierta,4.4,0.3,163.4,53.2,,16,0,Mecánico,Media,
402438,2026-08,Envasado,Línea 2,EQ-0462,Etiquetadora L2,B,Preventivo,PM03,Cerrada,4.3,4.7,175.9,208.7,3,0,0,Eléctrico,Media,
402439,2026-08,Envasado,Línea 2,EQ-0457,Envasadora L2,A,Preventivo,PM02,Cerrada,14.0,15.0,635.4,644.0,1,0,0,Mecánico,Media,
402440,2026-08,Proceso,Línea 1,EQ-0311,Intercambiador P1,B,Preventivo,PM02,Cerrada,12.0,12.1,514.1,514.3,0,0,0,Servicios,Media,
402441,2026-08,Servicios,N/A,EQ-0202,Caldera 2,B,Preventivo,PM03,Abierta,12.5,3.9,486.1,202.8,,0,0,Mecánico,Media,
402442,2026-08,Envasado,Línea 2,EQ-0457,Envasadora L2,A,Preventivo,PM03,Abierta,21.7,2.1,866.3,311.4,,36,16,Eléctrico,Media,Sin asignación de técnico
402443,2026-08,Envasado,Línea 2,EQ-0457,Envasadora L2,A,Preventivo,PM02,Cerrada,19.0,17.5,1180.6,1033.5,9,0,0,Mecánico,Baja,
402444,2026-08,Servicios,N/A,EQ-0201,Caldera 1,A,Preventivo,PM03,Cerrada,9.1,9.7,471.6,476.9,4,0,0,Mecánico,Baja,
402445,2026-08,Envasado,Línea 2,EQ-0457,Envasadora L2,A,Emergencia,PM05,Cerrada,5.4,9.7,513.3,595.6,7,7,0,Mecánico,Media,
402446,2026-08,Envasado,Línea 2,EQ-0462,Etiquetadora L2,B,Preventivo,PM02,Cerrada,17.3,16.0,682.1,640.2,5,0,0,Eléctrico,Media,
402447,2026-08,Servicios,N/A,EQ-0201,Caldera 1,A,Preventivo,PM02,Cerrada,16.3,16.4,537.3,530.3,9,7,17,Servicios,Media,
402448,2026-08,Servicios,N/A,EQ-0211,Chiller 1,A,Mejora,PM04,Cerrada,4.6,4.8,233.4,265.0,9,0,0,Eléctrico,Media,
402449,2026-08,Proceso,Línea 1,EQ-0311,Intercambiador P1,B,Preventivo,PM02,Cerrada,17.0,17.9,630.5,612.1,7,0,0,Instrumentación,Media,
402450,2026-08,Bodega,N/A,EQ-0601,Grúa horquilla 4,C,Correctivo,PM01,Cerrada,3.5,7.6,189.7,291.7,1,0,0,Mecánico,Media,
402451,2026-08,Envasado,Línea 2,EQ-0462,Etiquetadora L2,B,Mejora,PM04,Cerrada,25.4,28.1,729.4,819.0,2,0,0,Mecánico,Baja,
402452,2026-08,Bodega,N/A,EQ-0601,Grúa horquilla 4,C,Mejora,PM04,Cerrada,22.4,21.5,710.7,673.3,6,0,0,Mecánico,Media,
402453,2026-08,Envasado,Línea 2,EQ-0457,Envasadora L2,A,Preventivo,PM03,Cerrada,6.8,7.0,377.3,373.0,5,0,0,Eléctrico,Baja,
402454,2026-08,Bodega,N/A,EQ-0601,Grúa horquilla 4,C,Preventivo,PM02,Abierta,9.9,2.3,227.4,47.5,,16,16,Instrumentación,Media,
402455,2026-08,Envasado,Línea 1,EQ-0461,Etiquetadora L1,A,Mejora,PM04,Cerrada,25.2,25.6,1020.7,1026.1,5,0,0,Mecánico,Baja,
402456,2026-08,Servicios,N/A,EQ-0202,Caldera 2,B,Correctivo,PM01,Cerrada,7.8,16.9,282.0,382.0,11,0,1,Mecánico,Media,
402457,2026-08,Proceso,Línea 1,EQ-0311,Intercambiador P1,B,Emergencia,PM05,Cerrada,17.0,24.7,1008.4,1003.7,10,0,4,Mecánico,Baja,
402458,2026-08,Servicios,N/A,EQ-0202,Caldera 2,B,Preventivo,PM02,Cerrada,3.8,4.2,86.6,94.5,10,0,4,Mecánico,Alta,
402459,2026-08,Servicios,N/A,EQ-0201,Caldera 1,A,Preventivo,PM03,Cerrada,15.8,15.5,792.5,747.0,3,0,0,Mecánico,Media,
402460,2026-08,Proceso,Línea 2,EQ-0330,Bomba CIP,B,Preventivo,PM03,Abierta,17.0,3.8,567.0,162.8,,4,0,Servicios,Media,
402461,2026-08,Envasado,Línea 3,EQ-0470,Paletizador,B,Preventivo,PM02,Cerrada,8.7,9.6,226.6,236.9,7,0,0,Eléctrico,Baja,
402462,2026-08,Envasado,Línea 2,EQ-0457,Envasadora L2,A,Preventivo,PM02,Cerrada,3.3,3.6,138.0,155.8,10,0,0,Mecánico,Alta,
402463,2026-08,Servicios,N/A,EQ-0201,Caldera 1,A,Preventivo,PM03,Cerrada,7.0,7.1,279.1,270.1,2,0,2,Eléctrico,Baja,
402464,2026-08,Envasado,Línea 3,EQ-0471,Transportador L3,C,Preventivo,PM02,Cerrada,12.3,11.6,289.3,274.7,9,0,0,Eléctrico,Media,
402465,2026-08,Servicios,N/A,EQ-0202,Caldera 2,B,Preventivo,PM03,Cerrada,12.8,14.2,382.1,444.7,11,0,0,Eléctrico,Alta,
402466,2026-08,Proceso,Línea 1,EQ-0310,Reactor P1,A,Correctivo,PM01,Cerrada,3.3,6.2,206.7,240.1,10,0,0,Eléctrico,Media,
402467,2026-08,Proceso,Línea 2,EQ-0320,Mezclador P2,B,Correctivo,PM01,Cerrada,27.9,40.1,1224.2,1170.5,10,0,0,Instrumentación,Baja,
402468,2026-08,Envasado,Línea 1,EQ-0455,Envasadora L1,A,Preventivo,PM02,Cerrada,22.3,24.7,1164.4,1317.0,11,5,2,Servicios,Baja,
402469,2026-08,Proceso,Línea 1,EQ-0311,Intercambiador P1,B,Preventivo,PM02,Cerrada,12.9,12.3,604.6,592.3,10,0,0,Mecánico,Media,
402470,2026-08,Servicios,N/A,EQ-0201,Caldera 1,A,Preventivo,PM03,Cerrada,22.4,20.6,694.8,592.7,9,0,0,Mecánico,Alta,
402471,2026-08,Servicios,N/A,EQ-0211,Chiller 1,A,Preventivo,PM02,Cerrada,18.9,20.0,906.2,1001.6,11,0,0,Eléctrico,Baja,
402472,2026-08,Envasado,Línea 1,EQ-0455,Envasadora L1,A,Preventivo,PM02,Cerrada,17.0,18.7,723.0,854.5,3,0,0,Eléctrico,Media,
402473,2026-08,Servicios,N/A,EQ-0211,Chiller 1,A,Correctivo,PM01,Cerrada,28.7,39.0,1467.8,1348.9,3,0,4,Mecánico,Media,
402474,2026-08,Servicios,N/A,EQ-0201,Caldera 1,A,Preventivo,PM02,Cerrada,23.1,22.0,1457.0,1373.9,6,0,0,Mecánico,Alta,
402475,2026-08,Envasado,Línea 2,EQ-0457,Envasadora L2,A,Emergencia,PM05,Cerrada,17.0,23.9,1504.0,1503.8,6,0,4,Mecánico,Media,
402476,2026-08,Envasado,Línea 1,EQ-0455,Envasadora L1,A,Preventivo,PM02,Cerrada,2.8,3.1,147.2,161.1,8,0,0,Eléctrico,Media,
402477,2026-08,Servicios,N/A,EQ-0201,Caldera 1,A,Correctivo,PM01,Cerrada,30.6,43.9,1629.0,1657.1,10,0,0,Eléctrico,Alta,
402478,2026-08,Envasado,Línea 3,EQ-0471,Transportador L3,C,Preventivo,PM02,Cerrada,8.4,9.0,283.3,294.4,3,0,0,Mecánico,Alta,
402479,2026-08,Proceso,Línea 1,EQ-0331,Bomba de proceso,C,Preventivo,PM02,Cerrada,14.7,13.7,374.6,341.0,11,0,0,Mecánico,Alta,
402480,2026-08,Servicios,N/A,EQ-0210,Compresor 3,B,Correctivo,PM01,Abierta,30.1,3.7,2080.1,439.8,,28,2,Eléctrico,Baja,Sin asignación de técnico
402481,2026-08,Servicios,N/A,EQ-0210,Compresor 3,B,Preventivo,PM03,Cerrada,16.4,17.0,572.8,581.3,9,2,16,Eléctrico,Alta,
402482,2026-08,Servicios,N/A,EQ-0210,Compresor 3,B,Correctivo,PM01,Cerrada,15.0,29.6,756.4,966.4,11,0,0,Instrumentación,Media,
402483,2026-08,Proceso,Línea 1,EQ-0331,Bomba de proceso,C,Preventivo,PM02,Cerrada,3.3,3.4,88.2,90.8,5,0,0,Instrumentación,Media,
402484,2026-08,Servicios,N/A,EQ-0210,Compresor 3,B,Mejora,PM04,Cerrada,15.1,16.2,689.6,751.3,11,0,2,Eléctrico,Baja,
402485,2026-08,Servicios,N/A,EQ-0210,Compresor 3,B,Preventivo,PM03,Cerrada,2.7,2.9,81.6,94.6,9,0,0,Mecánico,Media,
402486,2026-08,Envasado,Línea 2,EQ-0462,Etiquetadora L2,B,Correctivo,PM01,Cerrada,20.8,42.7,1061.1,1382.1,5,0,0,Servicios,Media,
402487,2026-08,Envasado,Línea 1,EQ-0461,Etiquetadora L1,A,Preventivo,PM02,Cerrada,24.4,25.3,750.4,820.1,9,0,0,Instrumentación,Media,
402488,2026-08,Envasado,Línea 1,EQ-0455,Envasadora L1,A,Mejora,PM04,Cerrada,20.4,19.2,718.9,726.5,4,0,2,Mecánico,Media,
402489,2026-08,Envasado,Línea 2,EQ-0457,Envasadora L2,A,Preventivo,PM02,Cerrada,12.0,11.5,468.5,437.3,8,0,0,Eléctrico,Baja,
402490,2026-08,Servicios,N/A,EQ-0211,Chiller 1,A,Correctivo,PM01,Cerrada,15.2,18.3,1402.0,1117.5,6,0,0,Eléctrico,Baja,
402491,2026-08,Bodega,N/A,EQ-0601,Grúa horquilla 4,C,Preventivo,PM02,Cerrada,12.9,12.2,331.7,294.1,11,0,0,Eléctrico,Media,
402492,2026-08,Proceso,Línea 1,EQ-0331,Bomba de proceso,C,Preventivo,PM02,Cerrada,22.8,22.0,611.9,561.6,11,10,16,Eléctrico,Media,
402493,2026-08,Envasado,Línea 1,EQ-0461,Etiquetadora L1,A,Preventivo,PM02,Cerrada,20.5,19.2,845.7,855.7,8,8,16,Eléctrico,Media,
402494,2026-08,Servicios,N/A,EQ-0201,Caldera 1,A,Correctivo,PM01,Cerrada,11.1,21.1,694.3,872.5,4,0,0,Mecánico,Baja,
402495,2026-08,Envasado,Línea 2,EQ-0457,Envasadora L2,A,Correctivo,PM01,Cerrada,31.7,66.3,2401.1,3183.5,11,0,0,Mecánico,Alta,
402496,2026-08,Envasado,Línea 3,EQ-0471,Transportador L3,C,Preventivo,PM02,Cerrada,24.5,27.1,541.9,568.4,7,0,2,Mecánico,Alta,
402497,2026-08,Envasado,Línea 1,EQ-0461,Etiquetadora L1,A,Preventivo,PM02,Cerrada,5.6,5.4,253.6,232.0,9,0,4,Mecánico,Media,
402498,2026-08,Servicios,N/A,EQ-0201,Caldera 1,A,Preventivo,PM02,Cerrada,3.1,3.1,179.0,186.8,4,0,0,Eléctrico,Media,
402499,2026-08,Envasado,Línea 1,EQ-0455,Envasadora L1,A,Preventivo,PM03,Cerrada,13.6,14.7,858.8,940.4,10,0,0,Eléctrico,Media,
402500,2026-08,Proceso,Línea 1,EQ-0310,Reactor P1,A,Preventivo,PM02,Cerrada,7.7,7.6,417.8,416.5,11,0,0,Servicios,Media,
402501,2026-08,Proceso,Línea 2,EQ-0320,Mezclador P2,B,Preventivo,PM02,Cerrada,8.2,9.1,305.1,359.5,3,2,16,Mecánico,Alta,
402502,2026-08,Proceso,Línea 1,EQ-0311,Intercambiador P1,B,Preventivo,PM02,Cerrada,15.0,16.2,625.1,672.2,10,0,4,Instrumentación,Media,
402503,2026-08,Servicios,N/A,EQ-0211,Chiller 1,A,Preventivo,PM03,Cerrada,12.6,11.8,708.7,718.3,5,0,0,Eléctrico,Baja,
402504,2026-08,Envasado,Línea 2,EQ-0457,Envasadora L2,A,Preventivo,PM02,Cerrada,18.4,19.0,665.9,735.3,2,0,0,Eléctrico,Baja,
402505,2026-08,Proceso,Línea 2,EQ-0320,Mezclador P2,B,Preventivo,PM02,Cerrada,13.9,13.4,447.2,433.3,11,0,0,Instrumentación,Media,
402506,2026-08,Proceso,Línea 1,EQ-0310,Reactor P1,A,Preventivo,PM02,Cerrada,5.1,5.4,279.0,294.1,4,0,1,Mecánico,Media,
402507,2026-08,Envasado,Línea 2,EQ-0462,Etiquetadora L2,B,Predictivo,PM06,Cerrada,17.3,16.8,440.5,450.8,11,0,0,Eléctrico,Media,
402508,2026-08,Envasado,Línea 2,EQ-0457,Envasadora L2,A,Correctivo,PM01,Cerrada,8.5,12.4,788.2,738.3,5,0,2,Eléctrico,Baja,
402509,2026-08,Envasado,Línea 2,EQ-0457,Envasadora L2,A,Correctivo,PM01,Cerrada,10.7,21.5,586.4,797.6,2,0,0,Instrumentación,Baja,
402510,2026-08,Proceso,Línea 1,EQ-0331,Bomba de proceso,C,Preventivo,PM02,Cerrada,3.5,3.3,127.2,128.9,5,0,0,Eléctrico,Baja,
402511,2026-08,Proceso,Línea 1,EQ-0311,Intercambiador P1,B,Predictivo,PM06,Cerrada,4.3,4.1,132.3,131.1,2,0,0,Eléctrico,Media,
402512,2026-08,Envasado,Línea 1,EQ-0461,Etiquetadora L1,A,Correctivo,PM01,Cerrada,2.6,4.7,201.2,255.5,7,0,0,Instrumentación,Media,
402513,2026-08,Bodega,N/A,EQ-0601,Grúa horquilla 4,C,Mejora,PM04,Cerrada,6.4,6.4,228.7,234.7,10,0,0,Instrumentación,Baja,
402514,2026-08,Servicios,N/A,EQ-0202,Caldera 2,B,Preventivo,PM02,Cerrada,10.7,11.4,301.4,329.3,5,0,0,Instrumentación,Baja,
402515,2026-08,Servicios,N/A,EQ-0211,Chiller 1,A,Correctivo,PM01,Cerrada,22.0,25.6,1361.4,1083.7,6,0,0,Mecánico,Media,
402516,2026-08,Proceso,Línea 1,EQ-0311,Intercambiador P1,B,Mejora,PM04,Cerrada,24.5,26.3,1121.7,1115.6,10,0,0,Mecánico,Baja,
402517,2026-08,Envasado,Línea 3,EQ-0470,Paletizador,B,Predictivo,PM06,Cerrada,11.9,12.4,427.1,441.6,6,0,0,Mecánico,Media,
402518,2026-08,Envasado,Línea 3,EQ-0470,Paletizador,B,Preventivo,PM02,Cerrada,19.5,21.2,828.2,853.2,8,0,0,Mecánico,Media,
402519,2026-08,Envasado,Línea 1,EQ-0461,Etiquetadora L1,A,Preventivo,PM02,Abierta,11.4,4.9,444.2,162.7,,32,16,Mecánico,Baja,Espera de repuesto
402520,2026-08,Envasado,Línea 2,EQ-0457,Envasadora L2,A,Preventivo,PM02,Cerrada,21.3,20.0,941.7,914.6,11,0,0,Mecánico,Alta,
402521,2026-08,Servicios,N/A,EQ-0210,Compresor 3,B,Mejora,PM04,Cerrada,24.5,26.8,579.2,613.0,3,0,0,Eléctrico,Alta,
402522,2026-08,Envasado,Línea 2,EQ-0462,Etiquetadora L2,B,Correctivo,PM01,Cerrada,11.9,25.3,577.2,817.9,6,0,0,Eléctrico,Baja,
402523,2026-08,Envasado,Línea 1,EQ-0461,Etiquetadora L1,A,Predictivo,PM06,Cerrada,18.5,19.2,829.4,858.8,6,0,0,Instrumentación,Baja,
402524,2026-08,Servicios,N/A,EQ-0210,Compresor 3,B,Mejora,PM04,Cerrada,6.2,6.3,205.9,196.1,10,0,1,Servicios,Media,
402525,2026-08,Servicios,N/A,EQ-0202,Caldera 2,B,Preventivo,PM02,Cerrada,17.2,18.7,803.2,939.3,5,0,0,Eléctrico,Alta,
402526,2026-08,Proceso,Línea 2,EQ-0320,Mezclador P2,B,Preventivo,PM02,Cerrada,19.4,20.3,633.1,677.8,8,0,0,Mecánico,Baja,
402527,2026-08,Servicios,N/A,EQ-0210,Compresor 3,B,Correctivo,PM01,Cerrada,21.2,40.0,946.6,1214.0,5,0,2,Mecánico,Alta,
402528,2026-08,Envasado,Línea 2,EQ-0457,Envasadora L2,A,Preventivo,PM02,Cerrada,10.3,10.9,368.4,408.0,1,0,0,Mecánico,Baja,
402529,2026-08,Proceso,Línea 1,EQ-0310,Reactor P1,A,Preventivo,PM02,Cerrada,24.7,27.4,1163.8,1281.8,2,0,0,Eléctrico,Alta,
402530,2026-08,Envasado,Línea 1,EQ-0455,Envasadora L1,A,Preventivo,PM03,Cerrada,16.4,16.5,620.3,652.7,0,0,0,Mecánico,Media,
402531,2026-08,Envasado,Línea 3,EQ-0470,Paletizador,B,Preventivo,PM02,Cerrada,12.4,11.9,406.1,364.6,11,0,0,Mecánico,Media,
402532,2026-08,Proceso,Línea 1,EQ-0310,Reactor P1,A,Preventivo,PM03,Cerrada,15.9,16.2,961.4,1050.6,9,0,0,Eléctrico,Baja,
402533,2026-08,Servicios,N/A,EQ-0202,Caldera 2,B,Preventivo,PM02,Cerrada,25.8,25.6,610.1,566.1,7,0,0,Eléctrico,Media,
402534,2026-08,Envasado,Línea 2,EQ-0462,Etiquetadora L2,B,Preventivo,PM02,Cerrada,18.2,18.8,657.6,714.0,6,0,0,Eléctrico,Alta,
402535,2026-08,Proceso,Línea 1,EQ-0311,Intercambiador P1,B,Preventivo,PM03,Cerrada,19.9,19.3,864.2,863.6,9,0,0,Servicios,Media,
402536,2026-08,Proceso,Línea 1,EQ-0331,Bomba de proceso,C,Preventivo,PM02,Abierta,3.7,1.3,135.2,42.7,,8,2,Eléctrico,Media,
402537,2026-08,Servicios,N/A,EQ-0201,Caldera 1,A,Correctivo,PM01,Cerrada,15.3,24.0,684.9,672.6,8,0,0,Eléctrico,Alta,
402538,2026-08,Servicios,N/A,EQ-0201,Caldera 1,A,Preventivo,PM03,Cerrada,11.2,10.4,412.2,361.6,2,0,0,Servicios,Media,
402539,2026-08,Envasado,Línea 1,EQ-0461,Etiquetadora L1,A,Correctivo,PM01,Cerrada,21.3,35.0,1086.6,1269.5,11,4,0,Eléctrico,Baja,
402540,2026-08,Proceso,Línea 2,EQ-0320,Mezclador P2,B,Preventivo,PM03,Cerrada,12.9,13.2,363.4,391.3,4,0,0,Eléctrico,Baja,
402541,2026-08,Bodega,N/A,EQ-0601,Grúa horquilla 4,C,Preventivo,PM02,Cerrada,19.2,18.9,402.0,410.7,9,0,0,Servicios,Baja,
402542,2026-08,Bodega,N/A,EQ-0601,Grúa horquilla 4,C,Preventivo,PM02,Cerrada,7.6,7.1,160.9,142.1,10,0,0,Eléctrico,Media,
402543,2026-09,Servicios,N/A,EQ-0202,Caldera 2,B,Preventivo,PM03,Cerrada,8.2,7.6,216.9,208.0,6,0,0,Mecánico,Alta,
402544,2026-09,Proceso,Línea 1,EQ-0311,Intercambiador P1,B,Correctivo,PM01,Cerrada,22.5,46.9,1191.6,1533.4,1,0,0,Mecánico,Baja,
402545,2026-09,Proceso,Línea 1,EQ-0311,Intercambiador P1,B,Preventivo,PM02,Cerrada,23.7,22.7,993.6,1010.8,7,0,0,Servicios,Baja,
402546,2026-09,Bodega,N/A,EQ-0601,Grúa horquilla 4,C,Preventivo,PM02,Cerrada,24.5,27.1,626.0,681.9,6,0,2,Mecánico,Alta,
402547,2026-09,Servicios,N/A,EQ-0201,Caldera 1,A,Preventivo,PM03,Cerrada,14.5,13.9,770.6,735.5,7,0,0,Eléctrico,Alta,
402548,2026-09,Envasado,Línea 2,EQ-0457,Envasadora L2,A,Preventivo,PM02,Cerrada,7.4,7.1,406.3,394.5,1,0,0,Mecánico,Media,
402549,2026-09,Servicios,N/A,EQ-0211,Chiller 1,A,Correctivo,PM01,Cerrada,30.8,60.8,1429.9,1815.5,6,0,0,Mecánico,Alta,
402550,2026-09,Proceso,Línea 1,EQ-0331,Bomba de proceso,C,Preventivo,PM03,Cerrada,5.9,5.4,119.6,118.8,9,0,0,Eléctrico,Baja,
402551,2026-09,Envasado,Línea 2,EQ-0462,Etiquetadora L2,B,Emergencia,PM05,Cerrada,14.9,29.3,585.0,737.4,5,0,0,Eléctrico,Media,
402552,2026-09,Servicios,N/A,EQ-0202,Caldera 2,B,Preventivo,PM02,Cerrada,9.1,9.8,402.1,421.7,11,0,0,Mecánico,Baja,
402553,2026-09,Proceso,Línea 2,EQ-0320,Mezclador P2,B,Preventivo,PM02,Cerrada,19.5,18.9,792.7,738.3,9,0,0,Instrumentación,Media,
402554,2026-09,Envasado,Línea 2,EQ-0462,Etiquetadora L2,B,Preventivo,PM02,Cerrada,20.5,19.4,744.5,679.1,6,0,1,Eléctrico,Baja,
402555,2026-09,Proceso,Línea 1,EQ-0331,Bomba de proceso,C,Preventivo,PM03,Cerrada,15.9,15.7,282.8,301.0,8,2,0,Servicios,Alta,
402556,2026-09,Envasado,Línea 1,EQ-0455,Envasadora L1,A,Correctivo,PM01,Cerrada,10.3,16.9,458.7,488.0,5,0,0,Mecánico,Alta,
402557,2026-09,Envasado,Línea 1,EQ-0461,Etiquetadora L1,A,Preventivo,PM03,Abierta,5.5,0.0,187.4,20.0,,25,16,Mecánico,Media,
402558,2026-09,Servicios,N/A,EQ-0210,Compresor 3,B,Correctivo,PM01,Cerrada,27.7,40.0,1998.8,1953.7,1,9,0,Instrumentación,Media,
402559,2026-09,Envasado,Línea 1,EQ-0461,Etiquetadora L1,A,Preventivo,PM03,Cerrada,14.6,14.8,594.3,604.4,11,0,2,Eléctrico,Media,
402560,2026-09,Servicios,N/A,EQ-0211,Chiller 1,A,Preventivo,PM02,Cerrada,8.3,8.6,271.3,304.0,4,2,16,Eléctrico,Media,
402561,2026-09,Envasado,Línea 2,EQ-0462,Etiquetadora L2,B,Preventivo,PM03,Abierta,16.9,2.4,462.8,130.3,,10,0,Servicios,Media,
402562,2026-09,Envasado,Línea 3,EQ-0470,Paletizador,B,Preventivo,PM03,Cerrada,25.9,25.6,1217.4,1268.1,7,0,0,Mecánico,Baja,
402563,2026-09,Proceso,Línea 1,EQ-0331,Bomba de proceso,C,Preventivo,PM02,Cerrada,25.0,27.2,649.7,685.0,4,0,0,Mecánico,Baja,
402564,2026-09,Envasado,Línea 2,EQ-0462,Etiquetadora L2,B,Preventivo,PM02,Abierta,6.7,0.7,290.6,134.7,,30,0,Mecánico,Baja,Sin asignación de técnico
402565,2026-09,Proceso,Línea 1,EQ-0310,Reactor P1,A,Predictivo,PM06,Cerrada,26.0,26.7,1313.1,1401.1,3,0,5,Mecánico,Media,
402566,2026-09,Proceso,Línea 1,EQ-0311,Intercambiador P1,B,Correctivo,PM01,Cerrada,32.1,63.0,1775.2,2167.4,9,0,0,Servicios,Alta,
402567,2026-09,Proceso,Línea 1,EQ-0331,Bomba de proceso,C,Preventivo,PM02,Cerrada,4.9,5.3,164.2,179.1,3,0,0,Mecánico,Media,
402568,2026-09,Envasado,Línea 2,EQ-0462,Etiquetadora L2,B,Preventivo,PM02,Cerrada,9.3,8.9,444.6,433.6,8,0,0,Instrumentación,Alta,
402569,2026-09,Servicios,N/A,EQ-0202,Caldera 2,B,Preventivo,PM02,Cerrada,10.4,9.6,494.8,435.8,11,0,0,Servicios,Media,
402570,2026-09,Envasado,Línea 1,EQ-0455,Envasadora L1,A,Emergencia,PM05,Cerrada,27.3,34.4,1898.2,1488.7,1,0,0,Eléctrico,Alta,
402571,2026-09,Servicios,N/A,EQ-0210,Compresor 3,B,Preventivo,PM02,Cerrada,7.0,7.5,231.3,230.0,5,0,0,Eléctrico,Baja,
402572,2026-09,Proceso,Línea 1,EQ-0311,Intercambiador P1,B,Correctivo,PM01,Cerrada,17.5,36.1,1153.0,1555.3,9,0,6,Mecánico,Baja,
402573,2026-09,Bodega,N/A,EQ-0601,Grúa horquilla 4,C,Preventivo,PM02,Cerrada,14.1,14.5,288.5,318.2,0,0,0,Mecánico,Alta,
402574,2026-09,Envasado,Línea 1,EQ-0461,Etiquetadora L1,A,Preventivo,PM02,Cerrada,21.7,24.0,1341.0,1571.4,3,0,0,Instrumentación,Alta,
402575,2026-09,Bodega,N/A,EQ-0601,Grúa horquilla 4,C,Preventivo,PM02,Abierta,5.4,0.6,123.5,25.7,,10,16,Mecánico,Media,
402576,2026-09,Proceso,Línea 2,EQ-0320,Mezclador P2,B,Emergencia,PM05,Abierta,6.1,0.4,247.0,30.0,,1,0,Instrumentación,Baja,
402577,2026-09,Servicios,N/A,EQ-0210,Compresor 3,B,Preventivo,PM02,Abierta,18.6,7.7,701.7,219.8,,0,0,Eléctrico,Media,
402578,2026-09,Servicios,N/A,EQ-0211,Chiller 1,A,Preventivo,PM03,Cerrada,20.4,21.6,668.9,682.2,0,0,0,Servicios,Media,
402579,2026-09,Envasado,Línea 1,EQ-0455,Envasadora L1,A,Emergencia,PM05,Cerrada,22.9,48.7,1791.1,2404.8,6,0,0,Instrumentación,Baja,
402580,2026-09,Proceso,Línea 2,EQ-0330,Bomba CIP,B,Preventivo,PM02,Cerrada,20.7,19.2,773.3,708.7,9,0,0,Instrumentación,Media,
402581,2026-09,Proceso,Línea 1,EQ-0310,Reactor P1,A,Correctivo,PM01,Cerrada,20.3,27.3,1071.5,943.6,10,0,0,Mecánico,Media,
402582,2026-09,Proceso,Línea 1,EQ-0331,Bomba de proceso,C,Preventivo,PM02,Cerrada,11.9,11.3,270.4,275.4,2,0,0,Eléctrico,Alta,
402583,2026-09,Envasado,Línea 2,EQ-0457,Envasadora L2,A,Correctivo,PM01,Cerrada,3.8,8.2,262.0,397.8,7,0,0,Mecánico,Alta,
402584,2026-09,Servicios,N/A,EQ-0210,Compresor 3,B,Preventivo,PM03,Cerrada,17.9,18.6,857.5,948.7,3,0,4,Mecánico,Media,
402585,2026-09,Proceso,Línea 1,EQ-0310,Reactor P1,A,Correctivo,PM01,Cerrada,15.2,18.7,915.8,804.5,11,0,0,Instrumentación,Media,
402586,2026-09,Bodega,N/A,EQ-0601,Grúa horquilla 4,C,Preventivo,PM02,Cerrada,21.9,20.2,488.9,434.0,9,0,0,Eléctrico,Alta,
402587,2026-09,Servicios,N/A,EQ-0201,Caldera 1,A,Preventivo,PM02,Cerrada,11.1,11.6,571.1,592.7,4,0,0,Servicios,Alta,
402588,2026-09,Servicios,N/A,EQ-0211,Chiller 1,A,Correctivo,PM01,Cerrada,26.0,38.9,2355.2,2193.8,7,0,4,Eléctrico,Media,
402589,2026-09,Envasado,Línea 2,EQ-0462,Etiquetadora L2,B,Preventivo,PM03,Cerrada,25.0,24.8,880.6,914.3,5,0,0,Instrumentación,Media,
402590,2026-09,Envasado,Línea 1,EQ-0455,Envasadora L1,A,Preventivo,PM03,Cerrada,2.2,2.3,92.5,100.5,0,0,0,Mecánico,Baja,
402591,2026-09,Proceso,Línea 2,EQ-0330,Bomba CIP,B,Preventivo,PM02,Cerrada,21.1,20.4,966.8,967.8,6,0,0,Mecánico,Media,
402592,2026-09,Proceso,Línea 1,EQ-0311,Intercambiador P1,B,Correctivo,PM01,Cerrada,28.5,33.8,1277.9,957.2,2,0,0,Eléctrico,Baja,
402593,2026-09,Envasado,Línea 2,EQ-0462,Etiquetadora L2,B,Preventivo,PM03,Cerrada,9.7,9.8,348.7,362.8,1,0,0,Instrumentación,Media,
402594,2026-09,Envasado,Línea 3,EQ-0471,Transportador L3,C,Correctivo,PM01,Cerrada,11.0,17.7,526.7,610.0,7,0,0,Eléctrico,Baja,
402595,2026-09,Proceso,Línea 1,EQ-0310,Reactor P1,A,Mejora,PM04,Cerrada,8.4,8.2,473.6,474.3,8,5,0,Mecánico,Baja,
402596,2026-09,Envasado,Línea 2,EQ-0457,Envasadora L2,A,Preventivo,PM02,Cerrada,17.8,19.2,698.2,697.0,8,0,0,Instrumentación,Alta,
402597,2026-09,Proceso,Línea 1,EQ-0331,Bomba de proceso,C,Mejora,PM04,Cerrada,3.0,3.1,55.0,57.5,7,0,0,Servicios,Alta,
402598,2026-09,Envasado,Línea 2,EQ-0457,Envasadora L2,A,Preventivo,PM02,Cerrada,23.4,23.0,822.3,846.1,3,0,0,Mecánico,Baja,
402599,2026-09,Envasado,Línea 3,EQ-0471,Transportador L3,C,Emergencia,PM05,Cerrada,31.7,66.9,1521.2,1989.8,1,0,0,Eléctrico,Alta,
402600,2026-09,Proceso,Línea 2,EQ-0320,Mezclador P2,B,Correctivo,PM01,Cerrada,26.7,57.2,973.4,1421.8,2,0,0,Servicios,Media,
402601,2026-09,Envasado,Línea 3,EQ-0470,Paletizador,B,Preventivo,PM03,Cerrada,4.0,3.9,160.9,149.3,7,0,0,Mecánico,Baja,
402602,2026-09,Proceso,Línea 1,EQ-0310,Reactor P1,A,Preventivo,PM02,Cerrada,3.7,4.1,165.9,177.9,1,0,0,Eléctrico,Alta,
402603,2026-09,Servicios,N/A,EQ-0202,Caldera 2,B,Preventivo,PM02,Cerrada,23.9,26.1,883.3,910.4,2,0,0,Eléctrico,Alta,
402604,2026-09,Envasado,Línea 2,EQ-0462,Etiquetadora L2,B,Preventivo,PM02,Cerrada,13.9,13.0,432.7,431.3,0,0,0,Mecánico,Alta,
402605,2026-09,Envasado,Línea 3,EQ-0470,Paletizador,B,Preventivo,PM03,Cerrada,7.5,7.6,274.5,297.5,11,0,0,Instrumentación,Media,
402606,2026-09,Envasado,Línea 1,EQ-0461,Etiquetadora L1,A,Preventivo,PM02,Cerrada,2.9,2.7,97.6,94.9,9,0,2,Servicios,Alta,
402607,2026-09,Envasado,Línea 2,EQ-0457,Envasadora L2,A,Correctivo,PM01,Cerrada,6.3,7.9,380.6,338.6,1,0,0,Eléctrico,Baja,
402608,2026-09,Proceso,Línea 1,EQ-0310,Reactor P1,A,Emergencia,PM05,Cerrada,14.1,21.2,1189.2,1162.7,8,0,0,Mecánico,Media,
402609,2026-09,Envasado,Línea 1,EQ-0461,Etiquetadora L1,A,Preventivo,PM02,Cerrada,24.2,23.1,841.5,865.8,10,0,0,Mecánico,Baja,
402610,2026-09,Proceso,Línea 2,EQ-0320,Mezclador P2,B,Preventivo,PM02,Cerrada,22.1,21.6,1028.8,997.3,7,0,0,Mecánico,Alta,
402611,2026-09,Envasado,Línea 3,EQ-0470,Paletizador,B,Preventivo,PM02,Cerrada,23.4,24.5,1035.9,1104.2,11,0,4,Instrumentación,Baja,
402612,2026-09,Servicios,N/A,EQ-0211,Chiller 1,A,Preventivo,PM02,Cerrada,9.4,10.2,427.4,481.6,11,0,0,Mecánico,Baja,
402613,2026-09,Servicios,N/A,EQ-0210,Compresor 3,B,Preventivo,PM02,Cerrada,3.7,3.9,161.7,168.8,9,2,0,Eléctrico,Baja,
402614,2026-09,Envasado,Línea 2,EQ-0457,Envasadora L2,A,Correctivo,PM01,Cerrada,24.0,41.3,1561.8,1702.4,1,0,0,Mecánico,Alta,
402615,2026-09,Envasado,Línea 2,EQ-0457,Envasadora L2,A,Correctivo,PM01,Cerrada,2.8,4.3,142.9,141.7,3,0,0,Instrumentación,Alta,
402616,2026-09,Servicios,N/A,EQ-0202,Caldera 2,B,Preventivo,PM02,Cerrada,10.5,10.7,473.3,458.8,4,0,1,Instrumentación,Media,
402617,2026-09,Envasado,Línea 1,EQ-0461,Etiquetadora L1,A,Preventivo,PM02,Cerrada,22.6,23.3,1029.0,1034.3,10,0,0,Eléctrico,Alta,
402618,2026-09,Envasado,Línea 2,EQ-0457,Envasadora L2,A,Preventivo,PM03,Cerrada,12.5,13.4,436.5,452.5,2,0,0,Mecánico,Alta,
402619,2026-09,Envasado,Línea 2,EQ-0457,Envasadora L2,A,Correctivo,PM01,Cerrada,6.1,9.0,499.7,521.0,3,0,0,Eléctrico,Media,
402620,2026-09,Proceso,Línea 1,EQ-0331,Bomba de proceso,C,Correctivo,PM01,Cerrada,30.7,43.7,961.2,942.4,8,0,0,Instrumentación,Baja,
402621,2026-09,Servicios,N/A,EQ-0211,Chiller 1,A,Mejora,PM04,Cerrada,19.2,18.3,635.2,601.9,7,0,0,Eléctrico,Media,
402622,2026-09,Proceso,Línea 1,EQ-0331,Bomba de proceso,C,Preventivo,PM02,Cerrada,17.0,16.1,530.1,465.9,2,0,0,Eléctrico,Media,
402623,2026-09,Envasado,Línea 3,EQ-0471,Transportador L3,C,Correctivo,PM01,Abierta,23.3,8.8,859.4,56.9,,5,0,Eléctrico,Alta,
402624,2026-09,Envasado,Línea 3,EQ-0470,Paletizador,B,Emergencia,PM05,Cerrada,13.6,23.9,739.3,820.9,8,0,0,Mecánico,Baja,
402625,2026-09,Bodega,N/A,EQ-0601,Grúa horquilla 4,C,Preventivo,PM03,Abierta,20.7,1.1,565.5,106.0,,14,16,Mecánico,Baja,
402626,2026-09,Servicios,N/A,EQ-0201,Caldera 1,A,Correctivo,PM01,Cerrada,14.0,19.0,943.1,899.3,10,0,0,Eléctrico,Baja,
402627,2026-09,Servicios,N/A,EQ-0201,Caldera 1,A,Preventivo,PM02,Cerrada,19.6,18.0,887.0,878.0,5,5,16,Eléctrico,Media,
402628,2026-09,Envasado,Línea 3,EQ-0471,Transportador L3,C,Preventivo,PM02,Cerrada,5.9,6.5,143.7,150.2,7,0,4,Servicios,Baja,
402629,2026-09,Servicios,N/A,EQ-0202,Caldera 2,B,Preventivo,PM03,Cerrada,2.8,3.0,131.5,142.3,8,0,0,Servicios,Alta,
402630,2026-09,Proceso,Línea 1,EQ-0310,Reactor P1,A,Correctivo,PM01,Cerrada,26.1,54.6,1648.6,2264.4,9,0,0,Eléctrico,Baja,
402631,2026-09,Proceso,Línea 2,EQ-0330,Bomba CIP,B,Correctivo,PM01,Cerrada,4.9,8.3,297.9,318.9,2,7,0,Eléctrico,Media,
402632,2026-09,Proceso,Línea 1,EQ-0311,Intercambiador P1,B,Mejora,PM04,Abierta,20.8,6.2,693.3,210.2,,22,0,Mecánico,Baja,
402633,2026-09,Servicios,N/A,EQ-0202,Caldera 2,B,Mejora,PM04,Cerrada,20.0,21.4,952.8,1106.4,10,0,0,Mecánico,Baja,
402634,2026-09,Servicios,N/A,EQ-0202,Caldera 2,B,Preventivo,PM02,Cerrada,2.6,2.8,100.5,104.5,1,0,0,Instrumentación,Alta,
402635,2026-09,Envasado,Línea 2,EQ-0457,Envasadora L2,A,Preventivo,PM02,Cerrada,18.4,18.0,1071.0,1115.0,1,0,0,Mecánico,Media,
402636,2026-09,Proceso,Línea 2,EQ-0320,Mezclador P2,B,Predictivo,PM06,Cerrada,4.1,3.9,143.0,148.0,4,0,0,Eléctrico,Media,
402637,2026-09,Envasado,Línea 1,EQ-0461,Etiquetadora L1,A,Preventivo,PM03,Cerrada,12.2,13.4,514.3,557.6,1,0,0,Eléctrico,Media,
402638,2026-09,Envasado,Línea 1,EQ-0461,Etiquetadora L1,A,Correctivo,PM01,Cerrada,4.6,7.7,361.2,435.2,3,0,0,Eléctrico,Media,
402639,2026-09,Envasado,Línea 2,EQ-0457,Envasadora L2,A,Correctivo,PM01,Cerrada,31.9,52.0,1487.8,1679.6,4,6,0,Eléctrico,Media,
402640,2026-09,Proceso,Línea 1,EQ-0311,Intercambiador P1,B,Correctivo,PM01,Cerrada,29.8,64.0,1788.5,2390.3,7,0,0,Mecánico,Baja,
402641,2026-09,Envasado,Línea 2,EQ-0457,Envasadora L2,A,Predictivo,PM06,Cerrada,8.1,8.2,397.0,378.4,8,0,0,Eléctrico,Media,
402642,2026-09,Servicios,N/A,EQ-0201,Caldera 1,A,Mejora,PM04,Cerrada,2.1,2.2,89.2,92.5,3,0,0,Mecánico,Alta,
402643,2026-09,Bodega,N/A,EQ-0601,Grúa horquilla 4,C,Mejora,PM04,Cerrada,4.8,5.0,87.8,84.5,10,0,0,Mecánico,Media,
402644,2026-09,Envasado,Línea 3,EQ-0471,Transportador L3,C,Preventivo,PM03,Cerrada,16.1,17.2,515.8,593.5,8,0,0,Mecánico,Media,
402645,2026-09,Servicios,N/A,EQ-0202,Caldera 2,B,Preventivo,PM02,Cerrada,20.6,21.0,970.5,1061.0,1,0,0,Instrumentación,Baja,
402646,2026-09,Servicios,N/A,EQ-0202,Caldera 2,B,Preventivo,PM02,Abierta,3.5,0.6,142.3,27.6,,1,0,Eléctrico,Media,
402647,2026-09,Envasado,Línea 1,EQ-0455,Envasadora L1,A,Preventivo,PM03,Cerrada,16.2,16.8,509.0,499.8,3,0,0,Instrumentación,Baja,
402648,2026-09,Envasado,Línea 2,EQ-0457,Envasadora L2,A,Preventivo,PM02,Cerrada,15.0,14.8,789.9,777.8,5,0,0,Eléctrico,Media,
402649,2026-09,Servicios,N/A,EQ-0201,Caldera 1,A,Predictivo,PM06,Cerrada,8.9,9.5,427.3,464.5,8,0,0,Servicios,Media,
402650,2026-09,Proceso,Línea 1,EQ-0311,Intercambiador P1,B,Preventivo,PM02,Cerrada,23.8,23.1,1103.0,1138.6,10,0,4,Servicios,Media,
402651,2026-09,Servicios,N/A,EQ-0211,Chiller 1,A,Emergencia,PM05,Cerrada,10.4,21.2,686.6,903.2,6,0,0,Instrumentación,Baja,
402652,2026-09,Servicios,N/A,EQ-0211,Chiller 1,A,Preventivo,PM03,Cerrada,16.1,17.3,917.6,984.1,8,0,0,Mecánico,Media,
402653,2026-09,Envasado,Línea 1,EQ-0461,Etiquetadora L1,A,Preventivo,PM03,Cerrada,22.5,25.0,1221.8,1302.3,5,0,0,Mecánico,Baja,
402654,2026-09,Envasado,Línea 1,EQ-0461,Etiquetadora L1,A,Preventivo,PM03,Abierta,20.0,2.6,711.4,203.0,,0,0,Servicios,Baja,
402655,2026-09,Servicios,N/A,EQ-0210,Compresor 3,B,Preventivo,PM03,Cerrada,24.2,26.4,767.8,800.8,10,0,0,Mecánico,Alta,
402656,2026-09,Proceso,Línea 1,EQ-0311,Intercambiador P1,B,Mejora,PM04,Cerrada,6.3,5.9,259.2,236.2,5,0,0,Eléctrico,Baja,
402657,2026-09,Envasado,Línea 2,EQ-0462,Etiquetadora L2,B,Preventivo,PM03,Cerrada,8.3,8.9,213.4,224.9,2,0,2,Mecánico,Baja,
402658,2026-09,Proceso,Línea 2,EQ-0320,Mezclador P2,B,Preventivo,PM02,Cerrada,23.0,23.4,922.2,873.7,7,0,0,Servicios,Media,
402659,2026-09,Servicios,N/A,EQ-0201,Caldera 1,A,Preventivo,PM02,Cerrada,6.5,6.9,402.2,414.1,2,0,0,Instrumentación,Baja,
402660,2026-09,Bodega,N/A,EQ-0601,Grúa horquilla 4,C,Mejora,PM04,Cerrada,12.3,12.4,342.4,355.9,3,0,0,Mecánico,Alta,
402661,2026-09,Proceso,Línea 1,EQ-0310,Reactor P1,A,Preventivo,PM02,Cerrada,8.9,9.4,321.8,348.6,7,3,18,Servicios,Baja,
402662,2026-09,Proceso,Línea 1,EQ-0310,Reactor P1,A,Predictivo,PM06,Cerrada,7.9,7.7,296.1,283.1,5,0,0,Instrumentación,Baja,
402663,2026-09,Envasado,Línea 2,EQ-0462,Etiquetadora L2,B,Preventivo,PM02,Cerrada,4.2,4.4,205.3,228.4,7,0,2,Instrumentación,Alta,
402664,2026-10,Proceso,Línea 2,EQ-0320,Mezclador P2,B,Preventivo,PM02,Cerrada,21.7,22.5,1011.6,1008.0,9,0,0,Instrumentación,Media,
402665,2026-10,Servicios,N/A,EQ-0211,Chiller 1,A,Preventivo,PM02,Cerrada,21.6,22.3,885.7,859.5,4,1,0,Mecánico,Alta,
402666,2026-10,Proceso,Línea 2,EQ-0330,Bomba CIP,B,Correctivo,PM01,Cerrada,32.1,39.1,1761.2,1471.9,8,0,0,Eléctrico,Alta,
402667,2026-10,Envasado,Línea 3,EQ-0470,Paletizador,B,Preventivo,PM03,Cerrada,14.2,14.5,527.0,501.7,2,0,0,Eléctrico,Media,
402668,2026-10,Proceso,Línea 1,EQ-0311,Intercambiador P1,B,Preventivo,PM02,Abierta,6.1,2.4,226.7,62.6,,3,16,Mecánico,Baja,
402669,2026-10,Envasado,Línea 3,EQ-0471,Transportador L3,C,Preventivo,PM03,Cerrada,3.7,3.6,122.0,124.4,9,0,0,Instrumentación,Media,
402670,2026-10,Proceso,Línea 1,EQ-0311,Intercambiador P1,B,Preventivo,PM02,Cerrada,25.4,26.9,778.6,847.5,8,0,0,Instrumentación,Baja,
402671,2026-10,Proceso,Línea 1,EQ-0310,Reactor P1,A,Preventivo,PM02,Cerrada,20.2,22.0,1132.9,1211.5,1,0,0,Mecánico,Media,
402672,2026-10,Envasado,Línea 3,EQ-0470,Paletizador,B,Preventivo,PM02,Cerrada,22.1,20.7,970.4,881.9,4,0,0,Servicios,Baja,
402673,2026-10,Servicios,N/A,EQ-0210,Compresor 3,B,Preventivo,PM02,Cerrada,6.6,6.3,213.2,196.1,6,4,16,Eléctrico,Media,
402674,2026-10,Bodega,N/A,EQ-0601,Grúa horquilla 4,C,Preventivo,PM03,Cerrada,23.5,25.9,491.8,554.5,10,9,18,Instrumentación,Baja,
402675,2026-10,Servicios,N/A,EQ-0211,Chiller 1,A,Preventivo,PM03,Cerrada,21.5,23.8,681.7,762.3,7,0,0,Eléctrico,Baja,
402676,2026-10,Proceso,Línea 2,EQ-0320,Mezclador P2,B,Correctivo,PM01,Cerrada,3.2,6.0,207.5,237.1,8,0,0,Instrumentación,Media,
402677,2026-10,Envasado,Línea 1,EQ-0455,Envasadora L1,A,Preventivo,PM02,Cerrada,23.0,24.0,1147.1,1175.0,8,0,0,Eléctrico,Media,
402678,2026-10,Envasado,Línea 2,EQ-0462,Etiquetadora L2,B,Preventivo,PM02,Cerrada,23.4,24.8,942.1,1069.1,8,0,0,Mecánico,Alta,
402679,2026-10,Proceso,Línea 1,EQ-0331,Bomba de proceso,C,Preventivo,PM03,Cerrada,10.6,10.5,322.1,304.2,6,0,0,Instrumentación,Media,
402680,2026-10,Envasado,Línea 3,EQ-0470,Paletizador,B,Correctivo,PM01,Cerrada,7.1,8.2,246.6,193.7,10,0,0,Instrumentación,Alta,
402681,2026-10,Proceso,Línea 1,EQ-0331,Bomba de proceso,C,Preventivo,PM03,Cerrada,7.8,7.4,224.9,229.0,3,0,0,Mecánico,Baja,
402682,2026-10,Proceso,Línea 1,EQ-0311,Intercambiador P1,B,Preventivo,PM02,Cerrada,21.4,20.5,1046.9,957.1,2,0,0,Mecánico,Baja,
402683,2026-10,Servicios,N/A,EQ-0211,Chiller 1,A,Correctivo,PM01,Cerrada,24.9,46.3,2016.3,2567.5,3,0,0,Mecánico,Media,
402684,2026-10,Envasado,Línea 2,EQ-0457,Envasadora L2,A,Preventivo,PM02,Abierta,5.7,2.5,215.7,21.2,,9,16,Servicios,Alta,
402685,2026-10,Envasado,Línea 3,EQ-0471,Transportador L3,C,Preventivo,PM02,Abierta,23.2,8.2,807.4,237.0,,7,0,Servicios,Baja,
402686,2026-10,Servicios,N/A,EQ-0210,Compresor 3,B,Predictivo,PM06,Cerrada,3.1,3.4,100.7,113.4,9,0,0,Mecánico,Media,
402687,2026-10,Proceso,Línea 2,EQ-0320,Mezclador P2,B,Correctivo,PM01,Cerrada,7.8,11.5,502.2,463.4,9,0,0,Mecánico,Baja,
402688,2026-10,Proceso,Línea 1,EQ-0311,Intercambiador P1,B,Correctivo,PM01,Cerrada,10.1,20.5,728.9,957.1,5,0,0,Mecánico,Media,
402689,2026-10,Servicios,N/A,EQ-0202,Caldera 2,B,Preventivo,PM02,Cerrada,4.3,4.6,162.4,185.0,8,0,0,Instrumentación,Baja,
402690,2026-10,Proceso,Línea 1,EQ-0311,Intercambiador P1,B,Preventivo,PM03,Cerrada,13.6,15.0,403.1,448.3,1,0,2,Instrumentación,Alta,
402691,2026-10,Servicios,N/A,EQ-0211,Chiller 1,A,Preventivo,PM03,Cerrada,14.3,15.6,778.9,869.6,1,0,0,Mecánico,Media,
402692,2026-10,Proceso,Línea 2,EQ-0330,Bomba CIP,B,Preventivo,PM03,Cerrada,10.0,9.9,253.3,269.4,0,0,0,Eléctrico,Alta,
402693,2026-10,Proceso,Línea 2,EQ-0330,Bomba CIP,B,Preventivo,PM02,Cerrada,19.3,20.0,562.0,634.0,10,0,0,Mecánico,Media,
402694,2026-10,Envasado,Línea 2,EQ-0457,Envasadora L2,A,Predictivo,PM06,Cerrada,5.0,4.7,227.5,226.2,9,0,0,Mecánico,Alta,
402695,2026-10,Proceso,Línea 1,EQ-0331,Bomba de proceso,C,Correctivo,PM01,Cerrada,25.1,43.1,1006.0,1065.5,9,0,0,Eléctrico,Alta,
402696,2026-10,Proceso,Línea 1,EQ-0310,Reactor P1,A,Preventivo,PM02,Cerrada,11.4,10.9,345.4,306.2,10,0,0,Mecánico,Baja,
402697,2026-10,Envasado,Línea 1,EQ-0455,Envasadora L1,A,Preventivo,PM02,Cerrada,4.5,4.6,184.6,177.1,1,0,0,Servicios,Media,
402698,2026-10,Servicios,N/A,EQ-0202,Caldera 2,B,Preventivo,PM02,Cerrada,24.6,22.7,919.2,919.0,10,0,0,Mecánico,Media,
402699,2026-10,Proceso,Línea 2,EQ-0320,Mezclador P2,B,Preventivo,PM03,Cerrada,3.6,3.5,177.3,183.3,3,0,4,Mecánico,Baja,
402700,2026-10,Envasado,Línea 3,EQ-0470,Paletizador,B,Correctivo,PM01,Cerrada,4.1,5.7,283.7,255.0,7,0,0,Servicios,Media,
402701,2026-10,Proceso,Línea 2,EQ-0320,Mezclador P2,B,Predictivo,PM06,Cerrada,7.1,6.6,221.9,197.1,6,2,0,Servicios,Baja,
402702,2026-10,Envasado,Línea 1,EQ-0455,Envasadora L1,A,Correctivo,PM01,Cerrada,30.6,66.0,1618.7,2216.0,9,0,0,Mecánico,Alta,
402703,2026-10,Envasado,Línea 2,EQ-0457,Envasadora L2,A,Predictivo,PM06,Cerrada,18.8,19.6,993.4,1071.9,6,0,0,Eléctrico,Baja,
402704,2026-10,Envasado,Línea 3,EQ-0471,Transportador L3,C,Mejora,PM04,Cerrada,13.6,14.3,440.3,502.6,7,0,0,Mecánico,Media,
402705,2026-10,Envasado,Línea 2,EQ-0462,Etiquetadora L2,B,Preventivo,PM03,Cerrada,24.5,24.4,923.5,922.4,10,0,0,Mecánico,Alta,
402706,2026-10,Servicios,N/A,EQ-0201,Caldera 1,A,Preventivo,PM02,Cerrada,9.0,9.6,412.9,451.6,5,0,0,Servicios,Alta,
402707,2026-10,Envasado,Línea 2,EQ-0462,Etiquetadora L2,B,Correctivo,PM01,Cerrada,13.2,20.8,831.3,844.8,11,0,2,Instrumentación,Media,
402708,2026-10,Proceso,Línea 2,EQ-0330,Bomba CIP,B,Correctivo,PM01,Cerrada,8.2,12.8,515.5,543.4,6,5,0,Mecánico,Baja,
402709,2026-10,Servicios,N/A,EQ-0211,Chiller 1,A,Emergencia,PM05,Cerrada,15.1,31.3,1061.0,1462.6,9,0,0,Mecánico,Baja,
402710,2026-10,Envasado,Línea 2,EQ-0462,Etiquetadora L2,B,Preventivo,PM03,Cerrada,6.2,6.6,143.1,146.6,3,0,2,Eléctrico,Media,
402711,2026-10,Envasado,Línea 2,EQ-0457,Envasadora L2,A,Preventivo,PM02,Cerrada,11.0,11.3,551.3,552.1,10,0,0,Mecánico,Baja,
402712,2026-10,Servicios,N/A,EQ-0202,Caldera 2,B,Preventivo,PM02,Cerrada,22.6,23.6,538.2,583.9,8,0,0,Servicios,Media,
402713,2026-10,Proceso,Línea 2,EQ-0330,Bomba CIP,B,Correctivo,PM01,Cerrada,25.9,55.9,1015.0,1362.3,1,0,0,Mecánico,Media,
402714,2026-10,Servicios,N/A,EQ-0201,Caldera 1,A,Emergencia,PM05,Cerrada,13.5,25.4,891.3,1193.0,6,0,0,Servicios,Media,
402715,2026-10,Proceso,Línea 2,EQ-0320,Mezclador P2,B,Correctivo,PM01,Abierta,19.1,3.4,1261.3,443.5,,0,0,Eléctrico,Baja,
402716,2026-10,Envasado,Línea 2,EQ-0462,Etiquetadora L2,B,Preventivo,PM02,Cerrada,9.2,10.2,415.5,443.7,6,0,0,Servicios,Baja,
402717,2026-10,Proceso,Línea 2,EQ-0320,Mezclador P2,B,Preventivo,PM02,Cerrada,17.4,18.5,733.5,725.1,9,0,0,Mecánico,Baja,
402718,2026-10,Envasado,Línea 1,EQ-0455,Envasadora L1,A,Correctivo,PM01,Cerrada,19.8,29.4,1359.5,1376.7,7,0,0,Mecánico,Media,
402719,2026-10,Envasado,Línea 2,EQ-0462,Etiquetadora L2,B,Preventivo,PM02,Cerrada,23.3,25.4,548.9,627.3,7,0,0,Instrumentación,Baja,
402720,2026-10,Servicios,N/A,EQ-0201,Caldera 1,A,Emergencia,PM05,Cerrada,24.9,38.8,1579.2,1620.0,11,0,0,Mecánico,Alta,
402721,2026-10,Envasado,Línea 2,EQ-0457,Envasadora L2,A,Correctivo,PM01,Cerrada,27.1,56.5,2321.3,3348.2,8,0,0,Eléctrico,Alta,
402722,2026-10,Envasado,Línea 1,EQ-0455,Envasadora L1,A,Preventivo,PM03,Cerrada,11.7,10.9,354.5,351.0,10,0,0,Instrumentación,Media,
402723,2026-10,Proceso,Línea 1,EQ-0331,Bomba de proceso,C,Preventivo,PM02,Cerrada,2.6,2.6,77.0,72.3,7,0,0,Instrumentación,Media,
402724,2026-10,Servicios,N/A,EQ-0211,Chiller 1,A,Preventivo,PM02,Cerrada,15.7,15.6,710.1,683.1,8,0,0,Instrumentación,Media,
402725,2026-10,Envasado,Línea 3,EQ-0471,Transportador L3,C,Preventivo,PM02,Cerrada,8.8,8.6,149.8,146.0,9,0,0,Servicios,Alta,
402726,2026-10,Envasado,Línea 2,EQ-0462,Etiquetadora L2,B,Preventivo,PM02,Cerrada,5.2,5.4,173.4,179.7,10,0,0,Eléctrico,Media,
402727,2026-10,Proceso,Línea 1,EQ-0331,Bomba de proceso,C,Preventivo,PM02,Cerrada,9.6,10.7,201.1,229.8,10,0,1,Mecánico,Media,
402728,2026-10,Bodega,N/A,EQ-0601,Grúa horquilla 4,C,Preventivo,PM02,Cerrada,9.2,9.3,166.2,177.6,1,0,0,Eléctrico,Media,
402729,2026-10,Envasado,Línea 1,EQ-0455,Envasadora L1,A,Predictivo,PM06,Cerrada,14.8,14.0,613.1,556.0,5,0,2,Eléctrico,Baja,
402730,2026-10,Envasado,Línea 3,EQ-0470,Paletizador,B,Correctivo,PM01,Abierta,14.0,1.0,700.9,146.2,,0,0,Mecánico,Alta,
402731,2026-10,Servicios,N/A,EQ-0202,Caldera 2,B,Preventivo,PM03,Cerrada,25.3,24.6,973.4,932.1,9,0,0,Mecánico,Alta,
402732,2026-10,Proceso,Línea 1,EQ-0331,Bomba de proceso,C,Mejora,PM04,Cerrada,10.8,11.3,298.8,318.4,2,0,0,Eléctrico,Alta,
402733,2026-10,Servicios,N/A,EQ-0210,Compresor 3,B,Preventivo,PM02,Cerrada,2.2,2.2,89.0,82.7,8,0,0,Mecánico,Baja,
402734,2026-10,Envasado,Línea 2,EQ-0457,Envasadora L2,A,Preventivo,PM03,Cerrada,4.3,4.0,199.5,187.1,10,11,16,Eléctrico,Media,
402735,2026-10,Servicios,N/A,EQ-0202,Caldera 2,B,Preventivo,PM03,Cerrada,24.9,25.6,656.5,715.9,4,0,0,Eléctrico,Baja,
402736,2026-10,Proceso,Línea 2,EQ-0320,Mezclador P2,B,Preventivo,PM03,Cerrada,14.7,16.1,578.0,654.9,10,0,0,Eléctrico,Baja,
402737,2026-10,Servicios,N/A,EQ-0210,Compresor 3,B,Correctivo,PM01,Cerrada,32.3,57.7,1534.4,1775.0,5,0,0,Mecánico,Media,
402738,2026-10,Bodega,N/A,EQ-0601,Grúa horquilla 4,C,Preventivo,PM02,Cerrada,24.2,23.2,871.1,851.1,8,0,0,Eléctrico,Media,
402739,2026-10,Proceso,Línea 1,EQ-0310,Reactor P1,A,Preventivo,PM02,Cerrada,20.1,19.9,1114.9,1169.5,2,0,0,Eléctrico,Media,
402740,2026-10,Proceso,Línea 1,EQ-0331,Bomba de proceso,C,Emergencia,PM05,Cerrada,3.8,5.2,164.4,144.4,9,0,0,Servicios,Alta,
402741,2026-10,Proceso,Línea 2,EQ-0330,Bomba CIP,B,Preventivo,PM02,Cerrada,16.2,17.1,502.9,519.2,2,0,0,Instrumentación,Media,
402742,2026-10,Envasado,Línea 1,EQ-0461,Etiquetadora L1,A,Correctivo,PM01,Cerrada,16.2,21.8,1550.5,1299.8,2,0,0,Mecánico,Baja,
402743,2026-10,Envasado,Línea 2,EQ-0462,Etiquetadora L2,B,Preventivo,PM03,Cerrada,4.9,4.7,153.4,146.6,2,0,0,Mecánico,Media,
402744,2026-10,Proceso,Línea 1,EQ-0311,Intercambiador P1,B,Preventivo,PM02,Cerrada,13.5,13.9,464.8,500.3,1,0,0,Mecánico,Alta,
402745,2026-10,Proceso,Línea 1,EQ-0310,Reactor P1,A,Correctivo,PM01,Cerrada,22.7,43.5,1162.2,1507.5,7,0,0,Eléctrico,Alta,
402746,2026-10,Envasado,Línea 1,EQ-0461,Etiquetadora L1,A,Correctivo,PM01,Cerrada,27.0,39.4,2122.9,2168.3,1,0,4,Servicios,Baja,
402747,2026-10,Envasado,Línea 1,EQ-0455,Envasadora L1,A,Preventivo,PM03,Cerrada,3.2,3.3,96.5,98.2,10,0,0,Instrumentación,Baja,
402748,2026-10,Servicios,N/A,EQ-0202,Caldera 2,B,Mejora,PM04,Cerrada,21.5,21.1,840.9,856.6,9,0,0,Eléctrico,Alta,
402749,2026-10,Servicios,N/A,EQ-0202,Caldera 2,B,Preventivo,PM02,Cerrada,21.2,20.2,921.8,950.6,3,0,0,Mecánico,Alta,
402750,2026-10,Proceso,Línea 2,EQ-0330,Bomba CIP,B,Correctivo,PM01,Cerrada,18.6,32.6,856.8,1044.0,6,11,1,Mecánico,Media,
402751,2026-10,Envasado,Línea 2,EQ-0457,Envasadora L2,A,Emergencia,PM05,Cerrada,12.4,21.9,789.6,877.4,6,0,0,Instrumentación,Media,
402752,2026-10,Proceso,Línea 2,EQ-0320,Mezclador P2,B,Emergencia,PM05,Abierta,20.3,6.0,1222.8,149.4,,0,8,Eléctrico,Baja,
402753,2026-10,Servicios,N/A,EQ-0210,Compresor 3,B,Preventivo,PM02,Cerrada,13.0,14.0,553.5,635.9,2,0,0,Mecánico,Media,
402754,2026-10,Proceso,Línea 2,EQ-0330,Bomba CIP,B,Preventivo,PM03,Cerrada,24.8,26.6,1226.1,1399.8,10,0,0,Mecánico,Media,
402755,2026-10,Bodega,N/A,EQ-0601,Grúa horquilla 4,C,Preventivo,PM02,Abierta,12.9,1.5,383.6,73.4,,3,2,Eléctrico,Alta,
402756,2026-10,Servicios,N/A,EQ-0202,Caldera 2,B,Mejora,PM04,Cerrada,3.2,3.6,127.3,146.4,9,0,0,Mecánico,Alta,
402757,2026-10,Envasado,Línea 1,EQ-0461,Etiquetadora L1,A,Preventivo,PM02,Cerrada,6.1,5.6,314.7,312.6,7,9,0,Instrumentación,Alta,
402758,2026-10,Envasado,Línea 2,EQ-0462,Etiquetadora L2,B,Mejora,PM04,Cerrada,13.3,13.3,407.6,438.3,5,0,0,Eléctrico,Alta,
402759,2026-10,Envasado,Línea 1,EQ-0461,Etiquetadora L1,A,Preventivo,PM02,Cerrada,12.1,11.2,643.8,575.8,3,0,0,Instrumentación,Baja,
402760,2026-10,Envasado,Línea 3,EQ-0471,Transportador L3,C,Correctivo,PM01,Cerrada,26.9,35.2,719.2,664.8,3,0,0,Instrumentación,Alta,
402761,2026-10,Envasado,Línea 3,EQ-0471,Transportador L3,C,Preventivo,PM02,Cerrada,11.4,11.3,376.5,347.1,5,0,0,Instrumentación,Media,
402762,2026-10,Servicios,N/A,EQ-0202,Caldera 2,B,Preventivo,PM02,Cerrada,10.5,10.8,254.0,254.1,4,0,0,Instrumentación,Baja,
402763,2026-10,Envasado,Línea 2,EQ-0462,Etiquetadora L2,B,Preventivo,PM02,Abierta,17.6,0.9,532.6,290.3,,36,16,Eléctrico,Media,Sin asignación de técnico
402764,2026-10,Envasado,Línea 2,EQ-0462,Etiquetadora L2,B,Preventivo,PM03,Cerrada,15.2,14.5,434.4,409.4,5,0,0,Mecánico,Baja,
402765,2026-10,Servicios,N/A,EQ-0210,Compresor 3,B,Correctivo,PM01,Cerrada,30.9,44.2,2221.6,2025.2,9,1,0,Eléctrico,Media,
402766,2026-10,Proceso,Línea 1,EQ-0331,Bomba de proceso,C,Correctivo,PM01,Cerrada,25.2,38.9,690.7,743.8,3,0,1,Eléctrico,Media,
402767,2026-10,Envasado,Línea 1,EQ-0455,Envasadora L1,A,Mejora,PM04,Cerrada,18.6,17.2,745.3,672.3,1,0,0,Eléctrico,Media,
402768,2026-10,Proceso,Línea 1,EQ-0310,Reactor P1,A,Correctivo,PM01,Cerrada,12.0,18.7,872.4,981.0,7,0,0,Eléctrico,Media,
402769,2026-10,Proceso,Línea 1,EQ-0310,Reactor P1,A,Preventivo,PM02,Abierta,25.0,8.7,1595.1,606.5,,0,0,Mecánico,Alta,
402770,2026-10,Proceso,Línea 1,EQ-0310,Reactor P1,A,Preventivo,PM02,Cerrada,13.0,13.8,698.0,767.7,2,6,16,Eléctrico,Media,
402771,2026-10,Proceso,Línea 1,EQ-0331,Bomba de proceso,C,Correctivo,PM01,Cerrada,21.3,27.0,1077.6,979.5,9,0,0,Mecánico,Baja,
402772,2026-10,Proceso,Línea 2,EQ-0320,Mezclador P2,B,Preventivo,PM03,Cerrada,8.7,8.2,327.9,293.1,1,3,0,Mecánico,Baja,
402773,2026-10,Envasado,Línea 2,EQ-0457,Envasadora L2,A,Mejora,PM04,Cerrada,21.3,21.0,1261.7,1157.8,11,7,0,Mecánico,Media,
402774,2026-10,Servicios,N/A,EQ-0201,Caldera 1,A,Preventivo,PM02,Cerrada,21.7,20.2,745.5,659.8,5,0,0,Instrumentación,Baja,
402775,2026-10,Envasado,Línea 2,EQ-0457,Envasadora L2,A,Preventivo,PM02,Cerrada,6.3,5.9,372.7,329.7,2,0,0,Eléctrico,Media,
402776,2026-10,Envasado,Línea 1,EQ-0455,Envasadora L1,A,Correctivo,PM01,Abierta,31.1,11.0,2811.3,1122.3,,0,0,Eléctrico,Alta,
402777,2026-10,Proceso,Línea 2,EQ-0320,Mezclador P2,B,Emergencia,PM05,Cerrada,21.7,29.8,1144.9,1134.2,0,0,0,Eléctrico,Baja,
402778,2026-10,Proceso,Línea 2,EQ-0330,Bomba CIP,B,Preventivo,PM02,Cerrada,8.1,8.6,325.2,361.7,9,0,0,Eléctrico,Baja,
402779,2026-10,Servicios,N/A,EQ-0210,Compresor 3,B,Preventivo,PM03,Cerrada,9.5,9.0,244.4,217.0,10,11,0,Eléctrico,Baja,
402780,2026-10,Envasado,Línea 1,EQ-0461,Etiquetadora L1,A,Mejora,PM04,Cerrada,23.1,21.6,1045.5,1002.3,8,0,0,Mecánico,Media,
402781,2026-10,Envasado,Línea 1,EQ-0455,Envasadora L1,A,Correctivo,PM01,Cerrada,26.3,48.9,1260.5,1565.6,11,0,0,Instrumentación,Alta,
402782,2026-11,Envasado,Línea 3,EQ-0470,Paletizador,B,Preventivo,PM02,Cerrada,25.2,26.0,690.6,686.9,3,0,0,Eléctrico,Media,
402783,2026-11,Proceso,Línea 2,EQ-0330,Bomba CIP,B,Preventivo,PM03,Cerrada,3.0,3.1,80.8,84.0,7,0,0,Mecánico,Alta,
402784,2026-11,Proceso,Línea 2,EQ-0320,Mezclador P2,B,Correctivo,PM01,Cerrada,16.2,19.7,605.1,483.2,6,0,0,Instrumentación,Media,
402785,2026-11,Envasado,Línea 1,EQ-0455,Envasadora L1,A,Preventivo,PM02,Cerrada,21.5,21.5,1164.8,1113.7,10,0,0,Mecánico,Baja,
402786,2026-11,Envasado,Línea 1,EQ-0461,Etiquetadora L1,A,Preventivo,PM02,Cerrada,7.8,8.6,277.5,286.8,8,0,0,Eléctrico,Media,
402787,2026-11,Envasado,Línea 3,EQ-0470,Paletizador,B,Preventivo,PM02,Cerrada,9.5,10.3,222.0,234.2,10,0,0,Eléctrico,Media,
402788,2026-11,Envasado,Línea 3,EQ-0471,Transportador L3,C,Correctivo,PM01,Cerrada,23.0,33.2,701.9,626.1,2,0,0,Instrumentación,Media,
402789,2026-11,Proceso,Línea 1,EQ-0331,Bomba de proceso,C,Preventivo,PM03,Abierta,18.0,7.8,380.6,65.8,,24,16,Mecánico,Baja,
402790,2026-11,Proceso,Línea 1,EQ-0331,Bomba de proceso,C,Preventivo,PM03,Cerrada,22.7,23.2,504.9,502.2,7,0,0,Instrumentación,Baja,
402791,2026-11,Servicios,N/A,EQ-0210,Compresor 3,B,Preventivo,PM03,Cerrada,21.6,23.9,577.8,626.8,1,0,2,Eléctrico,Baja,
402792,2026-11,Servicios,N/A,EQ-0210,Compresor 3,B,Preventivo,PM02,Cerrada,10.8,12.0,257.8,295.3,6,0,0,Mecánico,Alta,
402793,2026-11,Servicios,N/A,EQ-0201,Caldera 1,A,Correctivo,PM01,Cerrada,30.5,60.2,2643.7,3730.0,7,0,0,Mecánico,Media,
402794,2026-11,Envasado,Línea 2,EQ-0462,Etiquetadora L2,B,Preventivo,PM02,Abierta,9.3,2.5,429.9,150.1,,2,0,Servicios,Media,
402795,2026-11,Envasado,Línea 1,EQ-0461,Etiquetadora L1,A,Correctivo,PM01,Cerrada,30.7,55.5,1452.0,1690.6,7,0,0,Servicios,Alta,
402796,2026-11,Envasado,Línea 1,EQ-0455,Envasadora L1,A,Preventivo,PM02,Cerrada,19.8,19.1,732.5,766.9,9,11,0,Eléctrico,Baja,
402797,2026-11,Servicios,N/A,EQ-0211,Chiller 1,A,Preventivo,PM02,Cerrada,12.2,13.3,395.2,428.2,4,0,0,Mecánico,Alta,
402798,2026-11,Proceso,Línea 2,EQ-0320,Mezclador P2,B,Preventivo,PM02,Cerrada,11.6,12.6,444.0,523.8,4,0,0,Mecánico,Media,
402799,2026-11,Proceso,Línea 2,EQ-0320,Mezclador P2,B,Preventivo,PM02,Cerrada,7.5,8.3,173.6,180.1,7,0,0,Mecánico,Media,
402800,2026-11,Envasado,Línea 1,EQ-0455,Envasadora L1,A,Preventivo,PM02,Cerrada,4.6,4.3,283.3,255.9,1,0,0,Mecánico,Baja,
402801,2026-11,Servicios,N/A,EQ-0210,Compresor 3,B,Preventivo,PM03,Cerrada,25.8,25.9,627.8,604.2,7,0,0,Eléctrico,Media,
402802,2026-11,Servicios,N/A,EQ-0211,Chiller 1,A,Preventivo,PM02,Cerrada,4.6,4.7,265.3,289.8,2,2,0,Eléctrico,Alta,
402803,2026-11,Proceso,Línea 2,EQ-0320,Mezclador P2,B,Preventivo,PM02,Cerrada,13.2,12.9,538.0,512.6,6,0,0,Mecánico,Baja,
402804,2026-11,Bodega,N/A,EQ-0601,Grúa horquilla 4,C,Preventivo,PM02,Cerrada,15.9,17.7,430.7,455.8,0,0,0,Mecánico,Baja,
402805,2026-11,Proceso,Línea 1,EQ-0310,Reactor P1,A,Preventivo,PM02,Cerrada,16.1,17.9,688.0,832.0,11,0,0,Mecánico,Baja,
402806,2026-11,Proceso,Línea 2,EQ-0320,Mezclador P2,B,Preventivo,PM02,Cerrada,4.4,4.8,189.3,212.3,3,0,0,Eléctrico,Media,
402807,2026-11,Proceso,Línea 1,EQ-0310,Reactor P1,A,Emergencia,PM05,Cerrada,18.3,24.4,1057.7,875.6,6,0,0,Servicios,Media,
402808,2026-11,Servicios,N/A,EQ-0211,Chiller 1,A,Preventivo,PM02,Cerrada,18.8,19.9,1118.3,1215.9,7,0,0,Eléctrico,Baja,
402809,2026-11,Proceso,Línea 2,EQ-0330,Bomba CIP,B,Preventivo,PM02,Cerrada,20.7,22.1,770.7,882.2,0,0,4,Eléctrico,Alta,
402810,2026-11,Servicios,N/A,EQ-0202,Caldera 2,B,Preventivo,PM03,Cerrada,22.3,24.1,849.7,939.6,1,0,0,Instrumentación,Alta,
402811,2026-11,Proceso,Línea 2,EQ-0320,Mezclador P2,B,Preventivo,PM03,Cerrada,14.4,14.7,614.1,613.4,8,0,2,Mecánico,Media,
402812,2026-11,Servicios,N/A,EQ-0210,Compresor 3,B,Correctivo,PM01,Cerrada,24.1,36.7,1451.4,1393.4,0,0,0,Servicios,Media,
402813,2026-11,Envasado,Línea 3,EQ-0471,Transportador L3,C,Correctivo,PM01,Cerrada,11.8,13.7,317.3,234.1,2,0,0,Mecánico,Baja,
402814,2026-11,Envasado,Línea 3,EQ-0471,Transportador L3,C,Preventivo,PM02,Cerrada,10.7,10.7,331.9,353.1,0,0,0,Eléctrico,Media,
402815,2026-11,Bodega,N/A,EQ-0601,Grúa horquilla 4,C,Preventivo,PM02,Cerrada,15.0,14.6,451.3,429.8,3,0,0,Mecánico,Alta,
402816,2026-11,Bodega,N/A,EQ-0601,Grúa horquilla 4,C,Preventivo,PM02,Cerrada,15.3,15.2,415.5,439.2,11,0,0,Eléctrico,Alta,
402817,2026-11,Proceso,Línea 1,EQ-0310,Reactor P1,A,Correctivo,PM01,Cerrada,26.9,32.7,2532.2,1946.3,10,0,0,Eléctrico,Alta,
402818,2026-11,Envasado,Línea 2,EQ-0457,Envasadora L2,A,Correctivo,PM01,Cerrada,22.1,34.9,1576.8,1567.0,5,0,0,Instrumentación,Media,
402819,2026-11,Servicios,N/A,EQ-0211,Chiller 1,A,Preventivo,PM02,Cerrada,21.8,21.9,793.7,803.2,9,0,0,Instrumentación,Alta,
402820,2026-11,Proceso,Línea 1,EQ-0311,Intercambiador P1,B,Preventivo,PM02,Cerrada,14.3,13.3,542.8,529.5,10,0,0,Instrumentación,Baja,
402821,2026-11,Envasado,Línea 3,EQ-0470,Paletizador,B,Preventivo,PM02,Cerrada,26.0,24.0,713.6,622.0,5,0,0,Mecánico,Alta,
402822,2026-11,Servicios,N/A,EQ-0211,Chiller 1,A,Preventivo,PM02,Cerrada,14.4,14.1,530.5,522.7,5,0,0,Mecánico,Baja,
402823,2026-11,Servicios,N/A,EQ-0201,Caldera 1,A,Emergencia,PM05,Cerrada,8.0,9.3,632.7,495.6,11,0,0,Instrumentación,Media,
402824,2026-11,Envasado,Línea 2,EQ-0457,Envasadora L2,A,Preventivo,PM02,Cerrada,3.7,3.9,117.8,120.0,9,0,0,Mecánico,Alta,
402825,2026-11,Servicios,N/A,EQ-0210,Compresor 3,B,Correctivo,PM01,Cerrada,25.8,33.1,1491.5,1194.4,9,0,0,Mecánico,Media,
402826,2026-11,Servicios,N/A,EQ-0211,Chiller 1,A,Preventivo,PM02,Cerrada,18.1,19.4,606.2,617.6,1,0,0,Eléctrico,Media,
402827,2026-11,Servicios,N/A,EQ-0210,Compresor 3,B,Mejora,PM04,Cerrada,23.9,22.2,1040.2,931.4,9,0,0,Servicios,Media,
402828,2026-11,Envasado,Línea 3,EQ-0471,Transportador L3,C,Preventivo,PM02,Abierta,3.0,0.3,100.4,13.6,,7,16,Eléctrico,Alta,
402829,2026-11,Envasado,Línea 2,EQ-0462,Etiquetadora L2,B,Preventivo,PM02,Cerrada,15.6,16.8,696.1,690.3,10,0,0,Eléctrico,Alta,
402830,2026-11,Servicios,N/A,EQ-0201,Caldera 1,A,Correctivo,PM01,Cerrada,30.7,40.0,2016.0,1716.0,10,0,0,Servicios,Media,
402831,2026-11,Proceso,Línea 1,EQ-0310,Reactor P1,A,Preventivo,PM02,Cerrada,21.6,21.1,722.3,713.1,1,0,0,Eléctrico,Media,
402832,2026-11,Envasado,Línea 1,EQ-0461,Etiquetadora L1,A,Correctivo,PM01,Cerrada,29.5,60.4,2435.5,3308.0,2,0,4,Mecánico,Baja,
402833,2026-11,Servicios,N/A,EQ-0202,Caldera 2,B,Preventivo,PM02,Abierta,12.3,2.4,367.4,30.6,,0,0,Instrumentación,Baja,
402834,2026-11,Proceso,Línea 1,EQ-0331,Bomba de proceso,C,Mejora,PM04,Cerrada,19.8,19.5,515.0,471.5,6,0,0,Eléctrico,Baja,
402835,2026-11,Envasado,Línea 1,EQ-0455,Envasadora L1,A,Preventivo,PM02,Cerrada,8.3,8.3,500.3,473.7,6,3,16,Eléctrico,Media,
402836,2026-11,Envasado,Línea 1,EQ-0461,Etiquetadora L1,A,Correctivo,PM01,Abierta,20.1,6.1,1818.1,368.0,,15,0,Mecánico,Alta,
402837,2026-11,Servicios,N/A,EQ-0211,Chiller 1,A,Correctivo,PM01,Cerrada,23.2,49.4,1962.6,2788.6,3,0,2,Eléctrico,Baja,
402838,2026-11,Proceso,Línea 2,EQ-0320,Mezclador P2,B,Preventivo,PM02,Abierta,25.4,1.8,807.7,215.8,,16,0,Eléctrico,Media,
402839,2026-11,Envasado,Línea 1,EQ-0455,Envasadora L1,A,Preventivo,PM02,Cerrada,18.5,18.0,1029.3,986.8,5,0,0,Mecánico,Media,
402840,2026-11,Servicios,N/A,EQ-0211,Chiller 1,A,Preventivo,PM02,Cerrada,15.1,16.4,631.4,659.9,4,0,1,Eléctrico,Alta,
402841,2026-11,Proceso,Línea 1,EQ-0310,Reactor P1,A,Preventivo,PM02,Cerrada,22.5,21.3,726.6,655.5,11,0,0,Mecánico,Alta,
402842,2026-11,Servicios,N/A,EQ-0210,Compresor 3,B,Preventivo,PM02,Cerrada,14.2,14.9,605.4,687.7,9,0,0,Eléctrico,Baja,
402843,2026-11,Bodega,N/A,EQ-0601,Grúa horquilla 4,C,Preventivo,PM03,Abierta,21.0,3.4,701.1,333.9,,19,16,Eléctrico,Media,
402844,2026-11,Servicios,N/A,EQ-0202,Caldera 2,B,Preventivo,PM02,Cerrada,11.9,12.7,460.1,500.5,3,0,0,Servicios,Baja,
402845,2026-11,Servicios,N/A,EQ-0201,Caldera 1,A,Correctivo,PM01,Cerrada,27.0,47.6,1814.8,2011.7,2,0,0,Mecánico,Alta,
402846,2026-11,Servicios,N/A,EQ-0211,Chiller 1,A,Preventivo,PM02,Cerrada,7.0,6.5,218.4,202.4,3,0,0,Eléctrico,Alta,
402847,2026-11,Proceso,Línea 2,EQ-0330,Bomba CIP,B,Preventivo,PM02,Cerrada,13.5,14.1,663.2,706.3,5,0,0,Mecánico,Baja,
402848,2026-11,Envasado,Línea 1,EQ-0455,Envasadora L1,A,Preventivo,PM02,Cerrada,21.3,23.7,1036.4,1103.4,1,0,0,Instrumentación,Baja,
402849,2026-11,Envasado,Línea 3,EQ-0470,Paletizador,B,Predictivo,PM06,Abierta,5.1,2.1,240.8,1.5,,10,0,Instrumentación,Baja,
402850,2026-11,Envasado,Línea 2,EQ-0457,Envasadora L2,A,Preventivo,PM02,Cerrada,18.4,18.3,597.5,616.1,2,0,0,Mecánico,Baja,
402851,2026-11,Proceso,Línea 2,EQ-0320,Mezclador P2,B,Preventivo,PM02,Cerrada,17.5,17.5,646.8,633.8,0,0,1,Eléctrico,Alta,
402852,2026-11,Proceso,Línea 1,EQ-0311,Intercambiador P1,B,Preventivo,PM02,Cerrada,22.4,22.5,1092.8,1049.8,10,0,0,Instrumentación,Media,
402853,2026-11,Servicios,N/A,EQ-0210,Compresor 3,B,Preventivo,PM02,Abierta,22.2,0.0,830.9,62.2,,21,2,Instrumentación,Media,
402854,2026-11,Envasado,Línea 1,EQ-0461,Etiquetadora L1,A,Preventivo,PM02,Cerrada,4.6,4.3,143.9,145.4,9,0,0,Mecánico,Alta,
402855,2026-11,Envasado,Línea 2,EQ-0457,Envasadora L2,A,Emergencia,PM05,Cerrada,14.8,23.6,776.9,783.0,9,0,0,Mecánico,Media,
402856,2026-11,Servicios,N/A,EQ-0202,Caldera 2,B,Preventivo,PM02,Cerrada,23.3,22.5,951.4,894.0,1,0,0,Mecánico,Alta,
402857,2026-11,Proceso,Línea 2,EQ-0330,Bomba CIP,B,Preventivo,PM02,Cerrada,8.7,8.3,370.3,363.6,5,0,0,Mecánico,Media,
402858,2026-11,Envasado,Línea 3,EQ-0471,Transportador L3,C,Preventivo,PM02,Cerrada,18.0,19.7,462.2,536.2,2,0,0,Eléctrico,Alta,
402859,2026-11,Proceso,Línea 1,EQ-0310,Reactor P1,A,Preventivo,PM02,Cerrada,21.2,23.0,845.8,916.5,11,0,0,Servicios,Media,
402860,2026-11,Servicios,N/A,EQ-0210,Compresor 3,B,Preventivo,PM02,Cerrada,19.5,18.2,555.6,493.5,3,0,0,Mecánico,Baja,
402861,2026-11,Servicios,N/A,EQ-0202,Caldera 2,B,Preventivo,PM02,Cerrada,16.4,16.2,492.4,501.4,7,0,0,Mecánico,Media,
402862,2026-11,Envasado,Línea 2,EQ-0457,Envasadora L2,A,Correctivo,PM01,Cerrada,9.9,20.8,911.3,1258.6,7,0,0,Eléctrico,Media,
402863,2026-11,Servicios,N/A,EQ-0211,Chiller 1,A,Mejora,PM04,Cerrada,25.7,26.1,1556.9,1688.7,8,0,0,Eléctrico,Media,
402864,2026-11,Envasado,Línea 2,EQ-0457,Envasadora L2,A,Correctivo,PM01,Cerrada,27.3,53.1,1540.2,2111.8,8,0,0,Instrumentación,Baja,
402865,2026-11,Envasado,Línea 1,EQ-0455,Envasadora L1,A,Preventivo,PM02,Cerrada,22.9,23.3,889.1,834.4,2,0,0,Eléctrico,Media,
402866,2026-11,Proceso,Línea 2,EQ-0330,Bomba CIP,B,Preventivo,PM02,Cerrada,23.0,25.2,786.1,848.3,6,0,0,Mecánico,Baja,
402867,2026-11,Proceso,Línea 2,EQ-0320,Mezclador P2,B,Preventivo,PM03,Cerrada,5.3,5.4,258.0,282.5,9,0,4,Instrumentación,Media,
402868,2026-11,Envasado,Línea 3,EQ-0470,Paletizador,B,Preventivo,PM02,Cerrada,16.7,18.1,680.1,721.4,1,0,0,Eléctrico,Alta,
402869,2026-11,Envasado,Línea 2,EQ-0457,Envasadora L2,A,Preventivo,PM03,Cerrada,17.2,17.2,897.6,872.9,9,0,0,Eléctrico,Baja,
402870,2026-11,Envasado,Línea 2,EQ-0457,Envasadora L2,A,Preventivo,PM03,Cerrada,15.9,15.9,830.9,836.3,5,0,0,Eléctrico,Baja,
402871,2026-11,Servicios,N/A,EQ-0201,Caldera 1,A,Preventivo,PM03,Cerrada,24.1,23.6,966.1,925.1,9,0,2,Mecánico,Media,
402872,2026-11,Servicios,N/A,EQ-0210,Compresor 3,B,Preventivo,PM02,Cerrada,23.8,24.8,751.9,793.0,1,5,0,Mecánico,Alta,
402873,2026-11,Envasado,Línea 1,EQ-0461,Etiquetadora L1,A,Correctivo,PM01,Cerrada,23.4,40.7,1675.0,1902.9,6,0,2,Servicios,Media,
402874,2026-11,Proceso,Línea 1,EQ-0310,Reactor P1,A,Preventivo,PM03,Cerrada,3.9,3.9,189.9,177.9,4,0,0,Mecánico,Baja,
402875,2026-11,Servicios,N/A,EQ-0210,Compresor 3,B,Preventivo,PM02,Cerrada,23.3,23.3,836.1,866.3,9,0,0,Instrumentación,Media,
402876,2026-11,Servicios,N/A,EQ-0201,Caldera 1,A,Preventivo,PM03,Cerrada,17.5,18.0,921.8,969.3,1,0,0,Mecánico,Alta,
402877,2026-11,Proceso,Línea 1,EQ-0310,Reactor P1,A,Preventivo,PM03,Cerrada,9.8,10.2,442.7,423.9,4,0,0,Mecánico,Alta,
402878,2026-11,Envasado,Línea 2,EQ-0457,Envasadora L2,A,Correctivo,PM01,Cerrada,25.4,49.6,1315.2,1849.6,2,0,0,Mecánico,Alta,
402879,2026-11,Envasado,Línea 1,EQ-0455,Envasadora L1,A,Correctivo,PM01,Cerrada,23.9,30.1,1521.1,1191.3,4,10,0,Mecánico,Baja,
402880,2026-11,Envasado,Línea 1,EQ-0455,Envasadora L1,A,Preventivo,PM03,Cerrada,20.3,20.2,799.1,778.2,9,0,0,Instrumentación,Media,
402881,2026-11,Servicios,N/A,EQ-0210,Compresor 3,B,Correctivo,PM01,Cerrada,17.6,31.5,1151.6,1441.9,10,0,0,Mecánico,Baja,
402882,2026-11,Servicios,N/A,EQ-0202,Caldera 2,B,Preventivo,PM03,Cerrada,7.9,8.3,317.3,324.8,6,0,0,Mecánico,Baja,
402883,2026-11,Proceso,Línea 2,EQ-0330,Bomba CIP,B,Preventivo,PM02,Cerrada,6.8,6.7,164.7,155.0,10,0,2,Eléctrico,Baja,
402884,2026-11,Proceso,Línea 1,EQ-0310,Reactor P1,A,Preventivo,PM02,Cerrada,6.8,6.7,400.7,387.4,4,8,16,Mecánico,Media,
402885,2026-11,Proceso,Línea 2,EQ-0330,Bomba CIP,B,Correctivo,PM01,Cerrada,19.4,31.9,1082.3,1104.5,6,0,0,Mecánico,Baja,
402886,2026-11,Proceso,Línea 1,EQ-0310,Reactor P1,A,Preventivo,PM02,Cerrada,7.7,7.3,335.0,294.8,10,0,4,Mecánico,Alta,
402887,2026-11,Proceso,Línea 2,EQ-0320,Mezclador P2,B,Preventivo,PM03,Cerrada,3.0,3.3,88.9,105.6,4,0,0,Eléctrico,Media,
402888,2026-11,Proceso,Línea 2,EQ-0330,Bomba CIP,B,Mejora,PM04,Cerrada,18.1,16.8,559.3,529.1,5,0,0,Instrumentación,Media,
402889,2026-11,Servicios,N/A,EQ-0202,Caldera 2,B,Preventivo,PM02,Cerrada,10.8,10.5,423.0,441.8,10,0,0,Mecánico,Media,
402890,2026-11,Envasado,Línea 2,EQ-0457,Envasadora L2,A,Preventivo,PM02,Cerrada,23.7,23.7,1038.5,1014.7,2,0,0,Instrumentación,Alta,
402891,2026-11,Envasado,Línea 3,EQ-0471,Transportador L3,C,Preventivo,PM03,Cerrada,7.7,8.2,187.1,189.8,10,0,0,Mecánico,Media,
402892,2026-11,Envasado,Línea 1,EQ-0455,Envasadora L1,A,Correctivo,PM01,Cerrada,9.6,18.6,863.3,1051.1,10,0,0,Eléctrico,Media,
402893,2026-11,Envasado,Línea 2,EQ-0457,Envasadora L2,A,Preventivo,PM02,Cerrada,7.5,7.6,274.4,268.8,9,0,0,Eléctrico,Media,
402894,2026-11,Servicios,N/A,EQ-0201,Caldera 1,A,Preventivo,PM02,Abierta,3.8,0.1,121.4,48.8,,0,0,Instrumentación,Baja,
402895,2026-11,Envasado,Línea 1,EQ-0461,Etiquetadora L1,A,Preventivo,PM02,Cerrada,24.7,23.7,849.7,839.8,3,0,0,Eléctrico,Baja,
402896,2026-11,Proceso,Línea 1,EQ-0331,Bomba de proceso,C,Preventivo,PM02,Cerrada,11.0,11.2,309.6,303.5,9,0,0,Mecánico,Media,
402897,2026-11,Servicios,N/A,EQ-0202,Caldera 2,B,Preventivo,PM02,Cerrada,10.0,10.0,404.3,434.4,8,0,0,Mecánico,Baja,
402898,2026-11,Envasado,Línea 1,EQ-0461,Etiquetadora L1,A,Preventivo,PM02,Cerrada,7.1,7.5,323.2,336.4,6,0,0,Mecánico,Media,
402899,2026-11,Proceso,Línea 2,EQ-0330,Bomba CIP,B,Preventivo,PM03,Cerrada,25.7,26.1,759.0,791.7,9,0,0,Mecánico,Alta,
402900,2026-11,Servicios,N/A,EQ-0202,Caldera 2,B,Preventivo,PM02,Cerrada,2.1,2.3,77.4,80.7,5,0,4,Mecánico,Alta,
402901,2026-11,Proceso,Línea 2,EQ-0320,Mezclador P2,B,Preventivo,PM02,Cerrada,2.5,2.4,117.0,107.1,5,0,0,Mecánico,Baja,
402902,2026-11,Servicios,N/A,EQ-0202,Caldera 2,B,Preventivo,PM02,Cerrada,21.0,20.3,966.5,966.2,7,0,0,Servicios,Media,
402903,2026-11,Envasado,Línea 1,EQ-0461,Etiquetadora L1,A,Mejora,PM04,Cerrada,15.2,15.3,539.3,570.1,7,0,0,Eléctrico,Media,
402904,2026-11,Proceso,Línea 2,EQ-0320,Mezclador P2,B,Preventivo,PM02,Cerrada,11.8,11.5,534.6,495.3,2,0,2,Mecánico,Alta,
402905,2026-11,Bodega,N/A,EQ-0601,Grúa horquilla 4,C,Mejora,PM04,Cerrada,10.1,10.8,279.3,277.1,6,0,0,Eléctrico,Media,
402906,2026-11,Servicios,N/A,EQ-0202,Caldera 2,B,Preventivo,PM02,Cerrada,11.1,10.8,261.0,244.4,8,0,4,Mecánico,Alta,
402907,2026-12,Servicios,N/A,EQ-0210,Compresor 3,B,Preventivo,PM02,Cerrada,16.8,18.0,607.6,691.6,3,0,0,Eléctrico,Baja,
402908,2026-12,Envasado,Línea 3,EQ-0470,Paletizador,B,Preventivo,PM02,Cerrada,16.4,16.6,758.5,816.1,10,0,0,Eléctrico,Media,
402909,2026-12,Servicios,N/A,EQ-0202,Caldera 2,B,Mejora,PM04,Cerrada,7.2,7.4,344.9,374.9,1,0,0,Mecánico,Media,
402910,2026-12,Proceso,Línea 1,EQ-0310,Reactor P1,A,Predictivo,PM06,Cerrada,20.7,19.6,642.4,644.3,3,7,0,Mecánico,Alta,
402911,2026-12,Envasado,Línea 3,EQ-0471,Transportador L3,C,Preventivo,PM02,Cerrada,7.9,8.0,251.4,275.7,7,0,0,Mecánico,Alta,
402912,2026-12,Proceso,Línea 2,EQ-0320,Mezclador P2,B,Preventivo,PM02,Cerrada,11.7,12.9,559.0,650.7,2,0,0,Mecánico,Media,
402913,2026-12,Servicios,N/A,EQ-0210,Compresor 3,B,Correctivo,PM01,Cerrada,28.6,51.8,1719.9,1986.8,10,0,0,Mecánico,Media,
402914,2026-12,Envasado,Línea 2,EQ-0457,Envasadora L2,A,Preventivo,PM02,Cerrada,4.7,5.0,237.1,252.9,10,0,0,Mecánico,Baja,
402915,2026-12,Envasado,Línea 1,EQ-0455,Envasadora L1,A,Preventivo,PM02,Cerrada,10.1,10.9,432.5,491.5,1,0,0,Instrumentación,Alta,
402916,2026-12,Envasado,Línea 1,EQ-0461,Etiquetadora L1,A,Preventivo,PM02,Cerrada,14.8,16.3,906.9,982.7,1,0,0,Instrumentación,Baja,
402917,2026-12,Proceso,Línea 1,EQ-0331,Bomba de proceso,C,Preventivo,PM02,Cerrada,11.3,11.0,381.7,374.5,1,0,0,Mecánico,Alta,
402918,2026-12,Servicios,N/A,EQ-0210,Compresor 3,B,Correctivo,PM01,Cerrada,12.4,23.0,430.7,489.9,9,0,0,Servicios,Alta,
402919,2026-12,Proceso,Línea 2,EQ-0330,Bomba CIP,B,Mejora,PM04,Cerrada,13.6,12.8,357.3,351.4,3,0,0,Servicios,Baja,
402920,2026-12,Proceso,Línea 1,EQ-0331,Bomba de proceso,C,Mejora,PM04,Cerrada,26.0,27.2,559.3,602.3,1,0,0,Mecánico,Baja,
402921,2026-12,Proceso,Línea 1,EQ-0311,Intercambiador P1,B,Preventivo,PM03,Cerrada,18.7,18.9,631.4,601.3,7,0,0,Servicios,Media,
402922,2026-12,Envasado,Línea 2,EQ-0457,Envasadora L2,A,Mejora,PM04,Cerrada,18.5,18.9,746.1,776.9,8,0,1,Eléctrico,Media,
402923,2026-12,Servicios,N/A,EQ-0211,Chiller 1,A,Preventivo,PM02,Cerrada,7.8,8.0,478.3,473.3,8,0,0,Mecánico,Media,
402924,2026-12,Servicios,N/A,EQ-0201,Caldera 1,A,Preventivo,PM02,Cerrada,20.3,21.0,700.8,695.2,11,0,0,Eléctrico,Alta,
402925,2026-12,Bodega,N/A,EQ-0601,Grúa horquilla 4,C,Predictivo,PM06,Cerrada,6.3,6.3,132.4,134.5,9,0,0,Eléctrico,Alta,
402926,2026-12,Proceso,Línea 2,EQ-0320,Mezclador P2,B,Preventivo,PM02,Cerrada,20.0,20.6,541.4,571.3,0,0,1,Instrumentación,Baja,
402927,2026-12,Proceso,Línea 1,EQ-0310,Reactor P1,A,Preventivo,PM02,Cerrada,7.4,7.3,315.0,311.3,4,0,0,Mecánico,Media,
402928,2026-12,Envasado,Línea 3,EQ-0470,Paletizador,B,Mejora,PM04,Cerrada,18.4,17.1,594.4,549.0,3,0,0,Servicios,Media,
402929,2026-12,Envasado,Línea 2,EQ-0457,Envasadora L2,A,Preventivo,PM02,Cerrada,24.3,23.0,846.9,797.2,1,0,0,Mecánico,Media,
402930,2026-12,Proceso,Línea 1,EQ-0311,Intercambiador P1,B,Mejora,PM04,Cerrada,19.5,21.6,936.0,1040.6,11,0,0,Instrumentación,Media,
402931,2026-12,Servicios,N/A,EQ-0202,Caldera 2,B,Correctivo,PM01,Cerrada,24.7,46.5,1340.0,1735.1,5,0,0,Eléctrico,Alta,
402932,2026-12,Proceso,Línea 1,EQ-0310,Reactor P1,A,Preventivo,PM03,Cerrada,24.4,22.6,1360.4,1287.0,3,0,0,Instrumentación,Media,
402933,2026-12,Envasado,Línea 1,EQ-0455,Envasadora L1,A,Preventivo,PM02,Cerrada,12.0,13.4,617.4,728.6,5,0,0,Servicios,Alta,
402934,2026-12,Servicios,N/A,EQ-0210,Compresor 3,B,Preventivo,PM02,Cerrada,12.1,12.5,512.3,501.3,7,0,0,Eléctrico,Alta,
402935,2026-12,Proceso,Línea 2,EQ-0330,Bomba CIP,B,Preventivo,PM02,Cerrada,15.2,14.2,468.1,445.0,2,0,0,Mecánico,Alta,
402936,2026-12,Proceso,Línea 2,EQ-0330,Bomba CIP,B,Correctivo,PM01,Cerrada,6.9,9.0,377.0,347.7,6,0,0,Eléctrico,Baja,
402937,2026-12,Envasado,Línea 3,EQ-0470,Paletizador,B,Predictivo,PM06,Cerrada,25.0,26.0,625.8,604.7,11,0,0,Mecánico,Baja,
402938,2026-12,Proceso,Línea 1,EQ-0311,Intercambiador P1,B,Mejora,PM04,Cerrada,21.4,20.0,567.6,562.8,8,0,2,Mecánico,Media,
402939,2026-12,Proceso,Línea 1,EQ-0331,Bomba de proceso,C,Preventivo,PM03,Cerrada,19.5,21.6,572.1,638.0,1,0,0,Instrumentación,Media,
402940,2026-12,Envasado,Línea 3,EQ-0471,Transportador L3,C,Preventivo,PM02,Cerrada,8.9,9.1,307.0,298.7,11,0,0,Eléctrico,Media,
402941,2026-12,Envasado,Línea 3,EQ-0470,Paletizador,B,Mejora,PM04,Cerrada,4.4,4.2,188.8,180.9,5,0,0,Mecánico,Alta,
402942,2026-12,Envasado,Línea 2,EQ-0457,Envasadora L2,A,Correctivo,PM01,Cerrada,9.6,16.8,677.2,735.8,10,0,0,Mecánico,Baja,
402943,2026-12,Servicios,N/A,EQ-0201,Caldera 1,A,Preventivo,PM02,Cerrada,16.5,16.7,695.5,691.6,10,0,0,Instrumentación,Media,
402944,2026-12,Proceso,Línea 1,EQ-0310,Reactor P1,A,Preventivo,PM03,Cerrada,14.4,14.9,440.2,445.0,0,0,2,Eléctrico,Media,
402945,2026-12,Envasado,Línea 2,EQ-0457,Envasadora L2,A,Preventivo,PM03,Cerrada,13.2,14.4,552.7,640.9,1,0,0,Mecánico,Alta,
402946,2026-12,Proceso,Línea 2,EQ-0330,Bomba CIP,B,Preventivo,PM02,Abierta,16.1,7.0,613.6,216.0,,24,16,Mecánico,Media,
402947,2026-12,Envasado,Línea 3,EQ-0471,Transportador L3,C,Preventivo,PM03,Cerrada,15.2,14.4,411.9,395.3,3,0,0,Mecánico,Alta,
402948,2026-12,Proceso,Línea 1,EQ-0310,Reactor P1,A,Preventivo,PM03,Cerrada,10.4,10.4,511.0,540.3,2,0,0,Eléctrico,Media,
402949,2026-12,Proceso,Línea 2,EQ-0330,Bomba CIP,B,Preventivo,PM02,Cerrada,10.5,10.4,349.9,322.0,3,0,0,Mecánico,Baja,
402950,2026-12,Servicios,N/A,EQ-0201,Caldera 1,A,Preventivo,PM02,Cerrada,12.9,13.5,472.4,507.3,5,0,0,Eléctrico,Media,
402951,2026-12,Envasado,Línea 1,EQ-0461,Etiquetadora L1,A,Preventivo,PM03,Cerrada,3.5,3.5,202.3,216.1,2,0,0,Eléctrico,Baja,
402952,2026-12,Servicios,N/A,EQ-0201,Caldera 1,A,Preventivo,PM02,Cerrada,21.3,20.5,1359.7,1308.3,2,0,2,Mecánico,Baja,
402953,2026-12,Envasado,Línea 2,EQ-0457,Envasadora L2,A,Predictivo,PM06,Cerrada,14.4,15.1,443.5,453.5,11,0,0,Eléctrico,Alta,
402954,2026-12,Envasado,Línea 2,EQ-0462,Etiquetadora L2,B,Preventivo,PM02,Cerrada,7.3,7.7,313.8,342.2,6,0,0,Mecánico,Alta,
402955,2026-12,Bodega,N/A,EQ-0601,Grúa horquilla 4,C,Preventivo,PM02,Cerrada,21.6,20.5,655.7,640.2,4,0,0,Instrumentación,Media,
402956,2026-12,Envasado,Línea 3,EQ-0470,Paletizador,B,Preventivo,PM03,Cerrada,7.5,8.0,263.5,275.9,9,0,0,Servicios,Baja,
402957,2026-12,Envasado,Línea 2,EQ-0457,Envasadora L2,A,Preventivo,PM02,Cerrada,6.7,7.0,287.6,320.5,11,0,0,Eléctrico,Media,
402958,2026-12,Envasado,Línea 2,EQ-0462,Etiquetadora L2,B,Correctivo,PM01,Cerrada,10.7,14.1,413.2,343.5,3,0,0,Mecánico,Alta,
402959,2026-12,Envasado,Línea 3,EQ-0470,Paletizador,B,Correctivo,PM01,Cerrada,25.9,47.7,1628.2,2127.1,7,0,0,Eléctrico,Baja,
402960,2026-12,Servicios,N/A,EQ-0210,Compresor 3,B,Preventivo,PM02,Cerrada,2.6,2.4,106.3,97.8,8,0,0,Mecánico,Baja,
402961,2026-12,Envasado,Línea 3,EQ-0470,Paletizador,B,Preventivo,PM02,Cerrada,4.0,3.8,109.5,96.4,6,0,0,Instrumentación,Media,
402962,2026-12,Servicios,N/A,EQ-0211,Chiller 1,A,Emergencia,PM05,Cerrada,4.8,6.0,241.2,186.0,1,0,0,Eléctrico,Baja,
402963,2026-12,Servicios,N/A,EQ-0202,Caldera 2,B,Mejora,PM04,Cerrada,14.0,15.2,672.3,768.9,7,6,0,Eléctrico,Alta,
402964,2026-12,Servicios,N/A,EQ-0202,Caldera 2,B,Preventivo,PM03,Cerrada,17.5,16.5,589.8,534.9,5,0,0,Mecánico,Media,
402965,2026-12,Envasado,Línea 3,EQ-0470,Paletizador,B,Preventivo,PM02,Cerrada,11.3,12.3,417.1,489.4,4,0,0,Eléctrico,Alta,
402966,2026-12,Envasado,Línea 1,EQ-0461,Etiquetadora L1,A,Mejora,PM04,Cerrada,3.7,3.6,208.3,209.3,11,0,0,Mecánico,Alta,
402967,2026-12,Proceso,Línea 2,EQ-0330,Bomba CIP,B,Correctivo,PM01,Abierta,8.2,1.1,282.4,183.6,,1,0,Eléctrico,Alta,
402968,2026-12,Servicios,N/A,EQ-0201,Caldera 1,A,Preventivo,PM02,Cerrada,20.0,22.1,991.7,1026.1,3,0,0,Mecánico,Media,
402969,2026-12,Servicios,N/A,EQ-0202,Caldera 2,B,Preventivo,PM02,Cerrada,6.9,6.9,318.0,300.7,7,0,0,Servicios,Alta,
402970,2026-12,Servicios,N/A,EQ-0201,Caldera 1,A,Correctivo,PM01,Cerrada,30.9,48.1,1912.0,2104.6,9,0,0,Eléctrico,Baja,
402971,2026-12,Envasado,Línea 2,EQ-0457,Envasadora L2,A,Correctivo,PM01,Cerrada,23.9,51.9,1848.0,2498.8,7,0,0,Mecánico,Media,
402972,2026-12,Envasado,Línea 3,EQ-0470,Paletizador,B,Correctivo,PM01,Cerrada,25.9,52.2,1067.0,1502.7,11,0,0,Instrumentación,Media,
402973,2026-12,Envasado,Línea 2,EQ-0462,Etiquetadora L2,B,Correctivo,PM01,Cerrada,22.8,45.6,1109.1,1527.2,7,0,0,Eléctrico,Media,
402974,2026-12,Servicios,N/A,EQ-0210,Compresor 3,B,Preventivo,PM02,Cerrada,22.6,24.7,980.2,1105.5,1,0,0,Eléctrico,Alta,
402975,2026-12,Servicios,N/A,EQ-0210,Compresor 3,B,Preventivo,PM02,Cerrada,25.4,24.8,790.0,833.1,6,0,0,Eléctrico,Media,
402976,2026-12,Proceso,Línea 1,EQ-0331,Bomba de proceso,C,Correctivo,PM01,Cerrada,5.9,10.5,301.1,369.6,6,0,0,Eléctrico,Media,
402977,2026-12,Envasado,Línea 2,EQ-0457,Envasadora L2,A,Preventivo,PM03,Cerrada,5.8,6.3,179.2,186.2,10,11,0,Mecánico,Baja,
402978,2026-12,Envasado,Línea 2,EQ-0462,Etiquetadora L2,B,Preventivo,PM03,Cerrada,10.5,10.9,481.7,499.1,10,0,0,Eléctrico,Alta,
402979,2026-12,Proceso,Línea 1,EQ-0310,Reactor P1,A,Preventivo,PM02,Cerrada,4.0,4.1,253.3,239.9,9,0,0,Mecánico,Media,
402980,2026-12,Proceso,Línea 1,EQ-0331,Bomba de proceso,C,Preventivo,PM02,Cerrada,6.9,7.3,127.2,132.8,4,0,0,Mecánico,Baja,
402981,2026-12,Servicios,N/A,EQ-0211,Chiller 1,A,Preventivo,PM02,Cerrada,6.5,6.2,255.9,252.2,6,0,0,Mecánico,Media,
402982,2026-12,Servicios,N/A,EQ-0210,Compresor 3,B,Preventivo,PM02,Cerrada,15.7,16.8,547.4,621.3,2,0,0,Mecánico,Media,
402983,2026-12,Servicios,N/A,EQ-0210,Compresor 3,B,Preventivo,PM03,Cerrada,6.1,6.0,153.4,143.3,2,0,0,Mecánico,Baja,
402984,2026-12,Servicios,N/A,EQ-0211,Chiller 1,A,Preventivo,PM02,Cerrada,17.7,19.6,1076.7,1267.6,4,0,0,Servicios,Baja,
402985,2026-12,Envasado,Línea 2,EQ-0457,Envasadora L2,A,Preventivo,PM02,Cerrada,18.4,18.4,909.0,858.6,2,0,0,Mecánico,Media,
402986,2026-12,Envasado,Línea 2,EQ-0457,Envasadora L2,A,Preventivo,PM02,Cerrada,4.1,4.3,153.0,171.3,11,3,16,Mecánico,Media,
402987,2026-12,Proceso,Línea 1,EQ-0310,Reactor P1,A,Preventivo,PM02,Cerrada,23.3,24.1,830.7,882.5,6,0,0,Mecánico,Baja,
402988,2026-12,Servicios,N/A,EQ-0202,Caldera 2,B,Predictivo,PM06,Abierta,4.3,0.3,105.9,25.3,,0,0,Instrumentación,Media,
402989,2026-12,Proceso,Línea 2,EQ-0320,Mezclador P2,B,Preventivo,PM03,Cerrada,18.9,17.6,881.1,892.2,10,0,0,Mecánico,Media,
402990,2026-12,Envasado,Línea 1,EQ-0455,Envasadora L1,A,Preventivo,PM02,Cerrada,3.1,3.3,129.4,148.6,3,0,0,Mecánico,Media,
402991,2026-12,Bodega,N/A,EQ-0601,Grúa horquilla 4,C,Mejora,PM04,Cerrada,20.1,21.6,589.3,686.4,3,0,0,Mecánico,Media,
402992,2026-12,Envasado,Línea 1,EQ-0455,Envasadora L1,A,Preventivo,PM03,Cerrada,12.0,13.0,379.7,428.8,10,0,0,Mecánico,Alta,
402993,2026-12,Bodega,N/A,EQ-0601,Grúa horquilla 4,C,Mejora,PM04,Abierta,9.7,3.0,165.1,1.1,,16,0,Mecánico,Alta,
402994,2026-12,Servicios,N/A,EQ-0202,Caldera 2,B,Preventivo,PM02,Cerrada,13.1,12.2,424.6,417.0,8,0,0,Eléctrico,Baja,
402995,2026-12,Servicios,N/A,EQ-0201,Caldera 1,A,Preventivo,PM02,Cerrada,8.0,8.4,503.9,507.0,2,0,0,Instrumentación,Alta,
402996,2026-12,Proceso,Línea 1,EQ-0310,Reactor P1,A,Mejora,PM04,Cerrada,11.5,12.6,699.2,712.7,4,0,0,Mecánico,Baja,
402997,2026-12,Proceso,Línea 1,EQ-0310,Reactor P1,A,Preventivo,PM02,Cerrada,6.3,6.4,229.6,235.7,10,0,0,Mecánico,Media,
402998,2026-12,Envasado,Línea 1,EQ-0461,Etiquetadora L1,A,Emergencia,PM05,Cerrada,23.2,42.4,2183.9,2509.2,6,0,0,Eléctrico,Baja,
402999,2026-12,Proceso,Línea 1,EQ-0331,Bomba de proceso,C,Preventivo,PM02,Cerrada,2.8,3.0,82.1,83.8,4,0,2,Eléctrico,Media,
403000,2026-12,Envasado,Línea 1,EQ-0455,Envasadora L1,A,Preventivo,PM02,Cerrada,6.1,6.7,331.8,370.4,10,0,0,Mecánico,Media,
403001,2026-12,Proceso,Línea 2,EQ-0330,Bomba CIP,B,Preventivo,PM02,Cerrada,21.0,20.0,976.0,860.7,10,0,0,Mecánico,Baja,
403002,2026-12,Servicios,N/A,EQ-0202,Caldera 2,B,Mejora,PM04,Cerrada,18.0,16.7,563.6,530.4,3,0,0,Servicios,Media,
403003,2026-12,Proceso,Línea 1,EQ-0311,Intercambiador P1,B,Mejora,PM04,Cerrada,8.9,9.3,309.6,350.6,5,0,0,Mecánico,Media,
403004,2026-12,Envasado,Línea 1,EQ-0455,Envasadora L1,A,Preventivo,PM02,Cerrada,17.9,19.3,858.7,931.0,3,0,0,Mecánico,Baja,
403005,2026-12,Servicios,N/A,EQ-0211,Chiller 1,A,Preventivo,PM03,Cerrada,17.1,16.2,918.7,901.2,7,0,0,Mecánico,Baja,
403006,2026-12,Proceso,Línea 2,EQ-0320,Mezclador P2,B,Preventivo,PM02,Cerrada,6.7,6.4,217.6,200.7,1,0,0,Mecánico,Baja,
403007,2026-12,Envasado,Línea 3,EQ-0470,Paletizador,B,Correctivo,PM01,Cerrada,28.2,35.2,1797.0,1458.1,1,0,0,Servicios,Baja,
403008,2026-12,Envasado,Línea 2,EQ-0457,Envasadora L2,A,Preventivo,PM02,Cerrada,25.8,27.4,899.5,981.1,9,0,0,Eléctrico,Media,
403009,2026-12,Servicios,N/A,EQ-0211,Chiller 1,A,Preventivo,PM02,Cerrada,3.3,3.5,168.6,176.3,3,0,0,Mecánico,Alta,
403010,2026-12,Servicios,N/A,EQ-0201,Caldera 1,A,Correctivo,PM01,Cerrada,14.8,29.3,910.8,1260.5,3,0,0,Instrumentación,Media,
403011,2026-12,Servicios,N/A,EQ-0202,Caldera 2,B,Preventivo,PM03,Abierta,14.4,4.2,481.2,6.4,,35,0,Mecánico,Baja,Requiere parada de planta
403012,2026-12,Servicios,N/A,EQ-0210,Compresor 3,B,Correctivo,PM01,Cerrada,22.2,31.4,1543.9,1554.8,7,0,0,Eléctrico,Media,
403013,2026-12,Envasado,Línea 1,EQ-0461,Etiquetadora L1,A,Correctivo,PM01,Cerrada,31.8,63.1,2849.1,3714.5,4,0,0,Mecánico,Baja,
403014,2026-12,Bodega,N/A,EQ-0601,Grúa horquilla 4,C,Preventivo,PM02,Cerrada,23.1,25.6,509.3,602.1,1,0,0,Eléctrico,Alta,
403015,2026-12,Servicios,N/A,EQ-0210,Compresor 3,B,Preventivo,PM02,Cerrada,6.5,6.1,250.5,248.5,1,0,0,Eléctrico,Alta,
403016,2026-12,Servicios,N/A,EQ-0202,Caldera 2,B,Preventivo,PM02,Cerrada,9.3,9.5,257.5,242.7,9,0,0,Instrumentación,Media,
403017,2026-12,Servicios,N/A,EQ-0211,Chiller 1,A,Correctivo,PM01,Cerrada,32.0,46.6,1892.2,1854.4,3,0,0,Mecánico,Media,
403018,2026-12,Envasado,Línea 2,EQ-0462,Etiquetadora L2,B,Preventivo,PM02,Cerrada,22.5,25.1,976.6,1166.7,4,0,0,Mecánico,Baja,
403019,2026-12,Envasado,Línea 2,EQ-0457,Envasadora L2,A,Preventivo,PM02,Cerrada,18.3,19.5,895.1,948.1,6,0,0,Instrumentación,Media,
403020,2026-12,Proceso,Línea 1,EQ-0331,Bomba de proceso,C,Preventivo,PM03,Cerrada,14.4,14.9,486.1,518.1,1,0,0,Eléctrico,Media,
403021,2026-12,Envasado,Línea 2,EQ-0457,Envasadora L2,A,Correctivo,PM01,Cerrada,9.2,18.9,852.9,1077.9,8,0,0,Instrumentación,Media,
403022,2026-12,Proceso,Línea 1,EQ-0311,Intercambiador P1,B,Preventivo,PM02,Cerrada,13.1,13.1,313.1,329.7,7,0,0,Mecánico,Baja,
403023,2026-12,Envasado,Línea 2,EQ-0462,Etiquetadora L2,B,Preventivo,PM02,Cerrada,2.7,2.7,102.8,94.6,4,0,0,Eléctrico,Media,
403024,2026-12,Envasado,Línea 2,EQ-0457,Envasadora L2,A,Correctivo,PM01,Abierta,18.5,7.4,1464.0,575.0,,0,1,Instrumentación,Media,
403025,2026-12,Envasado,Línea 1,EQ-0455,Envasadora L1,A,Preventivo,PM02,Cerrada,25.5,27.8,1288.1,1384.2,9,0,1,Mecánico,Media,
403026,2026-12,Servicios,N/A,EQ-0201,Caldera 1,A,Preventivo,PM02,Cerrada,10.7,10.8,660.0,726.8,7,0,0,Mecánico,Media,
403027,2026-12,Envasado,Línea 1,EQ-0455,Envasadora L1,A,Correctivo,PM01,Cerrada,8.4,14.3,571.4,672.9,5,0,0,Mecánico,Media,
403028,2026-12,Proceso,Línea 2,EQ-0330,Bomba CIP,B,Preventivo,PM03,Cerrada,8.7,8.2,232.3,216.2,11,0,0,Mecánico,Baja,
403029,2026-12,Servicios,N/A,EQ-0211,Chiller 1,A,Correctivo,PM01,Cerrada,16.2,28.5,1033.0,1228.6,0,0,0,Instrumentación,Alta,
403030,2026-12,Proceso,Línea 1,EQ-0311,Intercambiador P1,B,Preventivo,PM02,Cerrada,12.9,12.7,533.7,555.2,7,0,0,Servicios,Media,
403031,2026-12,Proceso,Línea 2,EQ-0330,Bomba CIP,B,Correctivo,PM01,Cerrada,5.3,9.5,357.6,432.4,2,0,0,Mecánico,Media,
403032,2026-12,Proceso,Línea 1,EQ-0311,Intercambiador P1,B,Preventivo,PM02,Cerrada,24.3,25.5,648.0,714.9,2,0,0,Mecánico,Baja,
403033,2026-12,Proceso,Línea 1,EQ-0310,Reactor P1,A,Preventivo,PM02,Cerrada,7.0,6.8,385.1,344.9,9,0,0,Mecánico,Media,
403034,2026-12,Envasado,Línea 1,EQ-0455,Envasadora L1,A,Preventivo,PM02,Cerrada,22.2,23.3,1034.6,1025.0,10,0,0,Mecánico,Media,
403035,2026-12,Envasado,Línea 1,EQ-0461,Etiquetadora L1,A,Preventivo,PM02,Cerrada,20.7,21.5,921.5,954.8,1,0,0,Servicios,Media,
403036,2026-12,Envasado,Línea 1,EQ-0455,Envasadora L1,A,Preventivo,PM03,Abierta,10.2,0.1,626.0,76.4,,13,0,Mecánico,Alta,
403037,2026-12,Bodega,N/A,EQ-0601,Grúa horquilla 4,C,Mejora,PM04,Cerrada,16.4,16.2,475.3,464.7,6,0,0,Mecánico,Alta,
403038,2026-12,Proceso,Línea 1,EQ-0311,Intercambiador P1,B,Preventivo,PM03,Cerrada,6.4,5.9,245.1,214.9,11,0,0,Mecánico,Alta,
403039,2026-12,Envasado,Línea 3,EQ-0471,Transportador L3,C,Preventivo,PM02,Cerrada,16.8,16.2,496.4,477.6,3,0,0,Mecánico,Alta,
403040,2026-12,Servicios,N/A,EQ-0202,Caldera 2,B,Correctivo,PM01,Cerrada,3.8,6.8,181.8,218.1,10,0,2,Mecánico,Media,
403041,2026-12,Envasado,Línea 1,EQ-0461,Etiquetadora L1,A,Preventivo,PM02,Cerrada,14.5,14.4,780.6,774.7,7,0,0,Mecánico,Media,
403042,2026-12,Envasado,Línea 2,EQ-0462,Etiquetadora L2,B,Predictivo,PM06,Cerrada,6.7,6.3,306.4,269.5,11,0,0,Mecánico,Baja,
403043,2026-12,Envasado,Línea 3,EQ-0471,Transportador L3,C,Preventivo,PM03,Cerrada,21.6,23.3,550.3,630.0,5,0,2,Mecánico,Media,
403044,2026-12,Proceso,Línea 1,EQ-0331,Bomba de proceso,C,Preventivo,PM03,Cerrada,25.6,27.2,727.9,745.4,1,0,0,Mecánico,Baja,
