Aviso,AnioMes,Equipo,DenominacionEquipo,Area,Linea,Criticidad,Causa,DuracionParada_h,CategoriaPerdida,LigadoAOrden
900001,2025-01,EQ-0330,Bomba CIP,Proceso,Línea 2,B,Contaminación,7.6,Averías,1
900002,2025-01,EQ-0462,Etiquetadora L2,Envasado,Línea 2,B,Obstrucción,4.4,Defectos y reproceso,1
900003,2025-01,EQ-0457,Envasadora L2,Envasado,Línea 2,A,Obstrucción,14.3,Setup y ajustes,1
900004,2025-01,EQ-0470,Paletizador,Envasado,Línea 3,B,Contaminación,9.4,Paradas menores,1
900005,2025-01,EQ-0310,Reactor P1,Proceso,Línea 1,A,Ajuste incorrecto,12.3,Defectos y reproceso,1
900006,2025-01,EQ-0457,Envasadora L2,Envasado,Línea 2,A,Desalineamiento,4.1,Averías,1
900007,2025-01,EQ-0470,Paletizador,Envasado,Línea 3,B,Falta de lubricación,8.6,Defectos y reproceso,1
900008,2025-01,EQ-0470,Paletizador,Envasado,Línea 3,B,Desgaste,1.7,Defectos y reproceso,1
900009,2025-01,EQ-0310,Reactor P1,Proceso,Línea 1,A,Desalineamiento,2.8,Paradas menores,1
900010,2025-01,EQ-0210,Compresor 3,Servicios,N/A,B,Obstrucción,8.4,Paradas menores,1
900011,2025-01,EQ-0457,Envasadora L2,Envasado,Línea 2,A,Desalineamiento,8.0,Averías,1
900012,2025-01,EQ-0457,Envasadora L2,Envasado,Línea 2,A,Fatiga de material,11.7,Paradas menores,1
900013,2025-01,EQ-0330,Bomba CIP,Proceso,Línea 2,B,Desgaste,3.2,Setup y ajustes,1
900014,2025-01,EQ-0311,Intercambiador P1,Proceso,Línea 1,B,Obstrucción,8.3,Pérdida de velocidad,1
900015,2025-01,EQ-0310,Reactor P1,Proceso,Línea 1,A,Desalineamiento,12.4,Setup y ajustes,1
900016,2025-01,EQ-0462,Etiquetadora L2,Envasado,Línea 2,B,Contaminación,5.1,Averías,1
900017,2025-01,EQ-0457,Envasadora L2,Envasado,Línea 2,A,Fatiga de material,6.9,Averías,0
900018,2025-01,EQ-0457,Envasadora L2,Envasado,Línea 2,A,Ajuste incorrecto,5.3,Averías,0
900019,2025-01,EQ-0461,Etiquetadora L1,Envasado,Línea 1,A,Obstrucción,9.2,Averías,1
900020,2025-01,EQ-0457,Envasadora L2,Envasado,Línea 2,A,Desalineamiento,5.0,Pérdida de velocidad,1
900021,2025-01,EQ-0310,Reactor P1,Proceso,Línea 1,A,Obstrucción,6.2,Averías,1
900022,2025-01,EQ-0211,Chiller 1,Servicios,N/A,A,Obstrucción,4.0,Defectos y reproceso,1
900023,2025-01,EQ-0201,Caldera 1,Servicios,N/A,A,Desgaste,1.8,Setup y ajustes,1
900024,2025-01,EQ-0461,Etiquetadora L1,Envasado,Línea 1,A,Fatiga de material,6.0,Pérdida de velocidad,1
900025,2025-01,EQ-0457,Envasadora L2,Envasado,Línea 2,A,Falta de lubricación,5.4,Paradas menores,1
900026,2025-01,EQ-0330,Bomba CIP,Proceso,Línea 2,B,Desgaste,8.9,Paradas menores,0
900027,2025-01,EQ-0320,Mezclador P2,Proceso,Línea 2,B,Falla eléctrica,3.0,Averías,1
900028,2025-01,EQ-0457,Envasadora L2,Envasado,Línea 2,A,Ajuste incorrecto,10.7,Paradas menores,0
900029,2025-01,EQ-0457,Envasadora L2,Envasado,Línea 2,A,Ajuste incorrecto,12.8,Averías,1
900030,2025-01,EQ-0210,Compresor 3,Servicios,N/A,B,Falta de lubricación,1.9,Defectos y reproceso,0
900031,2025-01,EQ-0210,Compresor 3,Servicios,N/A,B,Ajuste incorrecto,4.6,Setup y ajustes,1
900032,2025-01,EQ-0457,Envasadora L2,Envasado,Línea 2,A,Desalineamiento,11.4,Paradas menores,1
900033,2025-01,EQ-0310,Reactor P1,Proceso,Línea 1,A,Desgaste,9.8,Defectos y reproceso,1
900034,2025-01,EQ-0320,Mezclador P2,Proceso,Línea 2,B,Fatiga de material,3.5,Averías,1
900035,2025-01,EQ-0331,Bomba de proceso,Proceso,Línea 1,C,Falla eléctrica,0.8,Averías,1
900036,2025-01,EQ-0210,Compresor 3,Servicios,N/A,B,Falta de lubricación,11.2,Averías,0
900037,2025-01,EQ-0470,Paletizador,Envasado,Línea 3,B,Falta de lubricación,6.9,Paradas menores,1
900038,2025-01,EQ-0457,Envasadora L2,Envasado,Línea 2,A,Desalineamiento,11.6,Averías,1
900039,2025-01,EQ-0470,Paletizador,Envasado,Línea 3,B,Falla eléctrica,9.4,Averías,1
900040,2025-01,EQ-0202,Caldera 2,Servicios,N/A,B,Desgaste,8.9,Averías,1
900041,2025-01,EQ-0330,Bomba CIP,Proceso,Línea 2,B,Desalineamiento,1.6,Defectos y reproceso,1
900042,2025-01,EQ-0470,Paletizador,Envasado,Línea 3,B,Desgaste,8.6,Paradas menores,1
900043,2025-01,EQ-0211,Chiller 1,Servicios,N/A,A,Falla eléctrica,12.1,Arranque,1
900044,2025-01,EQ-0310,Reactor P1,Proceso,Línea 1,A,Contaminación,1.9,Defectos y reproceso,0
900045,2025-01,EQ-0455,Envasadora L1,Envasado,Línea 1,A,Falla eléctrica,11.2,Pérdida de velocidad,1
900046,2025-01,EQ-0457,Envasadora L2,Envasado,Línea 2,A,Falta de lubricación,5.7,Averías,1
900047,2025-01,EQ-0461,Etiquetadora L1,Envasado,Línea 1,A,Desalineamiento,9.0,Pérdida de velocidad,1
900048,2025-01,EQ-0457,Envasadora L2,Envasado,Línea 2,A,Desgaste,11.1,Averías,1
900049,2025-01,EQ-0310,Reactor P1,Proceso,Línea 1,A,Falta de lubricación,14.8,Setup y ajustes,1
900050,2025-01,EQ-0470,Paletizador,Envasado,Línea 3,B,Ajuste incorrecto,2.2,Pérdida de velocidad,1
900051,2025-01,EQ-0470,Paletizador,Envasado,Línea 3,B,Desalineamiento,7.2,Setup y ajustes,1
900052,2025-01,EQ-0210,Compresor 3,Servicios,N/A,B,Desalineamiento,2.3,Averías,0
900053,2025-01,EQ-0457,Envasadora L2,Envasado,Línea 2,A,Obstrucción,12.8,Pérdida de velocidad,1
900054,2025-01,EQ-0462,Etiquetadora L2,Envasado,Línea 2,B,Desalineamiento,7.3,Averías,1
900055,2025-01,EQ-0470,Paletizador,Envasado,Línea 3,B,Obstrucción,5.7,Paradas menores,1
900056,2025-01,EQ-0330,Bomba CIP,Proceso,Línea 2,B,Falla eléctrica,3.0,Averías,1
900057,2025-01,EQ-0457,Envasadora L2,Envasado,Línea 2,A,Desalineamiento,7.0,Pérdida de velocidad,1
900058,2025-01,EQ-0210,Compresor 3,Servicios,N/A,B,Falta de lubricación,1.5,Paradas menores,1
900059,2025-01,EQ-0310,Reactor P1,Proceso,Línea 1,A,Falta de lubricación,10.9,Averías,1
900060,2025-01,EQ-0457,Envasadora L2,Envasado,Línea 2,A,Contaminación,15.0,Defectos y reproceso,1
900061,2025-01,EQ-0461,Etiquetadora L1,Envasado,Línea 1,A,Fatiga de material,4.2,Paradas menores,0
900062,2025-01,EQ-0331,Bomba de proceso,Proceso,Línea 1,C,Fatiga de material,1.9,Averías,0
900063,2025-01,EQ-0455,Envasadora L1,Envasado,Línea 1,A,Falla eléctrica,2.9,Averías,0
900064,2025-01,EQ-0211,Chiller 1,Servicios,N/A,A,Falta de lubricación,4.9,Paradas menores,1
900065,2025-01,EQ-0457,Envasadora L2,Envasado,Línea 2,A,Falta de lubricación,3.6,Setup y ajustes,1
900066,2025-01,EQ-0457,Envasadora L2,Envasado,Línea 2,A,Desalineamiento,12.8,Setup y ajustes,1
900067,2025-01,EQ-0457,Envasadora L2,Envasado,Línea 2,A,Contaminación,6.1,Averías,1
900068,2025-01,EQ-0320,Mezclador P2,Proceso,Línea 2,B,Desgaste,3.1,Paradas menores,1
900069,2025-01,EQ-0210,Compresor 3,Servicios,N/A,B,Falla eléctrica,8.2,Setup y ajustes,1
900070,2025-01,EQ-0457,Envasadora L2,Envasado,Línea 2,A,Falla eléctrica,6.5,Averías,1
900071,2025-01,EQ-0310,Reactor P1,Proceso,Línea 1,A,Desalineamiento,9.0,Arranque,1
900072,2025-01,EQ-0310,Reactor P1,Proceso,Línea 1,A,Desgaste,8.0,Paradas menores,1
900073,2025-01,EQ-0311,Intercambiador P1,Proceso,Línea 1,B,Ajuste incorrecto,6.2,Paradas menores,0
900074,2025-01,EQ-0457,Envasadora L2,Envasado,Línea 2,A,Desgaste,6.4,Paradas menores,1
900075,2025-01,EQ-0210,Compresor 3,Servicios,N/A,B,Falta de lubricación,7.8,Paradas menores,1
900076,2025-01,EQ-0455,Envasadora L1,Envasado,Línea 1,A,Falta de lubricación,4.1,Pérdida de velocidad,0
900077,2025-01,EQ-0455,Envasadora L1,Envasado,Línea 1,A,Falla eléctrica,14.3,Setup y ajustes,1
900078,2025-01,EQ-0202,Caldera 2,Servicios,N/A,B,Desgaste,8.1,Averías,1
900079,2025-01,EQ-0455,Envasadora L1,Envasado,Línea 1,A,Falla eléctrica,11.8,Defectos y reproceso,0
900080,2025-01,EQ-0461,Etiquetadora L1,Envasado,Línea 1,A,Contaminación,6.9,Paradas menores,1
900081,2025-01,EQ-0471,Transportador L3,Envasado,Línea 3,C,Ajuste incorrecto,4.2,Defectos y reproceso,1
900082,2025-01,EQ-0455,Envasadora L1,Envasado,Línea 1,A,Falla eléctrica,12.4,Paradas menores,1
900083,2025-01,EQ-0457,Envasadora L2,Envasado,Línea 2,A,Desgaste,8.3,Defectos y reproceso,1
900084,2025-01,EQ-0310,Reactor P1,Proceso,Línea 1,A,Desgaste,8.7,Averías,1
900085,2025-01,EQ-0457,Envasadora L2,Envasado,Línea 2,A,Falta de lubricación,9.2,Defectos y reproceso,1
900086,2025-01,EQ-0211,Chiller 1,Servicios,N/A,A,Desalineamiento,9.3,Averías,1
900087,2025-01,EQ-0201,Caldera 1,Servicios,N/A,A,Falla eléctrica,9.5,Averías,1
900088,2025-01,EQ-0601,Grúa horquilla 4,Bodega,N/A,C,Desalineamiento,3.9,Defectos y reproceso,1
900089,2025-01,EQ-0601,Grúa horquilla 4,Bodega,N/A,C,Fatiga de material,1.5,Paradas menores,1
900090,2025-01,EQ-0462,Etiquetadora L2,Envasado,Línea 2,B,Fatiga de material,1.9,Averías,1
900091,2025-01,EQ-0461,Etiquetadora L1,Envasado,Línea 1,A,Desgaste,1.7,Averías,1
900092,2025-01,EQ-0320,Mezclador P2,Proceso,Línea 2,B,Desgaste,9.8,Averías,1
900093,2025-01,EQ-0201,Caldera 1,Servicios,N/A,A,Falla eléctrica,6.6,Averías,1
900094,2025-01,EQ-0331,Bomba de proceso,Proceso,Línea 1,C,Falla eléctrica,6.4,Averías,1
900095,2025-01,EQ-0455,Envasadora L1,Envasado,Línea 1,A,Desgaste,4.0,Averías,0
900096,2025-01,EQ-0201,Caldera 1,Servicios,N/A,A,Obstrucción,5.9,Pérdida de velocidad,1
900097,2025-01,EQ-0601,Grúa horquilla 4,Bodega,N/A,C,Falta de lubricación,1.9,Paradas menores,1
900098,2025-01,EQ-0201,Caldera 1,Servicios,N/A,A,Ajuste incorrecto,12.6,Paradas menores,1
900099,2025-01,EQ-0210,Compresor 3,Servicios,N/A,B,Fatiga de material,1.1,Setup y ajustes,1
900100,2025-01,EQ-0457,Envasadora L2,Envasado,Línea 2,A,Desalineamiento,13.2,Averías,1
900101,2025-01,EQ-0330,Bomba CIP,Proceso,Línea 2,B,Desgaste,5.9,Averías,1
900102,2025-01,EQ-0462,Etiquetadora L2,Envasado,Línea 2,B,Fatiga de material,7.2,Setup y ajustes,1
900103,2025-01,EQ-0330,Bomba CIP,Proceso,Línea 2,B,Desgaste,11.0,Averías,1
900104,2025-01,EQ-0211,Chiller 1,Servicios,N/A,A,Ajuste incorrecto,7.8,Averías,1
900105,2025-01,EQ-0462,Etiquetadora L2,Envasado,Línea 2,B,Desalineamiento,4.1,Paradas menores,1
900106,2025-01,EQ-0211,Chiller 1,Servicios,N/A,A,Desalineamiento,12.0,Defectos y reproceso,1
900107,2025-01,EQ-0210,Compresor 3,Servicios,N/A,B,Falta de lubricación,7.2,Averías,0
900108,2025-01,EQ-0210,Compresor 3,Servicios,N/A,B,Desalineamiento,5.1,Averías,1
900109,2025-02,EQ-0462,Etiquetadora L2,Envasado,Línea 2,B,Falta de lubricación,10.8,Paradas menores,1
900110,2025-02,EQ-0470,Paletizador,Envasado,Línea 3,B,Desalineamiento,8.7,Averías,1
900111,2025-02,EQ-0461,Etiquetadora L1,Envasado,Línea 1,A,Desgaste,6.8,Pérdida de velocidad,1
900112,2025-02,EQ-0470,Paletizador,Envasado,Línea 3,B,Falla eléctrica,3.9,Pérdida de velocidad,1
900113,2025-02,EQ-0320,Mezclador P2,Proceso,Línea 2,B,Desgaste,5.3,Averías,0
900114,2025-02,EQ-0310,Reactor P1,Proceso,Línea 1,A,Falta de lubricación,4.3,Setup y ajustes,1
900115,2025-02,EQ-0330,Bomba CIP,Proceso,Línea 2,B,Falta de lubricación,3.4,Setup y ajustes,1
900116,2025-02,EQ-0457,Envasadora L2,Envasado,Línea 2,A,Ajuste incorrecto,1.4,Defectos y reproceso,1
900117,2025-02,EQ-0457,Envasadora L2,Envasado,Línea 2,A,Falta de lubricación,7.8,Averías,1
900118,2025-02,EQ-0462,Etiquetadora L2,Envasado,Línea 2,B,Desalineamiento,5.9,Averías,1
900119,2025-02,EQ-0201,Caldera 1,Servicios,N/A,A,Desgaste,4.6,Averías,1
900120,2025-02,EQ-0470,Paletizador,Envasado,Línea 3,B,Desalineamiento,6.3,Averías,1
900121,2025-02,EQ-0457,Envasadora L2,Envasado,Línea 2,A,Desgaste,12.3,Paradas menores,1
900122,2025-02,EQ-0201,Caldera 1,Servicios,N/A,A,Falla eléctrica,8.5,Averías,1
900123,2025-02,EQ-0470,Paletizador,Envasado,Línea 3,B,Desgaste,3.7,Paradas menores,1
900124,2025-02,EQ-0455,Envasadora L1,Envasado,Línea 1,A,Desalineamiento,12.6,Paradas menores,1
900125,2025-02,EQ-0320,Mezclador P2,Proceso,Línea 2,B,Falla eléctrica,5.6,Averías,1
900126,2025-02,EQ-0470,Paletizador,Envasado,Línea 3,B,Ajuste incorrecto,5.6,Paradas menores,1
900127,2025-02,EQ-0331,Bomba de proceso,Proceso,Línea 1,C,Contaminación,7.3,Averías,0
900128,2025-02,EQ-0211,Chiller 1,Servicios,N/A,A,Desalineamiento,7.0,Averías,1
900129,2025-02,EQ-0211,Chiller 1,Servicios,N/A,A,Obstrucción,2.2,Averías,1
900130,2025-02,EQ-0210,Compresor 3,Servicios,N/A,B,Desalineamiento,4.9,Averías,1
900131,2025-02,EQ-0455,Envasadora L1,Envasado,Línea 1,A,Ajuste incorrecto,12.9,Defectos y reproceso,1
900132,2025-02,EQ-0457,Envasadora L2,Envasado,Línea 2,A,Falla eléctrica,12.1,Paradas menores,1
900133,2025-02,EQ-0310,Reactor P1,Proceso,Línea 1,A,Fatiga de material,3.3,Averías,0
900134,2025-02,EQ-0601,Grúa horquilla 4,Bodega,N/A,C,Desgaste,7.6,Pérdida de velocidad,0
900135,2025-02,EQ-0331,Bomba de proceso,Proceso,Línea 1,C,Falla eléctrica,0.9,Averías,1
900136,2025-02,EQ-0310,Reactor P1,Proceso,Línea 1,A,Desalineamiento,11.1,Paradas menores,1
900137,2025-02,EQ-0461,Etiquetadora L1,Envasado,Línea 1,A,Ajuste incorrecto,7.6,Averías,1
900138,2025-02,EQ-0471,Transportador L3,Envasado,Línea 3,C,Desalineamiento,4.4,Defectos y reproceso,0
900139,2025-02,EQ-0201,Caldera 1,Servicios,N/A,A,Desalineamiento,12.2,Pérdida de velocidad,1
900140,2025-02,EQ-0311,Intercambiador P1,Proceso,Línea 1,B,Fatiga de material,5.1,Paradas menores,1
900141,2025-02,EQ-0457,Envasadora L2,Envasado,Línea 2,A,Desgaste,1.9,Paradas menores,1
900142,2025-02,EQ-0457,Envasadora L2,Envasado,Línea 2,A,Falla eléctrica,2.0,Pérdida de velocidad,1
900143,2025-02,EQ-0310,Reactor P1,Proceso,Línea 1,A,Desalineamiento,9.3,Averías,0
900144,2025-02,EQ-0471,Transportador L3,Envasado,Línea 3,C,Desalineamiento,2.7,Arranque,1
900145,2025-02,EQ-0457,Envasadora L2,Envasado,Línea 2,A,Desalineamiento,11.3,Arranque,1
900146,2025-02,EQ-0457,Envasadora L2,Envasado,Línea 2,A,Fatiga de material,3.8,Defectos y reproceso,1
900147,2025-02,EQ-0462,Etiquetadora L2,Envasado,Línea 2,B,Desalineamiento,4.6,Averías,1
900148,2025-02,EQ-0320,Mezclador P2,Proceso,Línea 2,B,Desalineamiento,1.2,Averías,1
900149,2025-02,EQ-0457,Envasadora L2,Envasado,Línea 2,A,Desgaste,9.0,Averías,1
900150,2025-02,EQ-0201,Caldera 1,Servicios,N/A,A,Desgaste,7.7,Setup y ajustes,1
900151,2025-02,EQ-0462,Etiquetadora L2,Envasado,Línea 2,B,Desalineamiento,7.1,Pérdida de velocidad,1
900152,2025-02,EQ-0457,Envasadora L2,Envasado,Línea 2,A,Falla eléctrica,9.7,Averías,1
900153,2025-02,EQ-0310,Reactor P1,Proceso,Línea 1,A,Fatiga de material,3.4,Paradas menores,1
900154,2025-02,EQ-0201,Caldera 1,Servicios,N/A,A,Fatiga de material,9.3,Averías,1
900155,2025-02,EQ-0330,Bomba CIP,Proceso,Línea 2,B,Obstrucción,1.5,Averías,1
900156,2025-02,EQ-0331,Bomba de proceso,Proceso,Línea 1,C,Falta de lubricación,2.4,Pérdida de velocidad,1
900157,2025-02,EQ-0455,Envasadora L1,Envasado,Línea 1,A,Obstrucción,11.2,Arranque,1
900158,2025-02,EQ-0311,Intercambiador P1,Proceso,Línea 1,B,Falla eléctrica,1.8,Averías,1
900159,2025-02,EQ-0210,Compresor 3,Servicios,N/A,B,Desalineamiento,7.6,Averías,1
900160,2025-02,EQ-0461,Etiquetadora L1,Envasado,Línea 1,A,Desalineamiento,2.3,Arranque,1
900161,2025-02,EQ-0461,Etiquetadora L1,Envasado,Línea 1,A,Falla eléctrica,3.5,Defectos y reproceso,1
900162,2025-02,EQ-0331,Bomba de proceso,Proceso,Línea 1,C,Falta de lubricación,1.6,Averías,1
900163,2025-02,EQ-0211,Chiller 1,Servicios,N/A,A,Falta de lubricación,1.5,Averías,1
900164,2025-02,EQ-0601,Grúa horquilla 4,Bodega,N/A,C,Desalineamiento,6.6,Setup y ajustes,1
900165,2025-02,EQ-0310,Reactor P1,Proceso,Línea 1,A,Desalineamiento,2.0,Pérdida de velocidad,1
900166,2025-02,EQ-0310,Reactor P1,Proceso,Línea 1,A,Ajuste incorrecto,7.5,Setup y ajustes,1
900167,2025-02,EQ-0462,Etiquetadora L2,Envasado,Línea 2,B,Falla eléctrica,3.3,Averías,1
900168,2025-02,EQ-0320,Mezclador P2,Proceso,Línea 2,B,Desalineamiento,8.9,Paradas menores,1
900169,2025-02,EQ-0462,Etiquetadora L2,Envasado,Línea 2,B,Desalineamiento,8.5,Paradas menores,1
900170,2025-02,EQ-0601,Grúa horquilla 4,Bodega,N/A,C,Falta de lubricación,6.0,Pérdida de velocidad,1
900171,2025-02,EQ-0201,Caldera 1,Servicios,N/A,A,Desalineamiento,1.3,Setup y ajustes,1
900172,2025-02,EQ-0461,Etiquetadora L1,Envasado,Línea 1,A,Fatiga de material,9.8,Averías,1
900173,2025-02,EQ-0320,Mezclador P2,Proceso,Línea 2,B,Falla eléctrica,4.7,Averías,1
900174,2025-02,EQ-0330,Bomba CIP,Proceso,Línea 2,B,Fatiga de material,3.7,Setup y ajustes,1
900175,2025-02,EQ-0331,Bomba de proceso,Proceso,Línea 1,C,Falta de lubricación,4.8,Setup y ajustes,0
900176,2025-02,EQ-0311,Intercambiador P1,Proceso,Línea 1,B,Obstrucción,1.9,Defectos y reproceso,1
900177,2025-02,EQ-0310,Reactor P1,Proceso,Línea 1,A,Desgaste,9.1,Pérdida de velocidad,1
900178,2025-02,EQ-0457,Envasadora L2,Envasado,Línea 2,A,Contaminación,8.5,Averías,1
900179,2025-02,EQ-0471,Transportador L3,Envasado,Línea 3,C,Fatiga de material,0.7,Averías,1
900180,2025-02,EQ-0210,Compresor 3,Servicios,N/A,B,Obstrucción,4.0,Averías,1
900181,2025-02,EQ-0455,Envasadora L1,Envasado,Línea 1,A,Fatiga de material,1.3,Arranque,1
900182,2025-02,EQ-0457,Envasadora L2,Envasado,Línea 2,A,Desalineamiento,10.6,Pérdida de velocidad,0
900183,2025-02,EQ-0210,Compresor 3,Servicios,N/A,B,Ajuste incorrecto,1.0,Paradas menores,1
900184,2025-02,EQ-0310,Reactor P1,Proceso,Línea 1,A,Falla eléctrica,14.8,Defectos y reproceso,1
900185,2025-02,EQ-0455,Envasadora L1,Envasado,Línea 1,A,Desalineamiento,2.8,Defectos y reproceso,0
900186,2025-02,EQ-0211,Chiller 1,Servicios,N/A,A,Desalineamiento,7.1,Arranque,0
900187,2025-02,EQ-0311,Intercambiador P1,Proceso,Línea 1,B,Desalineamiento,3.8,Setup y ajustes,1
900188,2025-02,EQ-0457,Envasadora L2,Envasado,Línea 2,A,Falla eléctrica,14.6,Pérdida de velocidad,1
900189,2025-02,EQ-0210,Compresor 3,Servicios,N/A,B,Desgaste,8.3,Averías,1
900190,2025-02,EQ-0455,Envasadora L1,Envasado,Línea 1,A,Desalineamiento,11.7,Averías,1
900191,2025-02,EQ-0311,Intercambiador P1,Proceso,Línea 1,B,Contaminación,10.0,Averías,0
900192,2025-02,EQ-0210,Compresor 3,Servicios,N/A,B,Desalineamiento,4.1,Setup y ajustes,1
900193,2025-02,EQ-0470,Paletizador,Envasado,Línea 3,B,Desgaste,7.9,Setup y ajustes,1
900194,2025-02,EQ-0457,Envasadora L2,Envasado,Línea 2,A,Desalineamiento,2.0,Averías,1
900195,2025-02,EQ-0457,Envasadora L2,Envasado,Línea 2,A,Fatiga de material,2.3,Averías,1
900196,2025-02,EQ-0457,Envasadora L2,Envasado,Línea 2,A,Desgaste,10.8,Averías,1
900197,2025-02,EQ-0461,Etiquetadora L1,Envasado,Línea 1,A,Desalineamiento,13.8,Averías,1
900198,2025-02,EQ-0461,Etiquetadora L1,Envasado,Línea 1,A,Falla eléctrica,8.5,Paradas menores,1
900199,2025-02,EQ-0462,Etiquetadora L2,Envasado,Línea 2,B,Fatiga de material,5.8,Averías,1
900200,2025-02,EQ-0470,Paletizador,Envasado,Línea 3,B,Falta de lubricación,10.3,Pérdida de velocidad,1
900201,2025-02,EQ-0461,Etiquetadora L1,Envasado,Línea 1,A,Falta de lubricación,13.2,Averías,1
900202,2025-02,EQ-0601,Grúa horquilla 4,Bodega,N/A,C,Contaminación,1.6,Averías,1
900203,2025-02,EQ-0310,Reactor P1,Proceso,Línea 1,A,Falta de lubricación,11.7,Averías,1
900204,2025-02,EQ-0330,Bomba CIP,Proceso,Línea 2,B,Obstrucción,1.8,Averías,1
900205,2025-02,EQ-0601,Grúa horquilla 4,Bodega,N/A,C,Contaminación,1.7,Setup y ajustes,1
900206,2025-02,EQ-0470,Paletizador,Envasado,Línea 3,B,Fatiga de material,2.4,Averías,1
900207,2025-02,EQ-0601,Grúa horquilla 4,Bodega,N/A,C,Ajuste incorrecto,3.5,Paradas menores,1
900208,2025-02,EQ-0471,Transportador L3,Envasado,Línea 3,C,Desgaste,7.4,Arranque,1
900209,2025-02,EQ-0457,Envasadora L2,Envasado,Línea 2,A,Desalineamiento,13.4,Averías,1
900210,2025-02,EQ-0455,Envasadora L1,Envasado,Línea 1,A,Desalineamiento,14.2,Setup y ajustes,1
900211,2025-02,EQ-0457,Envasadora L2,Envasado,Línea 2,A,Desalineamiento,12.1,Pérdida de velocidad,1
900212,2025-02,EQ-0457,Envasadora L2,Envasado,Línea 2,A,Desgaste,14.4,Pérdida de velocidad,0
900213,2025-02,EQ-0457,Envasadora L2,Envasado,Línea 2,A,Desalineamiento,6.6,Averías,1
900214,2025-02,EQ-0470,Paletizador,Envasado,Línea 3,B,Desgaste,10.6,Averías,1
900215,2025-02,EQ-0210,Compresor 3,Servicios,N/A,B,Falta de lubricación,3.1,Paradas menores,1
900216,2025-03,EQ-0462,Etiquetadora L2,Envasado,Línea 2,B,Desgaste,6.8,Setup y ajustes,1
900217,2025-03,EQ-0462,Etiquetadora L2,Envasado,Línea 2,B,Contaminación,7.1,Setup y ajustes,1
900218,2025-03,EQ-0457,Envasadora L2,Envasado,Línea 2,A,Contaminación,3.6,Setup y ajustes,1
900219,2025-03,EQ-0455,Envasadora L1,Envasado,Línea 1,A,Falta de lubricación,3.6,Averías,1
900220,2025-03,EQ-0210,Compresor 3,Servicios,N/A,B,Desgaste,7.5,Defectos y reproceso,1
900221,2025-03,EQ-0471,Transportador L3,Envasado,Línea 3,C,Obstrucción,5.7,Averías,1
900222,2025-03,EQ-0320,Mezclador P2,Proceso,Línea 2,B,Falta de lubricación,5.4,Setup y ajustes,1
900223,2025-03,EQ-0320,Mezclador P2,Proceso,Línea 2,B,Falla eléctrica,2.7,Setup y ajustes,1
900224,2025-03,EQ-0320,Mezclador P2,Proceso,Línea 2,B,Desgaste,6.0,Paradas menores,1
900225,2025-03,EQ-0310,Reactor P1,Proceso,Línea 1,A,Falla eléctrica,10.4,Averías,1
900226,2025-03,EQ-0311,Intercambiador P1,Proceso,Línea 1,B,Desalineamiento,7.0,Setup y ajustes,0
900227,2025-03,EQ-0457,Envasadora L2,Envasado,Línea 2,A,Falla eléctrica,6.2,Averías,1
900228,2025-03,EQ-0601,Grúa horquilla 4,Bodega,N/A,C,Desgaste,7.3,Averías,1
900229,2025-03,EQ-0461,Etiquetadora L1,Envasado,Línea 1,A,Obstrucción,2.9,Averías,1
900230,2025-03,EQ-0330,Bomba CIP,Proceso,Línea 2,B,Desgaste,8.1,Setup y ajustes,1
900231,2025-03,EQ-0461,Etiquetadora L1,Envasado,Línea 1,A,Desgaste,4.0,Setup y ajustes,1
900232,2025-03,EQ-0331,Bomba de proceso,Proceso,Línea 1,C,Desgaste,6.8,Averías,1
900233,2025-03,EQ-0201,Caldera 1,Servicios,N/A,A,Desalineamiento,12.6,Averías,1
900234,2025-03,EQ-0202,Caldera 2,Servicios,N/A,B,Contaminación,10.3,Setup y ajustes,1
900235,2025-03,EQ-0461,Etiquetadora L1,Envasado,Línea 1,A,Contaminación,9.5,Arranque,1
900236,2025-03,EQ-0331,Bomba de proceso,Proceso,Línea 1,C,Falta de lubricación,5.5,Setup y ajustes,1
900237,2025-03,EQ-0470,Paletizador,Envasado,Línea 3,B,Desalineamiento,4.5,Averías,0
900238,2025-03,EQ-0210,Compresor 3,Servicios,N/A,B,Contaminación,1.9,Paradas menores,0
900239,2025-03,EQ-0461,Etiquetadora L1,Envasado,Línea 1,A,Desalineamiento,6.1,Setup y ajustes,1
900240,2025-03,EQ-0461,Etiquetadora L1,Envasado,Línea 1,A,Desgaste,13.3,Paradas menores,1
900241,2025-03,EQ-0461,Etiquetadora L1,Envasado,Línea 1,A,Falla eléctrica,10.9,Paradas menores,1
900242,2025-03,EQ-0461,Etiquetadora L1,Envasado,Línea 1,A,Desgaste,12.8,Paradas menores,1
900243,2025-03,EQ-0461,Etiquetadora L1,Envasado,Línea 1,A,Desgaste,1.5,Paradas menores,1
900244,2025-03,EQ-0330,Bomba CIP,Proceso,Línea 2,B,Desalineamiento,3.6,Paradas menores,1
900245,2025-03,EQ-0210,Compresor 3,Servicios,N/A,B,Falta de lubricación,2.5,Defectos y reproceso,1
900246,2025-03,EQ-0455,Envasadora L1,Envasado,Línea 1,A,Contaminación,6.0,Paradas menores,1
900247,2025-03,EQ-0462,Etiquetadora L2,Envasado,Línea 2,B,Falla eléctrica,8.3,Pérdida de velocidad,0
900248,2025-03,EQ-0457,Envasadora L2,Envasado,Línea 2,A,Fatiga de material,9.8,Averías,1
900249,2025-03,EQ-0461,Etiquetadora L1,Envasado,Línea 1,A,Falta de lubricación,11.6,Averías,1
900250,2025-03,EQ-0462,Etiquetadora L2,Envasado,Línea 2,B,Falta de lubricación,4.9,Defectos y reproceso,1
900251,2025-03,EQ-0311,Intercambiador P1,Proceso,Línea 1,B,Contaminación,9.9,Averías,1
900252,2025-03,EQ-0310,Reactor P1,Proceso,Línea 1,A,Desgaste,3.6,Setup y ajustes,1
900253,2025-03,EQ-0331,Bomba de proceso,Proceso,Línea 1,C,Ajuste incorrecto,2.9,Averías,1
900254,2025-03,EQ-0455,Envasadora L1,Envasado,Línea 1,A,Ajuste incorrecto,3.7,Pérdida de velocidad,1
900255,2025-03,EQ-0310,Reactor P1,Proceso,Línea 1,A,Desgaste,12.8,Averías,1
900256,2025-03,EQ-0201,Caldera 1,Servicios,N/A,A,Desalineamiento,10.0,Averías,1
900257,2025-03,EQ-0210,Compresor 3,Servicios,N/A,B,Desalineamiento,6.9,Averías,1
900258,2025-03,EQ-0457,Envasadora L2,Envasado,Línea 2,A,Desgaste,6.3,Averías,1
900259,2025-03,EQ-0457,Envasadora L2,Envasado,Línea 2,A,Contaminación,9.5,Averías,0
900260,2025-03,EQ-0457,Envasadora L2,Envasado,Línea 2,A,Falla eléctrica,6.7,Averías,1
900261,2025-03,EQ-0470,Paletizador,Envasado,Línea 3,B,Desalineamiento,8.5,Averías,1
900262,2025-03,EQ-0471,Transportador L3,Envasado,Línea 3,C,Desalineamiento,7.2,Defectos y reproceso,1
900263,2025-03,EQ-0457,Envasadora L2,Envasado,Línea 2,A,Desgaste,7.5,Setup y ajustes,0
900264,2025-03,EQ-0457,Envasadora L2,Envasado,Línea 2,A,Falta de lubricación,8.4,Paradas menores,1
900265,2025-03,EQ-0462,Etiquetadora L2,Envasado,Línea 2,B,Desalineamiento,10.2,Averías,0
900266,2025-03,EQ-0210,Compresor 3,Servicios,N/A,B,Falta de lubricación,6.6,Setup y ajustes,1
900267,2025-03,EQ-0457,Envasadora L2,Envasado,Línea 2,A,Desgaste,7.3,Paradas menores,1
900268,2025-03,EQ-0457,Envasadora L2,Envasado,Línea 2,A,Desalineamiento,3.4,Averías,1
900269,2025-03,EQ-0457,Envasadora L2,Envasado,Línea 2,A,Fatiga de material,1.4,Setup y ajustes,1
900270,2025-03,EQ-0461,Etiquetadora L1,Envasado,Línea 1,A,Ajuste incorrecto,9.3,Arranque,1
900271,2025-03,EQ-0320,Mezclador P2,Proceso,Línea 2,B,Falta de lubricación,2.2,Averías,1
900272,2025-03,EQ-0330,Bomba CIP,Proceso,Línea 2,B,Falla eléctrica,8.9,Paradas menores,0
900273,2025-03,EQ-0320,Mezclador P2,Proceso,Línea 2,B,Falta de lubricación,8.9,Paradas menores,1
900274,2025-03,EQ-0470,Paletizador,Envasado,Línea 3,B,Fatiga de material,8.2,Arranque,1
900275,2025-03,EQ-0320,Mezclador P2,Proceso,Línea 2,B,Desgaste,7.5,Arranque,1
900276,2025-03,EQ-0330,Bomba CIP,Proceso,Línea 2,B,Ajuste incorrecto,6.8,Pérdida de velocidad,1
900277,2025-03,EQ-0210,Compresor 3,Servicios,N/A,B,Falla eléctrica,5.4,Defectos y reproceso,1
900278,2025-03,EQ-0202,Caldera 2,Servicios,N/A,B,Ajuste incorrecto,5.3,Pérdida de velocidad,1
900279,2025-03,EQ-0457,Envasadora L2,Envasado,Línea 2,A,Ajuste incorrecto,5.8,Defectos y reproceso,1
900280,2025-03,EQ-0462,Etiquetadora L2,Envasado,Línea 2,B,Falta de lubricación,4.2,Paradas menores,0
900281,2025-03,EQ-0601,Grúa horquilla 4,Bodega,N/A,C,Obstrucción,3.4,Averías,1
900282,2025-03,EQ-0210,Compresor 3,Servicios,N/A,B,Falla eléctrica,6.8,Setup y ajustes,1
900283,2025-03,EQ-0470,Paletizador,Envasado,Línea 3,B,Desalineamiento,1.5,Defectos y reproceso,1
900284,2025-03,EQ-0210,Compresor 3,Servicios,N/A,B,Falla eléctrica,8.4,Averías,1
900285,2025-03,EQ-0457,Envasadora L2,Envasado,Línea 2,A,Fatiga de material,4.1,Averías,1
900286,2025-03,EQ-0211,Chiller 1,Servicios,N/A,A,Desgaste,2.7,Setup y ajustes,1
900287,2025-03,EQ-0457,Envasadora L2,Envasado,Línea 2,A,Desgaste,1.5,Defectos y reproceso,1
900288,2025-03,EQ-0310,Reactor P1,Proceso,Línea 1,A,Falla eléctrica,10.7,Averías,0
900289,2025-03,EQ-0320,Mezclador P2,Proceso,Línea 2,B,Contaminación,10.8,Averías,1
900290,2025-03,EQ-0461,Etiquetadora L1,Envasado,Línea 1,A,Contaminación,7.7,Defectos y reproceso,1
900291,2025-03,EQ-0471,Transportador L3,Envasado,Línea 3,C,Falta de lubricación,3.3,Paradas menores,1
900292,2025-03,EQ-0331,Bomba de proceso,Proceso,Línea 1,C,Desgaste,1.3,Defectos y reproceso,1
900293,2025-03,EQ-0455,Envasadora L1,Envasado,Línea 1,A,Desgaste,3.2,Averías,1
900294,2025-03,EQ-0210,Compresor 3,Servicios,N/A,B,Desgaste,3.2,Pérdida de velocidad,1
900295,2025-03,EQ-0461,Etiquetadora L1,Envasado,Línea 1,A,Falla eléctrica,1.7,Defectos y reproceso,0
900296,2025-03,EQ-0201,Caldera 1,Servicios,N/A,A,Desalineamiento,12.1,Paradas menores,1
900297,2025-03,EQ-0457,Envasadora L2,Envasado,Línea 2,A,Obstrucción,13.4,Paradas menores,1
900298,2025-03,EQ-0457,Envasadora L2,Envasado,Línea 2,A,Obstrucción,1.7,Paradas menores,1
900299,2025-03,EQ-0330,Bomba CIP,Proceso,Línea 2,B,Falta de lubricación,3.5,Averías,1
900300,2025-03,EQ-0201,Caldera 1,Servicios,N/A,A,Desgaste,9.1,Arranque,1
900301,2025-03,EQ-0330,Bomba CIP,Proceso,Línea 2,B,Fatiga de material,5.2,Arranque,1
900302,2025-03,EQ-0470,Paletizador,Envasado,Línea 3,B,Obstrucción,9.1,Setup y ajustes,1
900303,2025-03,EQ-0455,Envasadora L1,Envasado,Línea 1,A,Obstrucción,7.0,Averías,1
900304,2025-03,EQ-0310,Reactor P1,Proceso,Línea 1,A,Falla eléctrica,9.3,Averías,1
900305,2025-03,EQ-0457,Envasadora L2,Envasado,Línea 2,A,Desgaste,11.4,Pérdida de velocidad,1
900306,2025-03,EQ-0457,Envasadora L2,Envasado,Línea 2,A,Fatiga de material,4.9,Arranque,1
900307,2025-03,EQ-0310,Reactor P1,Proceso,Línea 1,A,Desgaste,14.0,Setup y ajustes,1
900308,2025-03,EQ-0461,Etiquetadora L1,Envasado,Línea 1,A,Desalineamiento,2.7,Setup y ajustes,1
900309,2025-03,EQ-0470,Paletizador,Envasado,Línea 3,B,Desgaste,8.8,Averías,1
900310,2025-03,EQ-0461,Etiquetadora L1,Envasado,Línea 1,A,Desalineamiento,8.1,Defectos y reproceso,1
900311,2025-03,EQ-0471,Transportador L3,Envasado,Línea 3,C,Obstrucción,2.5,Setup y ajustes,1
900312,2025-03,EQ-0470,Paletizador,Envasado,Línea 3,B,Falla eléctrica,5.1,Setup y ajustes,1
900313,2025-04,EQ-0330,Bomba CIP,Proceso,Línea 2,B,Desgaste,10.3,Setup y ajustes,1
900314,2025-04,EQ-0461,Etiquetadora L1,Envasado,Línea 1,A,Falla eléctrica,3.2,Paradas menores,1
900315,2025-04,EQ-0202,Caldera 2,Servicios,N/A,B,Falta de lubricación,1.0,Pérdida de velocidad,1
900316,2025-04,EQ-0311,Intercambiador P1,Proceso,Línea 1,B,Desgaste,1.8,Averías,0
900317,2025-04,EQ-0310,Reactor P1,Proceso,Línea 1,A,Ajuste incorrecto,12.5,Defectos y reproceso,1
900318,2025-04,EQ-0310,Reactor P1,Proceso,Línea 1,A,Ajuste incorrecto,9.6,Pérdida de velocidad,0
900319,2025-04,EQ-0455,Envasadora L1,Envasado,Línea 1,A,Falla eléctrica,8.3,Setup y ajustes,0
900320,2025-04,EQ-0470,Paletizador,Envasado,Línea 3,B,Falla eléctrica,4.5,Averías,1
900321,2025-04,EQ-0320,Mezclador P2,Proceso,Línea 2,B,Desalineamiento,7.7,Paradas menores,1
900322,2025-04,EQ-0331,Bomba de proceso,Proceso,Línea 1,C,Desalineamiento,1.2,Setup y ajustes,1
900323,2025-04,EQ-0201,Caldera 1,Servicios,N/A,A,Obstrucción,9.7,Averías,1
900324,2025-04,EQ-0210,Compresor 3,Servicios,N/A,B,Fatiga de material,2.5,Paradas menores,1
900325,2025-04,EQ-0457,Envasadora L2,Envasado,Línea 2,A,Desalineamiento,8.3,Averías,1
900326,2025-04,EQ-0330,Bomba CIP,Proceso,Línea 2,B,Ajuste incorrecto,1.5,Averías,0
900327,2025-04,EQ-0202,Caldera 2,Servicios,N/A,B,Desalineamiento,1.4,Averías,1
900328,2025-04,EQ-0201,Caldera 1,Servicios,N/A,A,Falta de lubricación,7.8,Paradas menores,1
900329,2025-04,EQ-0331,Bomba de proceso,Proceso,Línea 1,C,Obstrucción,1.4,Defectos y reproceso,1
900330,2025-04,EQ-0462,Etiquetadora L2,Envasado,Línea 2,B,Desalineamiento,8.5,Averías,1
900331,2025-04,EQ-0471,Transportador L3,Envasado,Línea 3,C,Falla eléctrica,6.7,Pérdida de velocidad,1
900332,2025-04,EQ-0461,Etiquetadora L1,Envasado,Línea 1,A,Desgaste,4.8,Pérdida de velocidad,1
900333,2025-04,EQ-0201,Caldera 1,Servicios,N/A,A,Desgaste,7.6,Arranque,1
900334,2025-04,EQ-0210,Compresor 3,Servicios,N/A,B,Falta de lubricación,8.0,Defectos y reproceso,1
900335,2025-04,EQ-0470,Paletizador,Envasado,Línea 3,B,Ajuste incorrecto,3.5,Setup y ajustes,1
900336,2025-04,EQ-0211,Chiller 1,Servicios,N/A,A,Obstrucción,4.5,Averías,1
900337,2025-04,EQ-0457,Envasadora L2,Envasado,Línea 2,A,Desgaste,11.6,Averías,0
900338,2025-04,EQ-0457,Envasadora L2,Envasado,Línea 2,A,Obstrucción,5.0,Paradas menores,1
900339,2025-04,EQ-0457,Envasadora L2,Envasado,Línea 2,A,Contaminación,13.4,Averías,0
900340,2025-04,EQ-0462,Etiquetadora L2,Envasado,Línea 2,B,Desalineamiento,2.7,Paradas menores,1
900341,2025-04,EQ-0461,Etiquetadora L1,Envasado,Línea 1,A,Falta de lubricación,5.0,Paradas menores,1
900342,2025-04,EQ-0455,Envasadora L1,Envasado,Línea 1,A,Ajuste incorrecto,6.8,Pérdida de velocidad,1
900343,2025-04,EQ-0470,Paletizador,Envasado,Línea 3,B,Falla eléctrica,3.0,Setup y ajustes,0
900344,2025-04,EQ-0310,Reactor P1,Proceso,Línea 1,A,Desalineamiento,12.8,Paradas menores,1
900345,2025-04,EQ-0331,Bomba de proceso,Proceso,Línea 1,C,Desgaste,5.0,Averías,1
900346,2025-04,EQ-0455,Envasadora L1,Envasado,Línea 1,A,Obstrucción,10.3,Averías,1
900347,2025-04,EQ-0455,Envasadora L1,Envasado,Línea 1,A,Falta de lubricación,7.6,Averías,1
900348,2025-04,EQ-0471,Transportador L3,Envasado,Línea 3,C,Falla eléctrica,2.0,Averías,1
900349,2025-04,EQ-0310,Reactor P1,Proceso,Línea 1,A,Desalineamiento,3.0,Averías,1
900350,2025-04,EQ-0311,Intercambiador P1,Proceso,Línea 1,B,Desgaste,8.4,Setup y ajustes,1
900351,2025-04,EQ-0462,Etiquetadora L2,Envasado,Línea 2,B,Falla eléctrica,5.4,Pérdida de velocidad,1
900352,2025-04,EQ-0310,Reactor P1,Proceso,Línea 1,A,Ajuste incorrecto,10.0,Averías,1
900353,2025-04,EQ-0455,Envasadora L1,Envasado,Línea 1,A,Desgaste,6.7,Averías,1
900354,2025-04,EQ-0470,Paletizador,Envasado,Línea 3,B,Obstrucción,2.8,Pérdida de velocidad,1
900355,2025-04,EQ-0471,Transportador L3,Envasado,Línea 3,C,Contaminación,3.9,Defectos y reproceso,1
900356,2025-04,EQ-0320,Mezclador P2,Proceso,Línea 2,B,Falla eléctrica,3.4,Defectos y reproceso,0
900357,2025-04,EQ-0461,Etiquetadora L1,Envasado,Línea 1,A,Falla eléctrica,3.7,Defectos y reproceso,1
900358,2025-04,EQ-0457,Envasadora L2,Envasado,Línea 2,A,Desgaste,6.6,Averías,1
900359,2025-04,EQ-0211,Chiller 1,Servicios,N/A,A,Ajuste incorrecto,11.0,Pérdida de velocidad,1
900360,2025-04,EQ-0470,Paletizador,Envasado,Línea 3,B,Ajuste incorrecto,2.7,Averías,1
900361,2025-04,EQ-0211,Chiller 1,Servicios,N/A,A,Fatiga de material,7.6,Defectos y reproceso,1
900362,2025-04,EQ-0210,Compresor 3,Servicios,N/A,B,Falta de lubricación,7.5,Paradas menores,1
900363,2025-04,EQ-0461,Etiquetadora L1,Envasado,Línea 1,A,Obstrucción,10.2,Averías,1
900364,2025-04,EQ-0457,Envasadora L2,Envasado,Línea 2,A,Desgaste,8.5,Averías,1
900365,2025-04,EQ-0470,Paletizador,Envasado,Línea 3,B,Ajuste incorrecto,7.2,Averías,1
900366,2025-04,EQ-0470,Paletizador,Envasado,Línea 3,B,Desgaste,2.2,Averías,1
900367,2025-04,EQ-0470,Paletizador,Envasado,Línea 3,B,Falla eléctrica,0.9,Paradas menores,1
900368,2025-04,EQ-0601,Grúa horquilla 4,Bodega,N/A,C,Falta de lubricación,2.1,Pérdida de velocidad,1
900369,2025-04,EQ-0310,Reactor P1,Proceso,Línea 1,A,Desalineamiento,9.9,Paradas menores,1
900370,2025-04,EQ-0471,Transportador L3,Envasado,Línea 3,C,Falla eléctrica,0.8,Averías,1
900371,2025-04,EQ-0462,Etiquetadora L2,Envasado,Línea 2,B,Obstrucción,8.0,Averías,1
900372,2025-04,EQ-0310,Reactor P1,Proceso,Línea 1,A,Falla eléctrica,10.0,Averías,1
900373,2025-04,EQ-0210,Compresor 3,Servicios,N/A,B,Obstrucción,6.7,Averías,1
900374,2025-04,EQ-0470,Paletizador,Envasado,Línea 3,B,Desalineamiento,6.5,Defectos y reproceso,0
900375,2025-04,EQ-0471,Transportador L3,Envasado,Línea 3,C,Falta de lubricación,4.1,Pérdida de velocidad,1
900376,2025-04,EQ-0461,Etiquetadora L1,Envasado,Línea 1,A,Obstrucción,4.2,Setup y ajustes,1
900377,2025-04,EQ-0457,Envasadora L2,Envasado,Línea 2,A,Contaminación,10.3,Averías,0
900378,2025-04,EQ-0457,Envasadora L2,Envasado,Línea 2,A,Ajuste incorrecto,13.2,Pérdida de velocidad,1
900379,2025-04,EQ-0330,Bomba CIP,Proceso,Línea 2,B,Obstrucción,3.1,Setup y ajustes,1
900380,2025-04,EQ-0457,Envasadora L2,Envasado,Línea 2,A,Fatiga de material,13.3,Averías,1
900381,2025-04,EQ-0601,Grúa horquilla 4,Bodega,N/A,C,Desalineamiento,4.3,Paradas menores,1
900382,2025-04,EQ-0470,Paletizador,Envasado,Línea 3,B,Desgaste,2.3,Pérdida de velocidad,0
900383,2025-04,EQ-0457,Envasadora L2,Envasado,Línea 2,A,Desgaste,11.5,Defectos y reproceso,1
900384,2025-04,EQ-0201,Caldera 1,Servicios,N/A,A,Ajuste incorrecto,6.4,Setup y ajustes,1
900385,2025-04,EQ-0457,Envasadora L2,Envasado,Línea 2,A,Obstrucción,2.1,Averías,1
900386,2025-04,EQ-0320,Mezclador P2,Proceso,Línea 2,B,Desalineamiento,2.7,Averías,1
900387,2025-04,EQ-0211,Chiller 1,Servicios,N/A,A,Desalineamiento,5.9,Averías,1
900388,2025-04,EQ-0457,Envasadora L2,Envasado,Línea 2,A,Desgaste,4.9,Pérdida de velocidad,1
900389,2025-04,EQ-0455,Envasadora L1,Envasado,Línea 1,A,Falta de lubricación,9.5,Defectos y reproceso,0
900390,2025-04,EQ-0201,Caldera 1,Servicios,N/A,A,Falla eléctrica,12.3,Paradas menores,1
900391,2025-04,EQ-0330,Bomba CIP,Proceso,Línea 2,B,Contaminación,4.7,Averías,1
900392,2025-04,EQ-0202,Caldera 2,Servicios,N/A,B,Desgaste,5.6,Defectos y reproceso,0
900393,2025-04,EQ-0455,Envasadora L1,Envasado,Línea 1,A,Contaminación,3.3,Paradas menores,1
900394,2025-04,EQ-0331,Bomba de proceso,Proceso,Línea 1,C,Falta de lubricación,7.2,Defectos y reproceso,1
900395,2025-04,EQ-0455,Envasadora L1,Envasado,Línea 1,A,Falta de lubricación,2.9,Averías,1
900396,2025-04,EQ-0461,Etiquetadora L1,Envasado,Línea 1,A,Desgaste,7.3,Paradas menores,0
900397,2025-04,EQ-0461,Etiquetadora L1,Envasado,Línea 1,A,Desgaste,5.5,Pérdida de velocidad,1
900398,2025-04,EQ-0455,Envasadora L1,Envasado,Línea 1,A,Obstrucción,13.7,Averías,1
900399,2025-04,EQ-0455,Envasadora L1,Envasado,Línea 1,A,Ajuste incorrecto,11.0,Paradas menores,1
900400,2025-04,EQ-0201,Caldera 1,Servicios,N/A,A,Desgaste,8.4,Averías,1
900401,2025-04,EQ-0461,Etiquetadora L1,Envasado,Línea 1,A,Falta de lubricación,5.3,Pérdida de velocidad,0
900402,2025-04,EQ-0211,Chiller 1,Servicios,N/A,A,Ajuste incorrecto,10.7,Averías,0
900403,2025-05,EQ-0461,Etiquetadora L1,Envasado,Línea 1,A,Desalineamiento,3.2,Pérdida de velocidad,1
900404,2025-05,EQ-0210,Compresor 3,Servicios,N/A,B,Desgaste,5.2,Averías,1
900405,2025-05,EQ-0311,Intercambiador P1,Proceso,Línea 1,B,Desgaste,5.7,Setup y ajustes,0
900406,2025-05,EQ-0470,Paletizador,Envasado,Línea 3,B,Desalineamiento,10.3,Averías,1
900407,2025-05,EQ-0320,Mezclador P2,Proceso,Línea 2,B,Desalineamiento,5.7,Pérdida de velocidad,1
900408,2025-05,EQ-0461,Etiquetadora L1,Envasado,Línea 1,A,Desgaste,13.8,Arranque,1
900409,2025-05,EQ-0462,Etiquetadora L2,Envasado,Línea 2,B,Fatiga de material,9.1,Pérdida de velocidad,1
900410,2025-05,EQ-0311,Intercambiador P1,Proceso,Línea 1,B,Ajuste incorrecto,4.9,Averías,1
900411,2025-05,EQ-0210,Compresor 3,Servicios,N/A,B,Falla eléctrica,7.1,Averías,1
900412,2025-05,EQ-0457,Envasadora L2,Envasado,Línea 2,A,Falta de lubricación,5.4,Averías,1
900413,2025-05,EQ-0470,Paletizador,Envasado,Línea 3,B,Falla eléctrica,1.5,Averías,1
900414,2025-05,EQ-0210,Compresor 3,Servicios,N/A,B,Contaminación,4.5,Setup y ajustes,1
900415,2025-05,EQ-0457,Envasadora L2,Envasado,Línea 2,A,Falta de lubricación,12.5,Arranque,0
900416,2025-05,EQ-0210,Compresor 3,Servicios,N/A,B,Falla eléctrica,3.8,Averías,1
900417,2025-05,EQ-0462,Etiquetadora L2,Envasado,Línea 2,B,Desgaste,6.7,Averías,1
900418,2025-05,EQ-0461,Etiquetadora L1,Envasado,Línea 1,A,Ajuste incorrecto,11.7,Setup y ajustes,1
900419,2025-05,EQ-0202,Caldera 2,Servicios,N/A,B,Obstrucción,7.6,Pérdida de velocidad,1
900420,2025-05,EQ-0455,Envasadora L1,Envasado,Línea 1,A,Falla eléctrica,12.9,Averías,1
900421,2025-05,EQ-0331,Bomba de proceso,Proceso,Línea 1,C,Contaminación,5.2,Setup y ajustes,1
900422,2025-05,EQ-0461,Etiquetadora L1,Envasado,Línea 1,A,Ajuste incorrecto,12.5,Pérdida de velocidad,1
900423,2025-05,EQ-0601,Grúa horquilla 4,Bodega,N/A,C,Falla eléctrica,6.1,Arranque,1
900424,2025-05,EQ-0461,Etiquetadora L1,Envasado,Línea 1,A,Falla eléctrica,10.8,Averías,1
900425,2025-05,EQ-0462,Etiquetadora L2,Envasado,Línea 2,B,Desalineamiento,9.0,Paradas menores,1
900426,2025-05,EQ-0461,Etiquetadora L1,Envasado,Línea 1,A,Desgaste,9.6,Pérdida de velocidad,1
900427,2025-05,EQ-0331,Bomba de proceso,Proceso,Línea 1,C,Contaminación,6.5,Pérdida de velocidad,1
900428,2025-05,EQ-0462,Etiquetadora L2,Envasado,Línea 2,B,Fatiga de material,4.0,Paradas menores,1
900429,2025-05,EQ-0330,Bomba CIP,Proceso,Línea 2,B,Desgaste,1.9,Setup y ajustes,1
900430,2025-05,EQ-0211,Chiller 1,Servicios,N/A,A,Desgaste,7.7,Setup y ajustes,1
900431,2025-05,EQ-0461,Etiquetadora L1,Envasado,Línea 1,A,Obstrucción,13.2,Averías,1
900432,2025-05,EQ-0461,Etiquetadora L1,Envasado,Línea 1,A,Ajuste incorrecto,3.8,Paradas menores,1
900433,2025-05,EQ-0201,Caldera 1,Servicios,N/A,A,Desgaste,3.0,Averías,1
900434,2025-05,EQ-0210,Compresor 3,Servicios,N/A,B,Obstrucción,8.7,Pérdida de velocidad,1
900435,2025-05,EQ-0311,Intercambiador P1,Proceso,Línea 1,B,Falta de lubricación,9.3,Averías,1
900436,2025-05,EQ-0311,Intercambiador P1,Proceso,Línea 1,B,Falla eléctrica,1.1,Averías,1
900437,2025-05,EQ-0201,Caldera 1,Servicios,N/A,A,Obstrucción,6.5,Paradas menores,1
900438,2025-05,EQ-0320,Mezclador P2,Proceso,Línea 2,B,Falla eléctrica,9.4,Paradas menores,1
900439,2025-05,EQ-0471,Transportador L3,Envasado,Línea 3,C,Contaminación,4.0,Averías,1
900440,2025-05,EQ-0310,Reactor P1,Proceso,Línea 1,A,Ajuste incorrecto,6.3,Paradas menores,1
900441,2025-05,EQ-0457,Envasadora L2,Envasado,Línea 2,A,Obstrucción,12.5,Setup y ajustes,1
900442,2025-05,EQ-0310,Reactor P1,Proceso,Línea 1,A,Falta de lubricación,1.2,Paradas menores,1
900443,2025-05,EQ-0210,Compresor 3,Servicios,N/A,B,Contaminación,6.9,Averías,1
900444,2025-05,EQ-0601,Grúa horquilla 4,Bodega,N/A,C,Fatiga de material,7.0,Defectos y reproceso,1
900445,2025-05,EQ-0201,Caldera 1,Servicios,N/A,A,Falta de lubricación,7.3,Pérdida de velocidad,1
900446,2025-05,EQ-0601,Grúa horquilla 4,Bodega,N/A,C,Falla eléctrica,4.7,Pérdida de velocidad,1
900447,2025-05,EQ-0455,Envasadora L1,Envasado,Línea 1,A,Desgaste,8.4,Averías,1
900448,2025-05,EQ-0331,Bomba de proceso,Proceso,Línea 1,C,Desgaste,0.7,Averías,1
900449,2025-05,EQ-0457,Envasadora L2,Envasado,Línea 2,A,Desalineamiento,3.2,Averías,1
900450,2025-05,EQ-0601,Grúa horquilla 4,Bodega,N/A,C,Obstrucción,5.2,Paradas menores,1
900451,2025-05,EQ-0211,Chiller 1,Servicios,N/A,A,Fatiga de material,9.9,Averías,1
900452,2025-05,EQ-0470,Paletizador,Envasado,Línea 3,B,Contaminación,8.1,Paradas menores,1
900453,2025-05,EQ-0461,Etiquetadora L1,Envasado,Línea 1,A,Falta de lubricación,9.7,Averías,1
900454,2025-05,EQ-0330,Bomba CIP,Proceso,Línea 2,B,Ajuste incorrecto,4.3,Paradas menores,1
900455,2025-05,EQ-0455,Envasadora L1,Envasado,Línea 1,A,Falla eléctrica,8.8,Averías,1
900456,2025-05,EQ-0457,Envasadora L2,Envasado,Línea 2,A,Desgaste,10.5,Arranque,1
900457,2025-05,EQ-0211,Chiller 1,Servicios,N/A,A,Desalineamiento,1.4,Averías,1
900458,2025-05,EQ-0457,Envasadora L2,Envasado,Línea 2,A,Falla eléctrica,13.9,Setup y ajustes,1
900459,2025-05,EQ-0310,Reactor P1,Proceso,Línea 1,A,Fatiga de material,3.7,Averías,1
900460,2025-05,EQ-0330,Bomba CIP,Proceso,Línea 2,B,Desalineamiento,8.0,Averías,1
900461,2025-05,EQ-0461,Etiquetadora L1,Envasado,Línea 1,A,Desgaste,11.3,Setup y ajustes,1
900462,2025-05,EQ-0461,Etiquetadora L1,Envasado,Línea 1,A,Desalineamiento,2.5,Averías,1
900463,2025-05,EQ-0310,Reactor P1,Proceso,Línea 1,A,Desgaste,13.8,Setup y ajustes,0
900464,2025-05,EQ-0470,Paletizador,Envasado,Línea 3,B,Obstrucción,4.2,Averías,1
900465,2025-05,EQ-0601,Grúa horquilla 4,Bodega,N/A,C,Contaminación,6.2,Pérdida de velocidad,1
900466,2025-05,EQ-0310,Reactor P1,Proceso,Línea 1,A,Desalineamiento,10.4,Averías,0
900467,2025-05,EQ-0210,Compresor 3,Servicios,N/A,B,Desalineamiento,1.0,Arranque,1
900468,2025-05,EQ-0311,Intercambiador P1,Proceso,Línea 1,B,Desgaste,4.5,Averías,1
900469,2025-05,EQ-0455,Envasadora L1,Envasado,Línea 1,A,Desgaste,4.4,Paradas menores,1
900470,2025-05,EQ-0310,Reactor P1,Proceso,Línea 1,A,Fatiga de material,12.4,Averías,1
900471,2025-05,EQ-0461,Etiquetadora L1,Envasado,Línea 1,A,Desalineamiento,5.0,Averías,1
900472,2025-05,EQ-0330,Bomba CIP,Proceso,Línea 2,B,Obstrucción,4.5,Pérdida de velocidad,1
900473,2025-05,EQ-0320,Mezclador P2,Proceso,Línea 2,B,Desalineamiento,6.7,Defectos y reproceso,1
900474,2025-05,EQ-0462,Etiquetadora L2,Envasado,Línea 2,B,Ajuste incorrecto,4.8,Paradas menores,0
900475,2025-05,EQ-0330,Bomba CIP,Proceso,Línea 2,B,Desgaste,5.5,Setup y ajustes,1
900476,2025-05,EQ-0461,Etiquetadora L1,Envasado,Línea 1,A,Ajuste incorrecto,1.3,Paradas menores,1
900477,2025-05,EQ-0310,Reactor P1,Proceso,Línea 1,A,Desalineamiento,8.7,Averías,1
900478,2025-05,EQ-0601,Grúa horquilla 4,Bodega,N/A,C,Falta de lubricación,4.6,Averías,1
900479,2025-05,EQ-0320,Mezclador P2,Proceso,Línea 2,B,Desgaste,1.7,Paradas menores,1
900480,2025-05,EQ-0601,Grúa horquilla 4,Bodega,N/A,C,Desalineamiento,1.7,Setup y ajustes,1
900481,2025-05,EQ-0462,Etiquetadora L2,Envasado,Línea 2,B,Falla eléctrica,5.8,Averías,1
900482,2025-05,EQ-0211,Chiller 1,Servicios,N/A,A,Obstrucción,11.3,Paradas menores,1
900483,2025-05,EQ-0210,Compresor 3,Servicios,N/A,B,Falta de lubricación,2.8,Paradas menores,0
900484,2025-05,EQ-0471,Transportador L3,Envasado,Línea 3,C,Contaminación,2.2,Setup y ajustes,1
900485,2025-05,EQ-0462,Etiquetadora L2,Envasado,Línea 2,B,Desgaste,7.7,Averías,0
900486,2025-05,EQ-0330,Bomba CIP,Proceso,Línea 2,B,Desalineamiento,1.5,Averías,1
900487,2025-05,EQ-0210,Compresor 3,Servicios,N/A,B,Fatiga de material,4.2,Defectos y reproceso,1
900488,2025-05,EQ-0331,Bomba de proceso,Proceso,Línea 1,C,Desalineamiento,5.3,Averías,1
900489,2025-05,EQ-0310,Reactor P1,Proceso,Línea 1,A,Fatiga de material,12.9,Pérdida de velocidad,1
900490,2025-05,EQ-0457,Envasadora L2,Envasado,Línea 2,A,Obstrucción,9.1,Paradas menores,1
900491,2025-05,EQ-0470,Paletizador,Envasado,Línea 3,B,Desalineamiento,6.2,Arranque,1
900492,2025-05,EQ-0461,Etiquetadora L1,Envasado,Línea 1,A,Desalineamiento,10.6,Averías,1
900493,2025-06,EQ-0211,Chiller 1,Servicios,N/A,A,Desalineamiento,9.0,Defectos y reproceso,0
900494,2025-06,EQ-0471,Transportador L3,Envasado,Línea 3,C,Falla eléctrica,3.3,Averías,1
900495,2025-06,EQ-0310,Reactor P1,Proceso,Línea 1,A,Desgaste,4.4,Defectos y reproceso,1
900496,2025-06,EQ-0457,Envasadora L2,Envasado,Línea 2,A,Fatiga de material,10.2,Averías,1
900497,2025-06,EQ-0331,Bomba de proceso,Proceso,Línea 1,C,Contaminación,2.6,Defectos y reproceso,1
900498,2025-06,EQ-0461,Etiquetadora L1,Envasado,Línea 1,A,Fatiga de material,6.0,Paradas menores,1
900499,2025-06,EQ-0202,Caldera 2,Servicios,N/A,B,Falla eléctrica,9.1,Pérdida de velocidad,1
900500,2025-06,EQ-0470,Paletizador,Envasado,Línea 3,B,Desalineamiento,9.4,Paradas menores,1
900501,2025-06,EQ-0210,Compresor 3,Servicios,N/A,B,Desalineamiento,2.9,Averías,1
900502,2025-06,EQ-0455,Envasadora L1,Envasado,Línea 1,A,Desgaste,2.7,Pérdida de velocidad,1
900503,2025-06,EQ-0457,Envasadora L2,Envasado,Línea 2,A,Falta de lubricación,2.3,Averías,1
900504,2025-06,EQ-0330,Bomba CIP,Proceso,Línea 2,B,Desalineamiento,7.7,Setup y ajustes,1
900505,2025-06,EQ-0462,Etiquetadora L2,Envasado,Línea 2,B,Falla eléctrica,8.2,Setup y ajustes,1
900506,2025-06,EQ-0457,Envasadora L2,Envasado,Línea 2,A,Falta de lubricación,2.1,Setup y ajustes,1
900507,2025-06,EQ-0462,Etiquetadora L2,Envasado,Línea 2,B,Fatiga de material,7.1,Paradas menores,1
900508,2025-06,EQ-0311,Intercambiador P1,Proceso,Línea 1,B,Falla eléctrica,1.1,Pérdida de velocidad,0
900509,2025-06,EQ-0470,Paletizador,Envasado,Línea 3,B,Desgaste,7.4,Averías,0
900510,2025-06,EQ-0310,Reactor P1,Proceso,Línea 1,A,Fatiga de material,10.7,Setup y ajustes,1
900511,2025-06,EQ-0470,Paletizador,Envasado,Línea 3,B,Contaminación,2.4,Averías,1
900512,2025-06,EQ-0201,Caldera 1,Servicios,N/A,A,Contaminación,7.6,Averías,1
900513,2025-06,EQ-0457,Envasadora L2,Envasado,Línea 2,A,Desalineamiento,3.9,Paradas menores,1
900514,2025-06,EQ-0210,Compresor 3,Servicios,N/A,B,Falla eléctrica,1.5,Pérdida de velocidad,1
900515,2025-06,EQ-0310,Reactor P1,Proceso,Línea 1,A,Falla eléctrica,5.6,Averías,1
900516,2025-06,EQ-0461,Etiquetadora L1,Envasado,Línea 1,A,Desalineamiento,5.3,Defectos y reproceso,1
900517,2025-06,EQ-0462,Etiquetadora L2,Envasado,Línea 2,B,Obstrucción,2.9,Averías,1
900518,2025-06,EQ-0320,Mezclador P2,Proceso,Línea 2,B,Contaminación,7.2,Averías,1
900519,2025-06,EQ-0330,Bomba CIP,Proceso,Línea 2,B,Falta de lubricación,8.0,Averías,1
900520,2025-06,EQ-0471,Transportador L3,Envasado,Línea 3,C,Ajuste incorrecto,5.9,Setup y ajustes,1
900521,2025-06,EQ-0320,Mezclador P2,Proceso,Línea 2,B,Desalineamiento,8.3,Averías,1
900522,2025-06,EQ-0202,Caldera 2,Servicios,N/A,B,Desgaste,9.8,Setup y ajustes,1
900523,2025-06,EQ-0462,Etiquetadora L2,Envasado,Línea 2,B,Falla eléctrica,9.9,Averías,1
900524,2025-06,EQ-0320,Mezclador P2,Proceso,Línea 2,B,Desgaste,7.1,Averías,1
900525,2025-06,EQ-0471,Transportador L3,Envasado,Línea 3,C,Desalineamiento,3.8,Paradas menores,1
900526,2025-06,EQ-0457,Envasadora L2,Envasado,Línea 2,A,Falta de lubricación,6.4,Averías,1
900527,2025-06,EQ-0331,Bomba de proceso,Proceso,Línea 1,C,Ajuste incorrecto,6.4,Setup y ajustes,1
900528,2025-06,EQ-0320,Mezclador P2,Proceso,Línea 2,B,Fatiga de material,4.6,Averías,1
900529,2025-06,EQ-0202,Caldera 2,Servicios,N/A,B,Falta de lubricación,5.3,Averías,0
900530,2025-06,EQ-0455,Envasadora L1,Envasado,Línea 1,A,Contaminación,5.1,Defectos y reproceso,1
900531,2025-06,EQ-0455,Envasadora L1,Envasado,Línea 1,A,Desalineamiento,3.5,Averías,1
900532,2025-06,EQ-0601,Grúa horquilla 4,Bodega,N/A,C,Contaminación,2.9,Paradas menores,1
900533,2025-06,EQ-0462,Etiquetadora L2,Envasado,Línea 2,B,Desgaste,6.3,Averías,1
900534,2025-06,EQ-0210,Compresor 3,Servicios,N/A,B,Desalineamiento,6.4,Averías,1
900535,2025-06,EQ-0470,Paletizador,Envasado,Línea 3,B,Obstrucción,1.9,Averías,1
900536,2025-06,EQ-0331,Bomba de proceso,Proceso,Línea 1,C,Desalineamiento,6.1,Defectos y reproceso,1
900537,2025-06,EQ-0310,Reactor P1,Proceso,Línea 1,A,Desalineamiento,4.1,Setup y ajustes,1
900538,2025-06,EQ-0461,Etiquetadora L1,Envasado,Línea 1,A,Ajuste incorrecto,6.5,Averías,1
900539,2025-06,EQ-0470,Paletizador,Envasado,Línea 3,B,Desgaste,4.9,Averías,1
900540,2025-06,EQ-0457,Envasadora L2,Envasado,Línea 2,A,Falla eléctrica,11.9,Defectos y reproceso,1
900541,2025-06,EQ-0455,Envasadora L1,Envasado,Línea 1,A,Desalineamiento,10.0,Pérdida de velocidad,1
900542,2025-06,EQ-0330,Bomba CIP,Proceso,Línea 2,B,Falla eléctrica,7.0,Averías,1
900543,2025-06,EQ-0457,Envasadora L2,Envasado,Línea 2,A,Desgaste,10.8,Averías,1
900544,2025-06,EQ-0471,Transportador L3,Envasado,Línea 3,C,Desalineamiento,3.5,Setup y ajustes,1
900545,2025-06,EQ-0461,Etiquetadora L1,Envasado,Línea 1,A,Falta de lubricación,9.6,Setup y ajustes,1
900546,2025-06,EQ-0462,Etiquetadora L2,Envasado,Línea 2,B,Falla eléctrica,8.1,Averías,0
900547,2025-06,EQ-0457,Envasadora L2,Envasado,Línea 2,A,Obstrucción,6.6,Averías,1
900548,2025-06,EQ-0455,Envasadora L1,Envasado,Línea 1,A,Obstrucción,1.4,Paradas menores,1
900549,2025-06,EQ-0457,Envasadora L2,Envasado,Línea 2,A,Obstrucción,4.2,Setup y ajustes,1
900550,2025-06,EQ-0455,Envasadora L1,Envasado,Línea 1,A,Falta de lubricación,7.6,Averías,1
900551,2025-06,EQ-0210,Compresor 3,Servicios,N/A,B,Fatiga de material,9.2,Setup y ajustes,1
900552,2025-06,EQ-0461,Etiquetadora L1,Envasado,Línea 1,A,Fatiga de material,11.0,Paradas menores,0
900553,2025-06,EQ-0462,Etiquetadora L2,Envasado,Línea 2,B,Obstrucción,1.8,Paradas menores,1
900554,2025-06,EQ-0311,Intercambiador P1,Proceso,Línea 1,B,Desalineamiento,2.5,Averías,1
900555,2025-06,EQ-0461,Etiquetadora L1,Envasado,Línea 1,A,Contaminación,4.9,Averías,1
900556,2025-06,EQ-0455,Envasadora L1,Envasado,Línea 1,A,Contaminación,4.6,Averías,1
900557,2025-06,EQ-0202,Caldera 2,Servicios,N/A,B,Desalineamiento,4.8,Setup y ajustes,1
900558,2025-06,EQ-0210,Compresor 3,Servicios,N/A,B,Desalineamiento,4.8,Paradas menores,1
900559,2025-06,EQ-0455,Envasadora L1,Envasado,Línea 1,A,Contaminación,13.4,Setup y ajustes,0
900560,2025-06,EQ-0320,Mezclador P2,Proceso,Línea 2,B,Fatiga de material,9.0,Paradas menores,1
900561,2025-06,EQ-0461,Etiquetadora L1,Envasado,Línea 1,A,Desgaste,12.4,Averías,1
900562,2025-06,EQ-0457,Envasadora L2,Envasado,Línea 2,A,Desgaste,6.9,Averías,1
900563,2025-06,EQ-0211,Chiller 1,Servicios,N/A,A,Obstrucción,3.5,Averías,1
900564,2025-06,EQ-0601,Grúa horquilla 4,Bodega,N/A,C,Desgaste,3.4,Pérdida de velocidad,1
900565,2025-06,EQ-0210,Compresor 3,Servicios,N/A,B,Fatiga de material,8.5,Arranque,1
900566,2025-06,EQ-0310,Reactor P1,Proceso,Línea 1,A,Desgaste,5.5,Averías,0
900567,2025-06,EQ-0455,Envasadora L1,Envasado,Línea 1,A,Desalineamiento,11.8,Averías,1
900568,2025-06,EQ-0311,Intercambiador P1,Proceso,Línea 1,B,Desalineamiento,7.6,Averías,1
900569,2025-06,EQ-0457,Envasadora L2,Envasado,Línea 2,A,Ajuste incorrecto,11.6,Averías,0
900570,2025-06,EQ-0457,Envasadora L2,Envasado,Línea 2,A,Desgaste,4.6,Averías,1
900571,2025-06,EQ-0455,Envasadora L1,Envasado,Línea 1,A,Falla eléctrica,2.5,Paradas menores,1
900572,2025-06,EQ-0210,Compresor 3,Servicios,N/A,B,Desgaste,5.3,Paradas menores,1
900573,2025-06,EQ-0330,Bomba CIP,Proceso,Línea 2,B,Desgaste,1.8,Pérdida de velocidad,1
900574,2025-06,EQ-0310,Reactor P1,Proceso,Línea 1,A,Desalineamiento,13.6,Averías,1
900575,2025-06,EQ-0201,Caldera 1,Servicios,N/A,A,Obstrucción,13.2,Paradas menores,1
900576,2025-06,EQ-0331,Bomba de proceso,Proceso,Línea 1,C,Obstrucción,2.7,Paradas menores,1
900577,2025-06,EQ-0462,Etiquetadora L2,Envasado,Línea 2,B,Obstrucción,8.2,Paradas menores,1
900578,2025-06,EQ-0310,Reactor P1,Proceso,Línea 1,A,Desalineamiento,11.4,Paradas menores,1
900579,2025-06,EQ-0471,Transportador L3,Envasado,Línea 3,C,Ajuste incorrecto,0.9,Paradas menores,1
900580,2025-06,EQ-0331,Bomba de proceso,Proceso,Línea 1,C,Desgaste,3.7,Averías,1
900581,2025-06,EQ-0201,Caldera 1,Servicios,N/A,A,Fatiga de material,6.0,Paradas menores,1
900582,2025-06,EQ-0311,Intercambiador P1,Proceso,Línea 1,B,Obstrucción,6.5,Pérdida de velocidad,1
900583,2025-06,EQ-0461,Etiquetadora L1,Envasado,Línea 1,A,Desalineamiento,8.7,Averías,1
900584,2025-06,EQ-0461,Etiquetadora L1,Envasado,Línea 1,A,Desalineamiento,8.9,Averías,1
900585,2025-06,EQ-0461,Etiquetadora L1,Envasado,Línea 1,A,Desalineamiento,5.6,Averías,1
900586,2025-06,EQ-0461,Etiquetadora L1,Envasado,Línea 1,A,Desalineamiento,2.3,Averías,1
900587,2025-06,EQ-0455,Envasadora L1,Envasado,Línea 1,A,Falta de lubricación,11.0,Paradas menores,1
900588,2025-06,EQ-0455,Envasadora L1,Envasado,Línea 1,A,Desgaste,5.7,Pérdida de velocidad,1
900589,2025-06,EQ-0310,Reactor P1,Proceso,Línea 1,A,Falta de lubricación,9.3,Averías,1
900590,2025-06,EQ-0461,Etiquetadora L1,Envasado,Línea 1,A,Ajuste incorrecto,6.6,Paradas menores,1
900591,2025-06,EQ-0211,Chiller 1,Servicios,N/A,A,Falta de lubricación,4.3,Pérdida de velocidad,1
900592,2025-07,EQ-0210,Compresor 3,Servicios,N/A,B,Desalineamiento,2.6,Pérdida de velocidad,1
900593,2025-07,EQ-0457,Envasadora L2,Envasado,Línea 2,A,Falla eléctrica,12.8,Defectos y reproceso,0
900594,2025-07,EQ-0320,Mezclador P2,Proceso,Línea 2,B,Falla eléctrica,6.3,Averías,1
900595,2025-07,EQ-0457,Envasadora L2,Envasado,Línea 2,A,Ajuste incorrecto,9.7,Arranque,1
900596,2025-07,EQ-0202,Caldera 2,Servicios,N/A,B,Falla eléctrica,3.6,Averías,1
900597,2025-07,EQ-0470,Paletizador,Envasado,Línea 3,B,Desgaste,4.7,Pérdida de velocidad,0
900598,2025-07,EQ-0457,Envasadora L2,Envasado,Línea 2,A,Desalineamiento,12.9,Averías,1
900599,2025-07,EQ-0457,Envasadora L2,Envasado,Línea 2,A,Desalineamiento,11.4,Averías,1
900600,2025-07,EQ-0331,Bomba de proceso,Proceso,Línea 1,C,Desalineamiento,5.0,Pérdida de velocidad,1
900601,2025-07,EQ-0201,Caldera 1,Servicios,N/A,A,Desalineamiento,9.8,Defectos y reproceso,1
900602,2025-07,EQ-0462,Etiquetadora L2,Envasado,Línea 2,B,Fatiga de material,5.1,Paradas menores,1
900603,2025-07,EQ-0462,Etiquetadora L2,Envasado,Línea 2,B,Ajuste incorrecto,1.9,Paradas menores,1
900604,2025-07,EQ-0310,Reactor P1,Proceso,Línea 1,A,Desalineamiento,9.4,Averías,1
900605,2025-07,EQ-0461,Etiquetadora L1,Envasado,Línea 1,A,Falla eléctrica,6.3,Setup y ajustes,1
900606,2025-07,EQ-0211,Chiller 1,Servicios,N/A,A,Desalineamiento,5.7,Arranque,1
900607,2025-07,EQ-0330,Bomba CIP,Proceso,Línea 2,B,Desalineamiento,8.2,Defectos y reproceso,1
900608,2025-07,EQ-0202,Caldera 2,Servicios,N/A,B,Desalineamiento,7.7,Averías,0
900609,2025-07,EQ-0310,Reactor P1,Proceso,Línea 1,A,Desalineamiento,8.4,Paradas menores,1
900610,2025-07,EQ-0311,Intercambiador P1,Proceso,Línea 1,B,Falta de lubricación,4.2,Averías,1
900611,2025-07,EQ-0311,Intercambiador P1,Proceso,Línea 1,B,Desalineamiento,2.4,Averías,1
900612,2025-07,EQ-0457,Envasadora L2,Envasado,Línea 2,A,Desgaste,3.1,Paradas menores,1
900613,2025-07,EQ-0457,Envasadora L2,Envasado,Línea 2,A,Falta de lubricación,4.9,Setup y ajustes,1
900614,2025-07,EQ-0457,Envasadora L2,Envasado,Línea 2,A,Desgaste,13.2,Averías,1
900615,2025-07,EQ-0462,Etiquetadora L2,Envasado,Línea 2,B,Desalineamiento,5.3,Averías,1
900616,2025-07,EQ-0461,Etiquetadora L1,Envasado,Línea 1,A,Ajuste incorrecto,10.2,Pérdida de velocidad,1
900617,2025-07,EQ-0210,Compresor 3,Servicios,N/A,B,Desgaste,2.6,Averías,1
900618,2025-07,EQ-0457,Envasadora L2,Envasado,Línea 2,A,Obstrucción,12.6,Averías,0
900619,2025-07,EQ-0310,Reactor P1,Proceso,Línea 1,A,Obstrucción,5.4,Setup y ajustes,0
900620,2025-07,EQ-0311,Intercambiador P1,Proceso,Línea 1,B,Falta de lubricación,2.2,Averías,1
900621,2025-07,EQ-0310,Reactor P1,Proceso,Línea 1,A,Falta de lubricación,12.5,Paradas menores,0
900622,2025-07,EQ-0211,Chiller 1,Servicios,N/A,A,Falta de lubricación,10.2,Setup y ajustes,1
900623,2025-07,EQ-0461,Etiquetadora L1,Envasado,Línea 1,A,Falta de lubricación,12.7,Averías,0
900624,2025-07,EQ-0201,Caldera 1,Servicios,N/A,A,Contaminación,12.3,Setup y ajustes,0
900625,2025-07,EQ-0331,Bomba de proceso,Proceso,Línea 1,C,Ajuste incorrecto,4.9,Arranque,1
900626,2025-07,EQ-0462,Etiquetadora L2,Envasado,Línea 2,B,Contaminación,1.2,Pérdida de velocidad,1
900627,2025-07,EQ-0462,Etiquetadora L2,Envasado,Línea 2,B,Falta de lubricación,9.1,Averías,1
900628,2025-07,EQ-0331,Bomba de proceso,Proceso,Línea 1,C,Desgaste,3.3,Arranque,1
900629,2025-07,EQ-0455,Envasadora L1,Envasado,Línea 1,A,Desgaste,6.6,Paradas menores,1
900630,2025-07,EQ-0201,Caldera 1,Servicios,N/A,A,Ajuste incorrecto,6.6,Defectos y reproceso,1
900631,2025-07,EQ-0201,Caldera 1,Servicios,N/A,A,Desalineamiento,2.0,Setup y ajustes,1
900632,2025-07,EQ-0470,Paletizador,Envasado,Línea 3,B,Obstrucción,5.9,Averías,1
900633,2025-07,EQ-0470,Paletizador,Envasado,Línea 3,B,Fatiga de material,2.0,Setup y ajustes,1
900634,2025-07,EQ-0457,Envasadora L2,Envasado,Línea 2,A,Falla eléctrica,10.4,Paradas menores,1
900635,2025-07,EQ-0310,Reactor P1,Proceso,Línea 1,A,Desgaste,6.9,Pérdida de velocidad,1
900636,2025-07,EQ-0461,Etiquetadora L1,Envasado,Línea 1,A,Falta de lubricación,8.9,Pérdida de velocidad,0
900637,2025-07,EQ-0457,Envasadora L2,Envasado,Línea 2,A,Fatiga de material,10.9,Setup y ajustes,1
900638,2025-07,EQ-0330,Bomba CIP,Proceso,Línea 2,B,Desgaste,7.3,Setup y ajustes,1
900639,2025-07,EQ-0462,Etiquetadora L2,Envasado,Línea 2,B,Falla eléctrica,3.0,Setup y ajustes,1
900640,2025-07,EQ-0457,Envasadora L2,Envasado,Línea 2,A,Desgaste,5.2,Averías,1
900641,2025-07,EQ-0211,Chiller 1,Servicios,N/A,A,Ajuste incorrecto,12.9,Averías,1
900642,2025-07,EQ-0210,Compresor 3,Servicios,N/A,B,Desgaste,5.8,Pérdida de velocidad,1
900643,2025-07,EQ-0210,Compresor 3,Servicios,N/A,B,Falla eléctrica,6.3,Averías,1
900644,2025-07,EQ-0311,Intercambiador P1,Proceso,Línea 1,B,Ajuste incorrecto,8.2,Averías,1
900645,2025-07,EQ-0311,Intercambiador P1,Proceso,Línea 1,B,Desalineamiento,3.0,Defectos y reproceso,1
900646,2025-07,EQ-0461,Etiquetadora L1,Envasado,Línea 1,A,Falta de lubricación,9.3,Averías,1
900647,2025-07,EQ-0211,Chiller 1,Servicios,N/A,A,Fatiga de material,9.3,Setup y ajustes,1
900648,2025-07,EQ-0462,Etiquetadora L2,Envasado,Línea 2,B,Ajuste incorrecto,2.8,Paradas menores,1
900649,2025-07,EQ-0462,Etiquetadora L2,Envasado,Línea 2,B,Obstrucción,7.5,Defectos y reproceso,1
900650,2025-07,EQ-0331,Bomba de proceso,Proceso,Línea 1,C,Desalineamiento,5.2,Pérdida de velocidad,1
900651,2025-07,EQ-0457,Envasadora L2,Envasado,Línea 2,A,Desalineamiento,3.9,Setup y ajustes,1
900652,2025-07,EQ-0330,Bomba CIP,Proceso,Línea 2,B,Fatiga de material,6.8,Averías,1
900653,2025-07,EQ-0601,Grúa horquilla 4,Bodega,N/A,C,Desgaste,1.1,Averías,1
900654,2025-07,EQ-0210,Compresor 3,Servicios,N/A,B,Contaminación,9.2,Pérdida de velocidad,1
900655,2025-07,EQ-0457,Envasadora L2,Envasado,Línea 2,A,Falla eléctrica,5.3,Setup y ajustes,1
900656,2025-07,EQ-0320,Mezclador P2,Proceso,Línea 2,B,Desgaste,2.2,Averías,1
900657,2025-07,EQ-0457,Envasadora L2,Envasado,Línea 2,A,Desgaste,2.7,Defectos y reproceso,1
900658,2025-07,EQ-0330,Bomba CIP,Proceso,Línea 2,B,Fatiga de material,6.9,Pérdida de velocidad,1
900659,2025-07,EQ-0310,Reactor P1,Proceso,Línea 1,A,Falta de lubricación,2.9,Paradas menores,1
900660,2025-07,EQ-0471,Transportador L3,Envasado,Línea 3,C,Desgaste,4.9,Defectos y reproceso,1
900661,2025-07,EQ-0320,Mezclador P2,Proceso,Línea 2,B,Fatiga de material,6.9,Averías,1
900662,2025-07,EQ-0461,Etiquetadora L1,Envasado,Línea 1,A,Falta de lubricación,12.5,Paradas menores,1
900663,2025-07,EQ-0331,Bomba de proceso,Proceso,Línea 1,C,Fatiga de material,3.5,Averías,1
900664,2025-07,EQ-0201,Caldera 1,Servicios,N/A,A,Desgaste,2.3,Defectos y reproceso,1
900665,2025-07,EQ-0311,Intercambiador P1,Proceso,Línea 1,B,Desalineamiento,7.3,Defectos y reproceso,0
900666,2025-07,EQ-0202,Caldera 2,Servicios,N/A,B,Desgaste,1.2,Defectos y reproceso,0
900667,2025-07,EQ-0457,Envasadora L2,Envasado,Línea 2,A,Fatiga de material,3.7,Averías,1
900668,2025-07,EQ-0601,Grúa horquilla 4,Bodega,N/A,C,Falla eléctrica,6.0,Arranque,1
900669,2025-07,EQ-0210,Compresor 3,Servicios,N/A,B,Falla eléctrica,2.7,Averías,1
900670,2025-07,EQ-0601,Grúa horquilla 4,Bodega,N/A,C,Desalineamiento,2.0,Averías,1
900671,2025-07,EQ-0202,Caldera 2,Servicios,N/A,B,Obstrucción,1.0,Arranque,1
900672,2025-07,EQ-0310,Reactor P1,Proceso,Línea 1,A,Desalineamiento,1.7,Defectos y reproceso,1
900673,2025-07,EQ-0201,Caldera 1,Servicios,N/A,A,Contaminación,2.9,Setup y ajustes,1
900674,2025-07,EQ-0320,Mezclador P2,Proceso,Línea 2,B,Obstrucción,3.3,Paradas menores,1
900675,2025-07,EQ-0471,Transportador L3,Envasado,Línea 3,C,Ajuste incorrecto,1.3,Paradas menores,1
900676,2025-07,EQ-0457,Envasadora L2,Envasado,Línea 2,A,Desgaste,3.5,Averías,1
900677,2025-07,EQ-0211,Chiller 1,Servicios,N/A,A,Desgaste,4.0,Pérdida de velocidad,1
900678,2025-07,EQ-0310,Reactor P1,Proceso,Línea 1,A,Desalineamiento,8.9,Setup y ajustes,1
900679,2025-07,EQ-0310,Reactor P1,Proceso,Línea 1,A,Desalineamiento,6.5,Averías,0
900680,2025-07,EQ-0320,Mezclador P2,Proceso,Línea 2,B,Desalineamiento,1.0,Averías,1
900681,2025-07,EQ-0457,Envasadora L2,Envasado,Línea 2,A,Falta de lubricación,12.1,Averías,1
900682,2025-07,EQ-0202,Caldera 2,Servicios,N/A,B,Obstrucción,9.3,Defectos y reproceso,1
900683,2025-07,EQ-0455,Envasadora L1,Envasado,Línea 1,A,Ajuste incorrecto,9.6,Averías,1
900684,2025-07,EQ-0311,Intercambiador P1,Proceso,Línea 1,B,Falta de lubricación,1.0,Setup y ajustes,1
900685,2025-07,EQ-0457,Envasadora L2,Envasado,Línea 2,A,Desalineamiento,2.9,Averías,1
900686,2025-07,EQ-0457,Envasadora L2,Envasado,Línea 2,A,Falla eléctrica,7.0,Pérdida de velocidad,1
900687,2025-07,EQ-0320,Mezclador P2,Proceso,Línea 2,B,Desgaste,1.8,Averías,1
900688,2025-07,EQ-0462,Etiquetadora L2,Envasado,Línea 2,B,Contaminación,9.2,Averías,1
900689,2025-07,EQ-0461,Etiquetadora L1,Envasado,Línea 1,A,Falla eléctrica,3.2,Setup y ajustes,1
900690,2025-07,EQ-0457,Envasadora L2,Envasado,Línea 2,A,Falla eléctrica,5.9,Paradas menores,1
900691,2025-07,EQ-0202,Caldera 2,Servicios,N/A,B,Desalineamiento,9.5,Averías,1
900692,2025-07,EQ-0462,Etiquetadora L2,Envasado,Línea 2,B,Desgaste,8.7,Averías,1
900693,2025-07,EQ-0202,Caldera 2,Servicios,N/A,B,Contaminación,5.4,Defectos y reproceso,1
900694,2025-07,EQ-0457,Envasadora L2,Envasado,Línea 2,A,Obstrucción,8.1,Defectos y reproceso,1
900695,2025-07,EQ-0311,Intercambiador P1,Proceso,Línea 1,B,Desalineamiento,7.1,Pérdida de velocidad,0
900696,2025-07,EQ-0457,Envasadora L2,Envasado,Línea 2,A,Desalineamiento,1.8,Defectos y reproceso,1
900697,2025-07,EQ-0201,Caldera 1,Servicios,N/A,A,Desalineamiento,2.1,Averías,1
900698,2025-07,EQ-0461,Etiquetadora L1,Envasado,Línea 1,A,Obstrucción,1.3,Pérdida de velocidad,1
900699,2025-07,EQ-0471,Transportador L3,Envasado,Línea 3,C,Obstrucción,3.9,Averías,1
900700,2025-07,EQ-0455,Envasadora L1,Envasado,Línea 1,A,Falta de lubricación,3.9,Averías,1
900701,2025-08,EQ-0471,Transportador L3,Envasado,Línea 3,C,Fatiga de material,3.0,Averías,1
900702,2025-08,EQ-0457,Envasadora L2,Envasado,Línea 2,A,Falla eléctrica,2.0,Paradas menores,1
900703,2025-08,EQ-0201,Caldera 1,Servicios,N/A,A,Desalineamiento,1.6,Defectos y reproceso,1
900704,2025-08,EQ-0330,Bomba CIP,Proceso,Línea 2,B,Desalineamiento,3.9,Defectos y reproceso,1
900705,2025-08,EQ-0470,Paletizador,Envasado,Línea 3,B,Falla eléctrica,7.4,Averías,1
900706,2025-08,EQ-0455,Envasadora L1,Envasado,Línea 1,A,Contaminación,11.3,Setup y ajustes,1
900707,2025-08,EQ-0462,Etiquetadora L2,Envasado,Línea 2,B,Desgaste,4.0,Paradas menores,1
900708,2025-08,EQ-0331,Bomba de proceso,Proceso,Línea 1,C,Desgaste,4.6,Paradas menores,1
900709,2025-08,EQ-0330,Bomba CIP,Proceso,Línea 2,B,Obstrucción,9.3,Setup y ajustes,1
900710,2025-08,EQ-0310,Reactor P1,Proceso,Línea 1,A,Desgaste,2.5,Arranque,1
900711,2025-08,EQ-0310,Reactor P1,Proceso,Línea 1,A,Desalineamiento,5.9,Averías,1
900712,2025-08,EQ-0601,Grúa horquilla 4,Bodega,N/A,C,Desgaste,2.1,Averías,1
900713,2025-08,EQ-0201,Caldera 1,Servicios,N/A,A,Falta de lubricación,8.4,Paradas menores,1
900714,2025-08,EQ-0461,Etiquetadora L1,Envasado,Línea 1,A,Falta de lubricación,12.6,Defectos y reproceso,1
900715,2025-08,EQ-0471,Transportador L3,Envasado,Línea 3,C,Falta de lubricación,2.2,Averías,1
900716,2025-08,EQ-0601,Grúa horquilla 4,Bodega,N/A,C,Desalineamiento,2.4,Averías,1
900717,2025-08,EQ-0470,Paletizador,Envasado,Línea 3,B,Contaminación,8.8,Defectos y reproceso,1
900718,2025-08,EQ-0462,Etiquetadora L2,Envasado,Línea 2,B,Desalineamiento,9.7,Averías,0
900719,2025-08,EQ-0457,Envasadora L2,Envasado,Línea 2,A,Fatiga de material,6.7,Setup y ajustes,0
900720,2025-08,EQ-0201,Caldera 1,Servicios,N/A,A,Desgaste,7.6,Averías,1
900721,2025-08,EQ-0457,Envasadora L2,Envasado,Línea 2,A,Desalineamiento,12.8,Averías,1
900722,2025-08,EQ-0457,Envasadora L2,Envasado,Línea 2,A,Obstrucción,11.6,Averías,1
900723,2025-08,EQ-0210,Compresor 3,Servicios,N/A,B,Falta de lubricación,1.2,Averías,1
900724,2025-08,EQ-0201,Caldera 1,Servicios,N/A,A,Desgaste,1.9,Averías,1
900725,2025-08,EQ-0462,Etiquetadora L2,Envasado,Línea 2,B,Desalineamiento,2.1,Paradas menores,1
900726,2025-08,EQ-0601,Grúa horquilla 4,Bodega,N/A,C,Desalineamiento,2.1,Averías,1
900727,2025-08,EQ-0210,Compresor 3,Servicios,N/A,B,Ajuste incorrecto,8.3,Setup y ajustes,1
900728,2025-08,EQ-0211,Chiller 1,Servicios,N/A,A,Desalineamiento,2.5,Setup y ajustes,1
900729,2025-08,EQ-0331,Bomba de proceso,Proceso,Línea 1,C,Falta de lubricación,2.1,Setup y ajustes,1
900730,2025-08,EQ-0201,Caldera 1,Servicios,N/A,A,Desgaste,8.6,Arranque,1
900731,2025-08,EQ-0210,Compresor 3,Servicios,N/A,B,Falta de lubricación,2.6,Pérdida de velocidad,1
900732,2025-08,EQ-0461,Etiquetadora L1,Envasado,Línea 1,A,Fatiga de material,4.9,Defectos y reproceso,1
900733,2025-08,EQ-0202,Caldera 2,Servicios,N/A,B,Desgaste,1.2,Setup y ajustes,1
900734,2025-08,EQ-0471,Transportador L3,Envasado,Línea 3,C,Falta de lubricación,6.0,Averías,0
900735,2025-08,EQ-0470,Paletizador,Envasado,Línea 3,B,Fatiga de material,1.9,Paradas menores,1
900736,2025-08,EQ-0311,Intercambiador P1,Proceso,Línea 1,B,Desgaste,7.2,Averías,1
900737,2025-08,EQ-0462,Etiquetadora L2,Envasado,Línea 2,B,Desalineamiento,8.3,Averías,1
900738,2025-08,EQ-0201,Caldera 1,Servicios,N/A,A,Desalineamiento,7.3,Averías,1
900739,2025-08,EQ-0470,Paletizador,Envasado,Línea 3,B,Fatiga de material,8.8,Defectos y reproceso,1
900740,2025-08,EQ-0470,Paletizador,Envasado,Línea 3,B,Obstrucción,9.6,Arranque,1
900741,2025-08,EQ-0471,Transportador L3,Envasado,Línea 3,C,Desgaste,0.7,Averías,1
900742,2025-08,EQ-0210,Compresor 3,Servicios,N/A,B,Desgaste,6.3,Averías,1
900743,2025-08,EQ-0210,Compresor 3,Servicios,N/A,B,Desalineamiento,9.7,Setup y ajustes,1
900744,2025-08,EQ-0455,Envasadora L1,Envasado,Línea 1,A,Obstrucción,10.6,Paradas menores,1
900745,2025-08,EQ-0471,Transportador L3,Envasado,Línea 3,C,Ajuste incorrecto,3.7,Pérdida de velocidad,1
900746,2025-08,EQ-0211,Chiller 1,Servicios,N/A,A,Fatiga de material,11.2,Paradas menores,1
900747,2025-08,EQ-0310,Reactor P1,Proceso,Línea 1,A,Contaminación,5.7,Averías,1
900748,2025-08,EQ-0330,Bomba CIP,Proceso,Línea 2,B,Obstrucción,5.7,Paradas menores,1
900749,2025-08,EQ-0457,Envasadora L2,Envasado,Línea 2,A,Desalineamiento,4.9,Paradas menores,1
900750,2025-08,EQ-0471,Transportador L3,Envasado,Línea 3,C,Falla eléctrica,1.5,Arranque,1
900751,2025-08,EQ-0457,Envasadora L2,Envasado,Línea 2,A,Falla eléctrica,8.5,Paradas menores,0
900752,2025-08,EQ-0310,Reactor P1,Proceso,Línea 1,A,Fatiga de material,9.8,Averías,1
900753,2025-08,EQ-0471,Transportador L3,Envasado,Línea 3,C,Obstrucción,5.7,Setup y ajustes,1
900754,2025-08,EQ-0201,Caldera 1,Servicios,N/A,A,Ajuste incorrecto,13.3,Setup y ajustes,1
900755,2025-08,EQ-0210,Compresor 3,Servicios,N/A,B,Falla eléctrica,3.1,Arranque,1
900756,2025-08,EQ-0471,Transportador L3,Envasado,Línea 3,C,Falta de lubricación,4.6,Averías,1
900757,2025-08,EQ-0457,Envasadora L2,Envasado,Línea 2,A,Falla eléctrica,2.5,Arranque,1
900758,2025-08,EQ-0461,Etiquetadora L1,Envasado,Línea 1,A,Ajuste incorrecto,4.6,Defectos y reproceso,1
900759,2025-08,EQ-0457,Envasadora L2,Envasado,Línea 2,A,Desalineamiento,10.7,Defectos y reproceso,1
900760,2025-08,EQ-0310,Reactor P1,Proceso,Línea 1,A,Contaminación,12.5,Setup y ajustes,1
900761,2025-08,EQ-0201,Caldera 1,Servicios,N/A,A,Ajuste incorrecto,2.6,Setup y ajustes,1
900762,2025-08,EQ-0210,Compresor 3,Servicios,N/A,B,Obstrucción,5.1,Paradas menores,1
900763,2025-08,EQ-0457,Envasadora L2,Envasado,Línea 2,A,Desgaste,8.8,Averías,1
900764,2025-08,EQ-0457,Envasadora L2,Envasado,Línea 2,A,Ajuste incorrecto,5.3,Arranque,1
900765,2025-08,EQ-0457,Envasadora L2,Envasado,Línea 2,A,Obstrucción,10.6,Averías,1
900766,2025-08,EQ-0462,Etiquetadora L2,Envasado,Línea 2,B,Falta de lubricación,4.7,Pérdida de velocidad,1
900767,2025-08,EQ-0210,Compresor 3,Servicios,N/A,B,Falta de lubricación,7.6,Averías,1
900768,2025-08,EQ-0457,Envasadora L2,Envasado,Línea 2,A,Contaminación,9.6,Averías,1
900769,2025-08,EQ-0457,Envasadora L2,Envasado,Línea 2,A,Obstrucción,4.9,Setup y ajustes,1
900770,2025-08,EQ-0202,Caldera 2,Servicios,N/A,B,Contaminación,1.3,Averías,1
900771,2025-08,EQ-0331,Bomba de proceso,Proceso,Línea 1,C,Ajuste incorrecto,2.7,Defectos y reproceso,1
900772,2025-08,EQ-0330,Bomba CIP,Proceso,Línea 2,B,Desalineamiento,7.6,Pérdida de velocidad,1
900773,2025-08,EQ-0455,Envasadora L1,Envasado,Línea 1,A,Desalineamiento,10.6,Paradas menores,1
900774,2025-08,EQ-0461,Etiquetadora L1,Envasado,Línea 1,A,Desalineamiento,5.1,Arranque,1
900775,2025-08,EQ-0457,Envasadora L2,Envasado,Línea 2,A,Desgaste,7.2,Paradas menores,1
900776,2025-08,EQ-0210,Compresor 3,Servicios,N/A,B,Obstrucción,5.8,Averías,1
900777,2025-08,EQ-0210,Compresor 3,Servicios,N/A,B,Obstrucción,3.8,Averías,1
900778,2025-08,EQ-0210,Compresor 3,Servicios,N/A,B,Desalineamiento,7.8,Averías,1
900779,2025-08,EQ-0457,Envasadora L2,Envasado,Línea 2,A,Desalineamiento,13.2,Setup y ajustes,1
900780,2025-08,EQ-0331,Bomba de proceso,Proceso,Línea 1,C,Obstrucción,6.8,Averías,1
900781,2025-08,EQ-0330,Bomba CIP,Proceso,Línea 2,B,Falta de lubricación,2.0,Averías,1
900782,2025-08,EQ-0331,Bomba de proceso,Proceso,Línea 1,C,Desalineamiento,4.6,Paradas menores,0
900783,2025-08,EQ-0462,Etiquetadora L2,Envasado,Línea 2,B,Desalineamiento,4.7,Averías,1
900784,2025-08,EQ-0310,Reactor P1,Proceso,Línea 1,A,Ajuste incorrecto,13.3,Averías,0
900785,2025-08,EQ-0202,Caldera 2,Servicios,N/A,B,Falla eléctrica,6.6,Paradas menores,1
900786,2025-08,EQ-0211,Chiller 1,Servicios,N/A,A,Fatiga de material,4.0,Averías,0
900787,2025-08,EQ-0461,Etiquetadora L1,Envasado,Línea 1,A,Fatiga de material,7.1,Paradas menores,1
900788,2025-08,EQ-0311,Intercambiador P1,Proceso,Línea 1,B,Desalineamiento,6.8,Averías,1
900789,2025-08,EQ-0455,Envasadora L1,Envasado,Línea 1,A,Falta de lubricación,1.8,Paradas menores,1
900790,2025-08,EQ-0210,Compresor 3,Servicios,N/A,B,Desgaste,7.6,Defectos y reproceso,1
900791,2025-08,EQ-0330,Bomba CIP,Proceso,Línea 2,B,Desalineamiento,6.7,Pérdida de velocidad,1
900792,2025-08,EQ-0211,Chiller 1,Servicios,N/A,A,Obstrucción,4.1,Defectos y reproceso,1
900793,2025-08,EQ-0461,Etiquetadora L1,Envasado,Línea 1,A,Desgaste,10.9,Averías,1
900794,2025-08,EQ-0320,Mezclador P2,Proceso,Línea 2,B,Fatiga de material,2.0,Averías,0
900795,2025-08,EQ-0457,Envasadora L2,Envasado,Línea 2,A,Falla eléctrica,5.1,Defectos y reproceso,1
900796,2025-08,EQ-0462,Etiquetadora L2,Envasado,Línea 2,B,Desgaste,3.0,Averías,1
900797,2025-08,EQ-0455,Envasadora L1,Envasado,Línea 1,A,Falta de lubricación,4.4,Setup y ajustes,1
900798,2025-08,EQ-0310,Reactor P1,Proceso,Línea 1,A,Desalineamiento,8.7,Pérdida de velocidad,0
900799,2025-08,EQ-0311,Intercambiador P1,Proceso,Línea 1,B,Obstrucción,6.0,Averías,1
900800,2025-08,EQ-0461,Etiquetadora L1,Envasado,Línea 1,A,Contaminación,7.3,Paradas menores,1
900801,2025-08,EQ-0461,Etiquetadora L1,Envasado,Línea 1,A,Falla eléctrica,10.3,Setup y ajustes,1
900802,2025-08,EQ-0461,Etiquetadora L1,Envasado,Línea 1,A,Desalineamiento,8.4,Defectos y reproceso,1
900803,2025-08,EQ-0457,Envasadora L2,Envasado,Línea 2,A,Desalineamiento,12.0,Averías,1
900804,2025-08,EQ-0457,Envasadora L2,Envasado,Línea 2,A,Fatiga de material,4.7,Setup y ajustes,1
900805,2025-09,EQ-0211,Chiller 1,Servicios,N/A,A,Falla eléctrica,9.4,Averías,1
900806,2025-09,EQ-0311,Intercambiador P1,Proceso,Línea 1,B,Ajuste incorrecto,8.1,Setup y ajustes,1
900807,2025-09,EQ-0455,Envasadora L1,Envasado,Línea 1,A,Desgaste,9.6,Arranque,1
900808,2025-09,EQ-0310,Reactor P1,Proceso,Línea 1,A,Desgaste,9.3,Averías,0
900809,2025-09,EQ-0310,Reactor P1,Proceso,Línea 1,A,Falla eléctrica,4.3,Averías,1
900810,2025-09,EQ-0457,Envasadora L2,Envasado,Línea 2,A,Desgaste,11.1,Averías,1
900811,2025-09,EQ-0457,Envasadora L2,Envasado,Línea 2,A,Desalineamiento,3.6,Arranque,0
900812,2025-09,EQ-0310,Reactor P1,Proceso,Línea 1,A,Desgaste,2.9,Paradas menores,1
900813,2025-09,EQ-0330,Bomba CIP,Proceso,Línea 2,B,Desalineamiento,7.2,Averías,1
900814,2025-09,EQ-0201,Caldera 1,Servicios,N/A,A,Desgaste,9.8,Averías,1
900815,2025-09,EQ-0455,Envasadora L1,Envasado,Línea 1,A,Fatiga de material,1.9,Averías,1
900816,2025-09,EQ-0457,Envasadora L2,Envasado,Línea 2,A,Obstrucción,3.2,Setup y ajustes,1
900817,2025-09,EQ-0457,Envasadora L2,Envasado,Línea 2,A,Desalineamiento,4.0,Pérdida de velocidad,1
900818,2025-09,EQ-0330,Bomba CIP,Proceso,Línea 2,B,Contaminación,5.7,Defectos y reproceso,1
900819,2025-09,EQ-0202,Caldera 2,Servicios,N/A,B,Obstrucción,6.2,Arranque,1
900820,2025-09,EQ-0601,Grúa horquilla 4,Bodega,N/A,C,Falla eléctrica,1.4,Averías,1
900821,2025-09,EQ-0211,Chiller 1,Servicios,N/A,A,Obstrucción,5.2,Pérdida de velocidad,1
900822,2025-09,EQ-0455,Envasadora L1,Envasado,Línea 1,A,Obstrucción,7.0,Paradas menores,1
900823,2025-09,EQ-0210,Compresor 3,Servicios,N/A,B,Falla eléctrica,3.3,Paradas menores,1
900824,2025-09,EQ-0211,Chiller 1,Servicios,N/A,A,Fatiga de material,4.2,Defectos y reproceso,1
900825,2025-09,EQ-0310,Reactor P1,Proceso,Línea 1,A,Ajuste incorrecto,12.6,Setup y ajustes,0
900826,2025-09,EQ-0311,Intercambiador P1,Proceso,Línea 1,B,Desgaste,1.6,Pérdida de velocidad,1
900827,2025-09,EQ-0211,Chiller 1,Servicios,N/A,A,Obstrucción,2.0,Averías,1
900828,2025-09,EQ-0202,Caldera 2,Servicios,N/A,B,Desalineamiento,8.2,Arranque,1
900829,2025-09,EQ-0331,Bomba de proceso,Proceso,Línea 1,C,Ajuste incorrecto,5.1,Paradas menores,1
900830,2025-09,EQ-0201,Caldera 1,Servicios,N/A,A,Desalineamiento,11.9,Averías,1
900831,2025-09,EQ-0331,Bomba de proceso,Proceso,Línea 1,C,Ajuste incorrecto,5.4,Setup y ajustes,1
900832,2025-09,EQ-0311,Intercambiador P1,Proceso,Línea 1,B,Desgaste,8.2,Averías,1
900833,2025-09,EQ-0310,Reactor P1,Proceso,Línea 1,A,Falta de lubricación,12.2,Paradas menores,1
900834,2025-09,EQ-0461,Etiquetadora L1,Envasado,Línea 1,A,Falla eléctrica,1.7,Averías,1
900835,2025-09,EQ-0457,Envasadora L2,Envasado,Línea 2,A,Desalineamiento,1.6,Pérdida de velocidad,1
900836,2025-09,EQ-0211,Chiller 1,Servicios,N/A,A,Ajuste incorrecto,4.3,Paradas menores,1
900837,2025-09,EQ-0331,Bomba de proceso,Proceso,Línea 1,C,Falla eléctrica,1.8,Averías,1
900838,2025-09,EQ-0201,Caldera 1,Servicios,N/A,A,Ajuste incorrecto,8.4,Pérdida de velocidad,1
900839,2025-09,EQ-0457,Envasadora L2,Envasado,Línea 2,A,Ajuste incorrecto,9.5,Paradas menores,1
900840,2025-09,EQ-0202,Caldera 2,Servicios,N/A,B,Desalineamiento,8.7,Setup y ajustes,1
900841,2025-09,EQ-0310,Reactor P1,Proceso,Línea 1,A,Falta de lubricación,9.8,Paradas menores,1
900842,2025-09,EQ-0320,Mezclador P2,Proceso,Línea 2,B,Falta de lubricación,7.2,Setup y ajustes,1
900843,2025-09,EQ-0202,Caldera 2,Servicios,N/A,B,Desgaste,9.3,Pérdida de velocidad,1
900844,2025-09,EQ-0455,Envasadora L1,Envasado,Línea 1,A,Falta de lubricación,10.3,Averías,1
900845,2025-09,EQ-0310,Reactor P1,Proceso,Línea 1,A,Desgaste,7.5,Averías,1
900846,2025-09,EQ-0201,Caldera 1,Servicios,N/A,A,Fatiga de material,7.1,Arranque,1
900847,2025-09,EQ-0211,Chiller 1,Servicios,N/A,A,Desalineamiento,11.1,Averías,1
900848,2025-09,EQ-0455,Envasadora L1,Envasado,Línea 1,A,Falla eléctrica,3.1,Pérdida de velocidad,1
900849,2025-09,EQ-0462,Etiquetadora L2,Envasado,Línea 2,B,Desalineamiento,6.6,Paradas menores,1
900850,2025-09,EQ-0457,Envasadora L2,Envasado,Línea 2,A,Ajuste incorrecto,4.8,Defectos y reproceso,1
900851,2025-09,EQ-0462,Etiquetadora L2,Envasado,Línea 2,B,Desalineamiento,9.2,Averías,1
900852,2025-09,EQ-0457,Envasadora L2,Envasado,Línea 2,A,Fatiga de material,3.8,Averías,1
900853,2025-09,EQ-0457,Envasadora L2,Envasado,Línea 2,A,Desalineamiento,7.5,Averías,1
900854,2025-09,EQ-0455,Envasadora L1,Envasado,Línea 1,A,Ajuste incorrecto,11.7,Pérdida de velocidad,1
900855,2025-09,EQ-0320,Mezclador P2,Proceso,Línea 2,B,Fatiga de material,4.7,Paradas menores,1
900856,2025-09,EQ-0457,Envasadora L2,Envasado,Línea 2,A,Contaminación,11.5,Averías,1
900857,2025-09,EQ-0455,Envasadora L1,Envasado,Línea 1,A,Desgaste,5.3,Averías,1
900858,2025-09,EQ-0331,Bomba de proceso,Proceso,Línea 1,C,Ajuste incorrecto,1.3,Setup y ajustes,1
900859,2025-09,EQ-0320,Mezclador P2,Proceso,Línea 2,B,Falla eléctrica,6.8,Setup y ajustes,1
900860,2025-09,EQ-0457,Envasadora L2,Envasado,Línea 2,A,Falla eléctrica,8.1,Defectos y reproceso,1
900861,2025-09,EQ-0330,Bomba CIP,Proceso,Línea 2,B,Fatiga de material,6.3,Averías,1
900862,2025-09,EQ-0461,Etiquetadora L1,Envasado,Línea 1,A,Falta de lubricación,5.8,Pérdida de velocidad,0
900863,2025-09,EQ-0211,Chiller 1,Servicios,N/A,A,Obstrucción,11.9,Paradas menores,1
900864,2025-09,EQ-0330,Bomba CIP,Proceso,Línea 2,B,Contaminación,9.7,Averías,1
900865,2025-09,EQ-0211,Chiller 1,Servicios,N/A,A,Contaminación,5.6,Setup y ajustes,1
900866,2025-09,EQ-0455,Envasadora L1,Envasado,Línea 1,A,Fatiga de material,9.5,Pérdida de velocidad,1
900867,2025-09,EQ-0471,Transportador L3,Envasado,Línea 3,C,Fatiga de material,3.3,Paradas menores,1
900868,2025-09,EQ-0462,Etiquetadora L2,Envasado,Línea 2,B,Ajuste incorrecto,7.6,Arranque,1
900869,2025-09,EQ-0331,Bomba de proceso,Proceso,Línea 1,C,Desalineamiento,2.9,Arranque,1
900870,2025-09,EQ-0310,Reactor P1,Proceso,Línea 1,A,Falla eléctrica,12.4,Paradas menores,1
900871,2025-09,EQ-0462,Etiquetadora L2,Envasado,Línea 2,B,Obstrucción,1.2,Pérdida de velocidad,1
900872,2025-09,EQ-0601,Grúa horquilla 4,Bodega,N/A,C,Falta de lubricación,4.7,Averías,1
900873,2025-09,EQ-0330,Bomba CIP,Proceso,Línea 2,B,Obstrucción,5.2,Paradas menores,1
900874,2025-09,EQ-0211,Chiller 1,Servicios,N/A,A,Fatiga de material,5.5,Averías,1
900875,2025-09,EQ-0310,Reactor P1,Proceso,Línea 1,A,Desgaste,7.0,Pérdida de velocidad,0
900876,2025-09,EQ-0210,Compresor 3,Servicios,N/A,B,Desgaste,1.8,Setup y ajustes,1
900877,2025-09,EQ-0330,Bomba CIP,Proceso,Línea 2,B,Desalineamiento,7.5,Paradas menores,1
900878,2025-09,EQ-0202,Caldera 2,Servicios,N/A,B,Desgaste,7.5,Paradas menores,1
900879,2025-09,EQ-0201,Caldera 1,Servicios,N/A,A,Contaminación,11.5,Averías,1
900880,2025-09,EQ-0462,Etiquetadora L2,Envasado,Línea 2,B,Ajuste incorrecto,3.8,Averías,1
900881,2025-09,EQ-0331,Bomba de proceso,Proceso,Línea 1,C,Obstrucción,6.1,Averías,1
900882,2025-09,EQ-0210,Compresor 3,Servicios,N/A,B,Obstrucción,4.1,Averías,1
900883,2025-09,EQ-0331,Bomba de proceso,Proceso,Línea 1,C,Desgaste,2.6,Averías,1
900884,2025-09,EQ-0461,Etiquetadora L1,Envasado,Línea 1,A,Desalineamiento,3.6,Averías,0
900885,2025-09,EQ-0455,Envasadora L1,Envasado,Línea 1,A,Desalineamiento,11.7,Averías,1
900886,2025-09,EQ-0455,Envasadora L1,Envasado,Línea 1,A,Falta de lubricación,11.5,Averías,1
900887,2025-09,EQ-0320,Mezclador P2,Proceso,Línea 2,B,Desalineamiento,2.0,Setup y ajustes,1
900888,2025-09,EQ-0462,Etiquetadora L2,Envasado,Línea 2,B,Desgaste,8.8,Paradas menores,1
900889,2025-09,EQ-0455,Envasadora L1,Envasado,Línea 1,A,Desgaste,6.3,Paradas menores,1
900890,2025-09,EQ-0461,Etiquetadora L1,Envasado,Línea 1,A,Desgaste,12.8,Averías,1
900891,2025-09,EQ-0201,Caldera 1,Servicios,N/A,A,Contaminación,10.7,Pérdida de velocidad,1
900892,2025-09,EQ-0310,Reactor P1,Proceso,Línea 1,A,Obstrucción,4.7,Setup y ajustes,1
900893,2025-09,EQ-0320,Mezclador P2,Proceso,Línea 2,B,Contaminación,9.0,Averías,1
900894,2025-09,EQ-0201,Caldera 1,Servicios,N/A,A,Desgaste,3.2,Arranque,1
900895,2025-09,EQ-0457,Envasadora L2,Envasado,Línea 2,A,Fatiga de material,2.2,Pérdida de velocidad,1
900896,2025-09,EQ-0330,Bomba CIP,Proceso,Línea 2,B,Desalineamiento,8.2,Paradas menores,1
900897,2025-09,EQ-0210,Compresor 3,Servicios,N/A,B,Desgaste,1.5,Averías,1
900898,2025-09,EQ-0331,Bomba de proceso,Proceso,Línea 1,C,Ajuste incorrecto,4.3,Averías,1
900899,2025-09,EQ-0471,Transportador L3,Envasado,Línea 3,C,Desgaste,6.3,Averías,1
900900,2025-09,EQ-0331,Bomba de proceso,Proceso,Línea 1,C,Desgaste,1.2,Averías,1
900901,2025-09,EQ-0601,Grúa horquilla 4,Bodega,N/A,C,Ajuste incorrecto,4.4,Averías,1
900902,2025-10,EQ-0457,Envasadora L2,Envasado,Línea 2,A,Desgaste,6.0,Averías,1
900903,2025-10,EQ-0330,Bomba CIP,Proceso,Línea 2,B,Desgaste,8.6,Paradas menores,1
900904,2025-10,EQ-0310,Reactor P1,Proceso,Línea 1,A,Desalineamiento,12.8,Averías,1
900905,2025-10,EQ-0457,Envasadora L2,Envasado,Línea 2,A,Falta de lubricación,11.0,Paradas menores,1
900906,2025-10,EQ-0461,Etiquetadora L1,Envasado,Línea 1,A,Falta de lubricación,8.0,Averías,1
900907,2025-10,EQ-0457,Envasadora L2,Envasado,Línea 2,A,Desalineamiento,11.2,Defectos y reproceso,1
900908,2025-10,EQ-0211,Chiller 1,Servicios,N/A,A,Obstrucción,2.4,Averías,1
900909,2025-10,EQ-0461,Etiquetadora L1,Envasado,Línea 1,A,Falta de lubricación,4.1,Defectos y reproceso,1
900910,2025-10,EQ-0310,Reactor P1,Proceso,Línea 1,A,Falta de lubricación,8.3,Averías,1
900911,2025-10,EQ-0462,Etiquetadora L2,Envasado,Línea 2,B,Falla eléctrica,8.1,Paradas menores,1
900912,2025-10,EQ-0461,Etiquetadora L1,Envasado,Línea 1,A,Desgaste,8.5,Pérdida de velocidad,1
900913,2025-10,EQ-0210,Compresor 3,Servicios,N/A,B,Desgaste,3.1,Averías,1
900914,2025-10,EQ-0311,Intercambiador P1,Proceso,Línea 1,B,Desalineamiento,2.2,Pérdida de velocidad,1
900915,2025-10,EQ-0210,Compresor 3,Servicios,N/A,B,Desalineamiento,1.6,Defectos y reproceso,1
900916,2025-10,EQ-0457,Envasadora L2,Envasado,Línea 2,A,Fatiga de material,2.7,Paradas menores,1
900917,2025-10,EQ-0310,Reactor P1,Proceso,Línea 1,A,Falta de lubricación,8.7,Arranque,1
900918,2025-10,EQ-0455,Envasadora L1,Envasado,Línea 1,A,Desalineamiento,12.7,Setup y ajustes,1
900919,2025-10,EQ-0330,Bomba CIP,Proceso,Línea 2,B,Contaminación,7.4,Averías,1
900920,2025-10,EQ-0457,Envasadora L2,Envasado,Línea 2,A,Obstrucción,3.5,Averías,1
900921,2025-10,EQ-0210,Compresor 3,Servicios,N/A,B,Fatiga de material,3.9,Pérdida de velocidad,1
900922,2025-10,EQ-0201,Caldera 1,Servicios,N/A,A,Contaminación,7.0,Averías,1
900923,2025-10,EQ-0320,Mezclador P2,Proceso,Línea 2,B,Desgaste,1.4,Defectos y reproceso,1
900924,2025-10,EQ-0311,Intercambiador P1,Proceso,Línea 1,B,Desalineamiento,7.2,Paradas menores,0
900925,2025-10,EQ-0331,Bomba de proceso,Proceso,Línea 1,C,Desgaste,4.6,Defectos y reproceso,1
900926,2025-10,EQ-0320,Mezclador P2,Proceso,Línea 2,B,Falta de lubricación,3.0,Averías,1
900927,2025-10,EQ-0310,Reactor P1,Proceso,Línea 1,A,Desgaste,2.0,Averías,1
900928,2025-10,EQ-0461,Etiquetadora L1,Envasado,Línea 1,A,Falta de lubricación,2.1,Pérdida de velocidad,1
900929,2025-10,EQ-0330,Bomba CIP,Proceso,Línea 2,B,Desgaste,5.5,Paradas menores,1
900930,2025-10,EQ-0455,Envasadora L1,Envasado,Línea 1,A,Ajuste incorrecto,5.2,Paradas menores,1
900931,2025-10,EQ-0311,Intercambiador P1,Proceso,Línea 1,B,Falta de lubricación,2.5,Defectos y reproceso,1
900932,2025-10,EQ-0462,Etiquetadora L2,Envasado,Línea 2,B,Obstrucción,4.6,Setup y ajustes,1
900933,2025-10,EQ-0461,Etiquetadora L1,Envasado,Línea 1,A,Desgaste,10.7,Defectos y reproceso,1
900934,2025-10,EQ-0210,Compresor 3,Servicios,N/A,B,Ajuste incorrecto,4.8,Defectos y reproceso,1
900935,2025-10,EQ-0210,Compresor 3,Servicios,N/A,B,Obstrucción,8.2,Averías,1
900936,2025-10,EQ-0330,Bomba CIP,Proceso,Línea 2,B,Desgaste,7.0,Averías,1
900937,2025-10,EQ-0201,Caldera 1,Servicios,N/A,A,Obstrucción,5.4,Defectos y reproceso,1
900938,2025-10,EQ-0210,Compresor 3,Servicios,N/A,B,Desalineamiento,7.7,Setup y ajustes,1
900939,2025-10,EQ-0601,Grúa horquilla 4,Bodega,N/A,C,Desgaste,0.7,Averías,1
900940,2025-10,EQ-0310,Reactor P1,Proceso,Línea 1,A,Contaminación,11.4,Averías,1
900941,2025-10,EQ-0462,Etiquetadora L2,Envasado,Línea 2,B,Contaminación,5.4,Setup y ajustes,1
900942,2025-10,EQ-0210,Compresor 3,Servicios,N/A,B,Obstrucción,9.2,Paradas menores,1
900943,2025-10,EQ-0461,Etiquetadora L1,Envasado,Línea 1,A,Desalineamiento,11.0,Arranque,1
900944,2025-10,EQ-0461,Etiquetadora L1,Envasado,Línea 1,A,Ajuste incorrecto,4.7,Averías,1
900945,2025-10,EQ-0457,Envasadora L2,Envasado,Línea 2,A,Desgaste,3.1,Averías,1
900946,2025-10,EQ-0310,Reactor P1,Proceso,Línea 1,A,Falla eléctrica,1.3,Setup y ajustes,1
900947,2025-10,EQ-0455,Envasadora L1,Envasado,Línea 1,A,Obstrucción,3.5,Averías,1
900948,2025-10,EQ-0471,Transportador L3,Envasado,Línea 3,C,Falta de lubricación,0.7,Arranque,1
900949,2025-10,EQ-0310,Reactor P1,Proceso,Línea 1,A,Desalineamiento,12.9,Setup y ajustes,0
900950,2025-10,EQ-0462,Etiquetadora L2,Envasado,Línea 2,B,Desalineamiento,6.5,Averías,1
900951,2025-10,EQ-0461,Etiquetadora L1,Envasado,Línea 1,A,Fatiga de material,1.8,Paradas menores,1
900952,2025-10,EQ-0211,Chiller 1,Servicios,N/A,A,Desalineamiento,10.2,Defectos y reproceso,1
900953,2025-10,EQ-0320,Mezclador P2,Proceso,Línea 2,B,Desgaste,8.2,Pérdida de velocidad,1
900954,2025-10,EQ-0461,Etiquetadora L1,Envasado,Línea 1,A,Falta de lubricación,8.3,Defectos y reproceso,1
900955,2025-10,EQ-0457,Envasadora L2,Envasado,Línea 2,A,Desalineamiento,12.6,Averías,1
900956,2025-10,EQ-0457,Envasadora L2,Envasado,Línea 2,A,Falla eléctrica,9.9,Averías,1
900957,2025-10,EQ-0331,Bomba de proceso,Proceso,Línea 1,C,Desalineamiento,1.7,Averías,1
900958,2025-10,EQ-0461,Etiquetadora L1,Envasado,Línea 1,A,Falta de lubricación,4.3,Paradas menores,1
900959,2025-10,EQ-0320,Mezclador P2,Proceso,Línea 2,B,Desgaste,3.0,Averías,1
900960,2025-10,EQ-0201,Caldera 1,Servicios,N/A,A,Obstrucción,3.6,Setup y ajustes,1
900961,2025-10,EQ-0211,Chiller 1,Servicios,N/A,A,Fatiga de material,6.2,Defectos y reproceso,1
900962,2025-10,EQ-0330,Bomba CIP,Proceso,Línea 2,B,Fatiga de material,1.6,Pérdida de velocidad,1
900963,2025-10,EQ-0320,Mezclador P2,Proceso,Línea 2,B,Desgaste,5.8,Averías,1
900964,2025-10,EQ-0310,Reactor P1,Proceso,Línea 1,A,Falla eléctrica,3.1,Setup y ajustes,1
900965,2025-10,EQ-0211,Chiller 1,Servicios,N/A,A,Fatiga de material,6.3,Averías,1
900966,2025-10,EQ-0471,Transportador L3,Envasado,Línea 3,C,Desalineamiento,2.6,Paradas menores,1
900967,2025-10,EQ-0601,Grúa horquilla 4,Bodega,N/A,C,Contaminación,4.1,Defectos y reproceso,1
900968,2025-10,EQ-0470,Paletizador,Envasado,Línea 3,B,Desgaste,8.6,Averías,1
900969,2025-10,EQ-0202,Caldera 2,Servicios,N/A,B,Falla eléctrica,7.9,Setup y ajustes,1
900970,2025-10,EQ-0470,Paletizador,Envasado,Línea 3,B,Desalineamiento,6.3,Averías,1
900971,2025-10,EQ-0311,Intercambiador P1,Proceso,Línea 1,B,Contaminación,3.1,Averías,1
900972,2025-10,EQ-0311,Intercambiador P1,Proceso,Línea 1,B,Desalineamiento,2.7,Paradas menores,1
900973,2025-10,EQ-0457,Envasadora L2,Envasado,Línea 2,A,Desalineamiento,3.5,Defectos y reproceso,1
900974,2025-10,EQ-0310,Reactor P1,Proceso,Línea 1,A,Falla eléctrica,2.8,Setup y ajustes,1
900975,2025-10,EQ-0470,Paletizador,Envasado,Línea 3,B,Desgaste,8.6,Paradas menores,1
900976,2025-10,EQ-0202,Caldera 2,Servicios,N/A,B,Desalineamiento,2.6,Averías,1
900977,2025-10,EQ-0330,Bomba CIP,Proceso,Línea 2,B,Ajuste incorrecto,8.6,Paradas menores,1
900978,2025-10,EQ-0601,Grúa horquilla 4,Bodega,N/A,C,Desalineamiento,2.8,Averías,1
900979,2025-10,EQ-0210,Compresor 3,Servicios,N/A,B,Falta de lubricación,8.7,Arranque,0
900980,2025-10,EQ-0201,Caldera 1,Servicios,N/A,A,Desgaste,2.9,Averías,1
900981,2025-10,EQ-0330,Bomba CIP,Proceso,Línea 2,B,Fatiga de material,7.4,Averías,1
900982,2025-10,EQ-0461,Etiquetadora L1,Envasado,Línea 1,A,Falla eléctrica,5.3,Paradas menores,1
900983,2025-10,EQ-0330,Bomba CIP,Proceso,Línea 2,B,Falla eléctrica,1.6,Averías,1
900984,2025-10,EQ-0470,Paletizador,Envasado,Línea 3,B,Desgaste,2.6,Pérdida de velocidad,1
900985,2025-10,EQ-0211,Chiller 1,Servicios,N/A,A,Contaminación,7.7,Paradas menores,0
900986,2025-10,EQ-0461,Etiquetadora L1,Envasado,Línea 1,A,Contaminación,9.9,Setup y ajustes,1
900987,2025-10,EQ-0310,Reactor P1,Proceso,Línea 1,A,Desgaste,1.9,Defectos y reproceso,1
900988,2025-10,EQ-0201,Caldera 1,Servicios,N/A,A,Desalineamiento,11.8,Pérdida de velocidad,1
900989,2025-10,EQ-0330,Bomba CIP,Proceso,Línea 2,B,Desgaste,2.7,Arranque,1
900990,2025-10,EQ-0455,Envasadora L1,Envasado,Línea 1,A,Desalineamiento,8.0,Averías,1
900991,2025-10,EQ-0471,Transportador L3,Envasado,Línea 3,C,Desalineamiento,1.3,Setup y ajustes,1
900992,2025-10,EQ-0210,Compresor 3,Servicios,N/A,B,Fatiga de material,6.9,Averías,1
900993,2025-10,EQ-0470,Paletizador,Envasado,Línea 3,B,Falla eléctrica,9.2,Defectos y reproceso,0
900994,2025-10,EQ-0461,Etiquetadora L1,Envasado,Línea 1,A,Ajuste incorrecto,2.5,Setup y ajustes,1
900995,2025-10,EQ-0457,Envasadora L2,Envasado,Línea 2,A,Falta de lubricación,7.1,Averías,1
900996,2025-10,EQ-0331,Bomba de proceso,Proceso,Línea 1,C,Falla eléctrica,1.9,Averías,1
900997,2025-10,EQ-0320,Mezclador P2,Proceso,Línea 2,B,Desalineamiento,2.3,Paradas menores,0
900998,2025-11,EQ-0457,Envasadora L2,Envasado,Línea 2,A,Desalineamiento,2.2,Paradas menores,1
900999,2025-11,EQ-0470,Paletizador,Envasado,Línea 3,B,Desgaste,2.3,Defectos y reproceso,1
901000,2025-11,EQ-0330,Bomba CIP,Proceso,Línea 2,B,Desalineamiento,3.8,Setup y ajustes,1
901001,2025-11,EQ-0201,Caldera 1,Servicios,N/A,A,Fatiga de material,7.9,Paradas menores,1
901002,2025-11,EQ-0457,Envasadora L2,Envasado,Línea 2,A,Fatiga de material,3.0,Averías,1
901003,2025-11,EQ-0462,Etiquetadora L2,Envasado,Línea 2,B,Desalineamiento,1.4,Averías,1
901004,2025-11,EQ-0310,Reactor P1,Proceso,Línea 1,A,Contaminación,11.6,Arranque,1
901005,2025-11,EQ-0455,Envasadora L1,Envasado,Línea 1,A,Fatiga de material,7.8,Pérdida de velocidad,0
901006,2025-11,EQ-0457,Envasadora L2,Envasado,Línea 2,A,Ajuste incorrecto,3.2,Averías,1
901007,2025-11,EQ-0330,Bomba CIP,Proceso,Línea 2,B,Contaminación,8.3,Averías,0
901008,2025-11,EQ-0471,Transportador L3,Envasado,Línea 3,C,Ajuste incorrecto,4.7,Averías,1
901009,2025-11,EQ-0210,Compresor 3,Servicios,N/A,B,Ajuste incorrecto,1.6,Arranque,1
901010,2025-11,EQ-0331,Bomba de proceso,Proceso,Línea 1,C,Obstrucción,3.5,Setup y ajustes,0
901011,2025-11,EQ-0201,Caldera 1,Servicios,N/A,A,Falta de lubricación,2.8,Pérdida de velocidad,1
901012,2025-11,EQ-0457,Envasadora L2,Envasado,Línea 2,A,Falla eléctrica,3.2,Averías,1
901013,2025-11,EQ-0470,Paletizador,Envasado,Línea 3,B,Fatiga de material,3.5,Paradas menores,1
901014,2025-11,EQ-0330,Bomba CIP,Proceso,Línea 2,B,Desgaste,6.6,Defectos y reproceso,1
901015,2025-11,EQ-0457,Envasadora L2,Envasado,Línea 2,A,Obstrucción,10.4,Arranque,1
901016,2025-11,EQ-0461,Etiquetadora L1,Envasado,Línea 1,A,Falta de lubricación,12.0,Paradas menores,1
901017,2025-11,EQ-0462,Etiquetadora L2,Envasado,Línea 2,B,Desalineamiento,1.5,Paradas menores,1
901018,2025-11,EQ-0331,Bomba de proceso,Proceso,Línea 1,C,Falta de lubricación,1.6,Pérdida de velocidad,1
901019,2025-11,EQ-0320,Mezclador P2,Proceso,Línea 2,B,Fatiga de material,7.1,Paradas menores,1
901020,2025-11,EQ-0461,Etiquetadora L1,Envasado,Línea 1,A,Contaminación,6.3,Paradas menores,1
901021,2025-11,EQ-0210,Compresor 3,Servicios,N/A,B,Ajuste incorrecto,4.1,Paradas menores,1
901022,2025-11,EQ-0202,Caldera 2,Servicios,N/A,B,Desgaste,6.8,Averías,1
901023,2025-11,EQ-0210,Compresor 3,Servicios,N/A,B,Falta de lubricación,1.6,Paradas menores,1
901024,2025-11,EQ-0462,Etiquetadora L2,Envasado,Línea 2,B,Ajuste incorrecto,5.7,Paradas menores,1
901025,2025-11,EQ-0457,Envasadora L2,Envasado,Línea 2,A,Falta de lubricación,11.9,Averías,1
901026,2025-11,EQ-0461,Etiquetadora L1,Envasado,Línea 1,A,Falta de lubricación,9.6,Averías,1
901027,2025-11,EQ-0201,Caldera 1,Servicios,N/A,A,Ajuste incorrecto,2.7,Arranque,1
901028,2025-11,EQ-0211,Chiller 1,Servicios,N/A,A,Ajuste incorrecto,8.3,Paradas menores,1
901029,2025-11,EQ-0310,Reactor P1,Proceso,Línea 1,A,Desalineamiento,9.9,Setup y ajustes,1
901030,2025-11,EQ-0461,Etiquetadora L1,Envasado,Línea 1,A,Falta de lubricación,10.5,Setup y ajustes,1
901031,2025-11,EQ-0461,Etiquetadora L1,Envasado,Línea 1,A,Falla eléctrica,9.5,Paradas menores,0
901032,2025-11,EQ-0462,Etiquetadora L2,Envasado,Línea 2,B,Desalineamiento,2.1,Setup y ajustes,1
901033,2025-11,EQ-0211,Chiller 1,Servicios,N/A,A,Desalineamiento,9.3,Setup y ajustes,1
901034,2025-11,EQ-0455,Envasadora L1,Envasado,Línea 1,A,Desgaste,3.6,Pérdida de velocidad,1
901035,2025-11,EQ-0320,Mezclador P2,Proceso,Línea 2,B,Falta de lubricación,6.1,Pérdida de velocidad,1
901036,2025-11,EQ-0461,Etiquetadora L1,Envasado,Línea 1,A,Desgaste,5.5,Paradas menores,1
901037,2025-11,EQ-0211,Chiller 1,Servicios,N/A,A,Falla eléctrica,7.9,Pérdida de velocidad,1
901038,2025-11,EQ-0310,Reactor P1,Proceso,Línea 1,A,Desgaste,6.1,Averías,1
901039,2025-11,EQ-0320,Mezclador P2,Proceso,Línea 2,B,Falla eléctrica,5.2,Pérdida de velocidad,1
901040,2025-11,EQ-0455,Envasadora L1,Envasado,Línea 1,A,Desalineamiento,3.8,Averías,1
901041,2025-11,EQ-0457,Envasadora L2,Envasado,Línea 2,A,Desalineamiento,7.3,Pérdida de velocidad,1
901042,2025-11,EQ-0310,Reactor P1,Proceso,Línea 1,A,Ajuste incorrecto,3.5,Averías,1
901043,2025-11,EQ-0455,Envasadora L1,Envasado,Línea 1,A,Fatiga de material,3.5,Setup y ajustes,1
901044,2025-11,EQ-0461,Etiquetadora L1,Envasado,Línea 1,A,Desalineamiento,12.1,Averías,1
901045,2025-11,EQ-0455,Envasadora L1,Envasado,Línea 1,A,Desalineamiento,6.0,Defectos y reproceso,0
901046,2025-11,EQ-0462,Etiquetadora L2,Envasado,Línea 2,B,Desgaste,3.2,Averías,1
901047,2025-11,EQ-0457,Envasadora L2,Envasado,Línea 2,A,Falla eléctrica,11.4,Averías,1
901048,2025-11,EQ-0461,Etiquetadora L1,Envasado,Línea 1,A,Falla eléctrica,12.2,Setup y ajustes,1
901049,2025-11,EQ-0310,Reactor P1,Proceso,Línea 1,A,Desgaste,4.1,Paradas menores,1
901050,2025-11,EQ-0455,Envasadora L1,Envasado,Línea 1,A,Desalineamiento,4.3,Paradas menores,1
901051,2025-11,EQ-0210,Compresor 3,Servicios,N/A,B,Desgaste,8.6,Averías,1
901052,2025-11,EQ-0457,Envasadora L2,Envasado,Línea 2,A,Falla eléctrica,7.5,Averías,1
901053,2025-11,EQ-0457,Envasadora L2,Envasado,Línea 2,A,Desalineamiento,3.1,Pérdida de velocidad,1
901054,2025-11,EQ-0311,Intercambiador P1,Proceso,Línea 1,B,Desalineamiento,0.9,Paradas menores,1
901055,2025-11,EQ-0330,Bomba CIP,Proceso,Línea 2,B,Ajuste incorrecto,5.0,Paradas menores,1
901056,2025-11,EQ-0461,Etiquetadora L1,Envasado,Línea 1,A,Desalineamiento,10.1,Defectos y reproceso,1
901057,2025-11,EQ-0331,Bomba de proceso,Proceso,Línea 1,C,Falta de lubricación,5.2,Arranque,1
901058,2025-11,EQ-0462,Etiquetadora L2,Envasado,Línea 2,B,Desalineamiento,6.4,Averías,1
901059,2025-11,EQ-0455,Envasadora L1,Envasado,Línea 1,A,Desgaste,2.6,Defectos y reproceso,1
901060,2025-11,EQ-0310,Reactor P1,Proceso,Línea 1,A,Ajuste incorrecto,11.9,Averías,1
901061,2025-11,EQ-0310,Reactor P1,Proceso,Línea 1,A,Desalineamiento,10.3,Averías,1
901062,2025-11,EQ-0201,Caldera 1,Servicios,N/A,A,Desgaste,7.6,Paradas menores,1
901063,2025-11,EQ-0210,Compresor 3,Servicios,N/A,B,Fatiga de material,4.9,Averías,1
901064,2025-11,EQ-0320,Mezclador P2,Proceso,Línea 2,B,Desgaste,8.8,Paradas menores,1
901065,2025-11,EQ-0330,Bomba CIP,Proceso,Línea 2,B,Falla eléctrica,6.1,Averías,1
901066,2025-11,EQ-0211,Chiller 1,Servicios,N/A,A,Ajuste incorrecto,11.7,Arranque,1
901067,2025-11,EQ-0201,Caldera 1,Servicios,N/A,A,Desalineamiento,11.3,Averías,1
901068,2025-11,EQ-0457,Envasadora L2,Envasado,Línea 2,A,Obstrucción,5.8,Arranque,1
901069,2025-11,EQ-0210,Compresor 3,Servicios,N/A,B,Desgaste,3.1,Defectos y reproceso,0
901070,2025-11,EQ-0471,Transportador L3,Envasado,Línea 3,C,Obstrucción,5.6,Defectos y reproceso,1
901071,2025-11,EQ-0462,Etiquetadora L2,Envasado,Línea 2,B,Fatiga de material,7.3,Paradas menores,1
901072,2025-11,EQ-0201,Caldera 1,Servicios,N/A,A,Desgaste,2.4,Paradas menores,1
901073,2025-11,EQ-0457,Envasadora L2,Envasado,Línea 2,A,Desalineamiento,11.6,Pérdida de velocidad,1
901074,2025-11,EQ-0457,Envasadora L2,Envasado,Línea 2,A,Desalineamiento,1.6,Paradas menores,1
901075,2025-11,EQ-0457,Envasadora L2,Envasado,Línea 2,A,Falla eléctrica,6.3,Paradas menores,1
901076,2025-11,EQ-0471,Transportador L3,Envasado,Línea 3,C,Falta de lubricación,1.4,Defectos y reproceso,1
901077,2025-11,EQ-0471,Transportador L3,Envasado,Línea 3,C,Desgaste,1.7,Averías,0
901078,2025-11,EQ-0320,Mezclador P2,Proceso,Línea 2,B,Fatiga de material,5.4,Paradas menores,1
901079,2025-11,EQ-0331,Bomba de proceso,Proceso,Línea 1,C,Desalineamiento,5.6,Averías,1
901080,2025-11,EQ-0457,Envasadora L2,Envasado,Línea 2,A,Desgaste,6.3,Averías,1
901081,2025-11,EQ-0457,Envasadora L2,Envasado,Línea 2,A,Falta de lubricación,7.4,Defectos y reproceso,1
901082,2025-11,EQ-0470,Paletizador,Envasado,Línea 3,B,Desgaste,6.7,Pérdida de velocidad,1
901083,2025-11,EQ-0455,Envasadora L1,Envasado,Línea 1,A,Obstrucción,5.2,Averías,1
901084,2025-11,EQ-0455,Envasadora L1,Envasado,Línea 1,A,Desalineamiento,3.0,Pérdida de velocidad,0
901085,2025-11,EQ-0310,Reactor P1,Proceso,Línea 1,A,Falta de lubricación,4.7,Averías,1
901086,2025-11,EQ-0310,Reactor P1,Proceso,Línea 1,A,Contaminación,8.2,Averías,1
901087,2025-11,EQ-0210,Compresor 3,Servicios,N/A,B,Desgaste,4.9,Averías,1
901088,2025-11,EQ-0201,Caldera 1,Servicios,N/A,A,Desalineamiento,4.8,Defectos y reproceso,1
901089,2025-11,EQ-0461,Etiquetadora L1,Envasado,Línea 1,A,Desalineamiento,12.3,Averías,1
901090,2025-11,EQ-0311,Intercambiador P1,Proceso,Línea 1,B,Desalineamiento,8.5,Paradas menores,1
901091,2025-11,EQ-0457,Envasadora L2,Envasado,Línea 2,A,Desgaste,12.5,Averías,1
901092,2025-11,EQ-0462,Etiquetadora L2,Envasado,Línea 2,B,Falla eléctrica,8.1,Averías,1
901093,2025-11,EQ-0462,Etiquetadora L2,Envasado,Línea 2,B,Falla eléctrica,3.9,Averías,1
901094,2025-11,EQ-0457,Envasadora L2,Envasado,Línea 2,A,Desalineamiento,2.5,Pérdida de velocidad,1
901095,2025-11,EQ-0457,Envasadora L2,Envasado,Línea 2,A,Obstrucción,10.6,Pérdida de velocidad,1
901096,2025-11,EQ-0310,Reactor P1,Proceso,Línea 1,A,Desalineamiento,7.5,Setup y ajustes,1
901097,2025-11,EQ-0211,Chiller 1,Servicios,N/A,A,Contaminación,8.5,Arranque,1
901098,2025-11,EQ-0310,Reactor P1,Proceso,Línea 1,A,Falta de lubricación,5.4,Averías,1
901099,2025-11,EQ-0457,Envasadora L2,Envasado,Línea 2,A,Desgaste,6.4,Averías,1
901100,2025-11,EQ-0310,Reactor P1,Proceso,Línea 1,A,Contaminación,5.2,Paradas menores,1
901101,2025-12,EQ-0457,Envasadora L2,Envasado,Línea 2,A,Desalineamiento,11.7,Paradas menores,1
901102,2025-12,EQ-0455,Envasadora L1,Envasado,Línea 1,A,Falla eléctrica,2.4,Pérdida de velocidad,1
901103,2025-12,EQ-0211,Chiller 1,Servicios,N/A,A,Desalineamiento,9.1,Defectos y reproceso,0
901104,2025-12,EQ-0210,Compresor 3,Servicios,N/A,B,Fatiga de material,5.6,Averías,1
901105,2025-12,EQ-0210,Compresor 3,Servicios,N/A,B,Desgaste,6.1,Setup y ajustes,1
901106,2025-12,EQ-0461,Etiquetadora L1,Envasado,Línea 1,A,Desalineamiento,12.1,Paradas menores,1
901107,2025-12,EQ-0310,Reactor P1,Proceso,Línea 1,A,Obstrucción,1.3,Paradas menores,1
901108,2025-12,EQ-0471,Transportador L3,Envasado,Línea 3,C,Contaminación,4.3,Paradas menores,1
901109,2025-12,EQ-0310,Reactor P1,Proceso,Línea 1,A,Falta de lubricación,9.6,Averías,1
901110,2025-12,EQ-0455,Envasadora L1,Envasado,Línea 1,A,Falta de lubricación,10.2,Setup y ajustes,1
901111,2025-12,EQ-0461,Etiquetadora L1,Envasado,Línea 1,A,Obstrucción,11.0,Arranque,1
901112,2025-12,EQ-0320,Mezclador P2,Proceso,Línea 2,B,Falta de lubricación,4.4,Paradas menores,1
901113,2025-12,EQ-0331,Bomba de proceso,Proceso,Línea 1,C,Desalineamiento,3.9,Paradas menores,1
901114,2025-12,EQ-0601,Grúa horquilla 4,Bodega,N/A,C,Desalineamiento,5.5,Paradas menores,1
901115,2025-12,EQ-0320,Mezclador P2,Proceso,Línea 2,B,Obstrucción,8.9,Defectos y reproceso,1
901116,2025-12,EQ-0320,Mezclador P2,Proceso,Línea 2,B,Falta de lubricación,3.9,Averías,1
901117,2025-12,EQ-0202,Caldera 2,Servicios,N/A,B,Fatiga de material,7.9,Arranque,1
901118,2025-12,EQ-0457,Envasadora L2,Envasado,Línea 2,A,Fatiga de material,5.7,Pérdida de velocidad,1
901119,2025-12,EQ-0457,Envasadora L2,Envasado,Línea 2,A,Fatiga de material,11.3,Paradas menores,0
901120,2025-12,EQ-0601,Grúa horquilla 4,Bodega,N/A,C,Contaminación,3.5,Pérdida de velocidad,0
901121,2025-12,EQ-0210,Compresor 3,Servicios,N/A,B,Desalineamiento,7.6,Averías,1
901122,2025-12,EQ-0462,Etiquetadora L2,Envasado,Línea 2,B,Falta de lubricación,7.0,Paradas menores,1
901123,2025-12,EQ-0461,Etiquetadora L1,Envasado,Línea 1,A,Desgaste,5.7,Averías,1
901124,2025-12,EQ-0457,Envasadora L2,Envasado,Línea 2,A,Desgaste,8.2,Averías,1
901125,2025-12,EQ-0320,Mezclador P2,Proceso,Línea 2,B,Desgaste,6.1,Setup y ajustes,1
901126,2025-12,EQ-0471,Transportador L3,Envasado,Línea 3,C,Desgaste,2.8,Averías,1
901127,2025-12,EQ-0210,Compresor 3,Servicios,N/A,B,Desalineamiento,3.0,Paradas menores,1
901128,2025-12,EQ-0201,Caldera 1,Servicios,N/A,A,Falla eléctrica,4.0,Defectos y reproceso,1
901129,2025-12,EQ-0462,Etiquetadora L2,Envasado,Línea 2,B,Falta de lubricación,4.4,Setup y ajustes,1
901130,2025-12,EQ-0457,Envasadora L2,Envasado,Línea 2,A,Ajuste incorrecto,12.0,Averías,1
901131,2025-12,EQ-0320,Mezclador P2,Proceso,Línea 2,B,Desalineamiento,7.0,Averías,1
901132,2025-12,EQ-0461,Etiquetadora L1,Envasado,Línea 1,A,Desgaste,5.3,Averías,1
901133,2025-12,EQ-0462,Etiquetadora L2,Envasado,Línea 2,B,Desalineamiento,7.4,Setup y ajustes,1
901134,2025-12,EQ-0201,Caldera 1,Servicios,N/A,A,Obstrucción,10.1,Defectos y reproceso,1
901135,2025-12,EQ-0331,Bomba de proceso,Proceso,Línea 1,C,Falta de lubricación,4.2,Pérdida de velocidad,1
901136,2025-12,EQ-0455,Envasadora L1,Envasado,Línea 1,A,Desalineamiento,8.7,Averías,1
901137,2025-12,EQ-0330,Bomba CIP,Proceso,Línea 2,B,Obstrucción,8.8,Averías,1
901138,2025-12,EQ-0320,Mezclador P2,Proceso,Línea 2,B,Fatiga de material,7.6,Paradas menores,1
901139,2025-12,EQ-0462,Etiquetadora L2,Envasado,Línea 2,B,Desalineamiento,4.0,Pérdida de velocidad,0
901140,2025-12,EQ-0457,Envasadora L2,Envasado,Línea 2,A,Desgaste,3.1,Setup y ajustes,1
901141,2025-12,EQ-0311,Intercambiador P1,Proceso,Línea 1,B,Desalineamiento,4.9,Averías,1
901142,2025-12,EQ-0457,Envasadora L2,Envasado,Línea 2,A,Desalineamiento,1.7,Paradas menores,1
901143,2025-12,EQ-0601,Grúa horquilla 4,Bodega,N/A,C,Fatiga de material,6.0,Averías,1
901144,2025-12,EQ-0455,Envasadora L1,Envasado,Línea 1,A,Desalineamiento,1.6,Pérdida de velocidad,1
901145,2025-12,EQ-0462,Etiquetadora L2,Envasado,Línea 2,B,Falla eléctrica,5.7,Averías,1
901146,2025-12,EQ-0201,Caldera 1,Servicios,N/A,A,Obstrucción,1.3,Pérdida de velocidad,1
901147,2025-12,EQ-0320,Mezclador P2,Proceso,Línea 2,B,Desalineamiento,0.9,Paradas menores,1
901148,2025-12,EQ-0310,Reactor P1,Proceso,Línea 1,A,Desalineamiento,9.0,Defectos y reproceso,1
901149,2025-12,EQ-0210,Compresor 3,Servicios,N/A,B,Falla eléctrica,3.7,Averías,1
901150,2025-12,EQ-0201,Caldera 1,Servicios,N/A,A,Desalineamiento,3.3,Averías,1
901151,2025-12,EQ-0462,Etiquetadora L2,Envasado,Línea 2,B,Desalineamiento,8.1,Arranque,1
901152,2025-12,EQ-0457,Envasadora L2,Envasado,Línea 2,A,Desalineamiento,9.0,Pérdida de velocidad,1
901153,2025-12,EQ-0470,Paletizador,Envasado,Línea 3,B,Desgaste,7.9,Defectos y reproceso,1
901154,2025-12,EQ-0457,Envasadora L2,Envasado,Línea 2,A,Falta de lubricación,8.3,Averías,1
901155,2025-12,EQ-0461,Etiquetadora L1,Envasado,Línea 1,A,Obstrucción,9.8,Averías,1
901156,2025-12,EQ-0457,Envasadora L2,Envasado,Línea 2,A,Desgaste,2.2,Averías,1
901157,2025-12,EQ-0462,Etiquetadora L2,Envasado,Línea 2,B,Obstrucción,1.3,Averías,1
901158,2025-12,EQ-0202,Caldera 2,Servicios,N/A,B,Ajuste incorrecto,2.5,Averías,1
901159,2025-12,EQ-0461,Etiquetadora L1,Envasado,Línea 1,A,Desalineamiento,9.3,Averías,1
901160,2025-12,EQ-0455,Envasadora L1,Envasado,Línea 1,A,Desalineamiento,5.8,Paradas menores,1
901161,2025-12,EQ-0201,Caldera 1,Servicios,N/A,A,Desalineamiento,6.6,Averías,1
901162,2025-12,EQ-0310,Reactor P1,Proceso,Línea 1,A,Contaminación,6.0,Averías,0
901163,2025-12,EQ-0457,Envasadora L2,Envasado,Línea 2,A,Ajuste incorrecto,2.5,Arranque,1
901164,2025-12,EQ-0457,Envasadora L2,Envasado,Línea 2,A,Obstrucción,4.7,Averías,1
901165,2025-12,EQ-0471,Transportador L3,Envasado,Línea 3,C,Obstrucción,4.6,Averías,1
901166,2025-12,EQ-0471,Transportador L3,Envasado,Línea 3,C,Contaminación,1.4,Pérdida de velocidad,1
901167,2025-12,EQ-0457,Envasadora L2,Envasado,Línea 2,A,Contaminación,12.4,Averías,1
901168,2025-12,EQ-0471,Transportador L3,Envasado,Línea 3,C,Fatiga de material,3.9,Paradas menores,1
901169,2025-12,EQ-0331,Bomba de proceso,Proceso,Línea 1,C,Desalineamiento,2.1,Averías,1
901170,2025-12,EQ-0201,Caldera 1,Servicios,N/A,A,Desgaste,10.6,Paradas menores,1
901171,2025-12,EQ-0470,Paletizador,Envasado,Línea 3,B,Ajuste incorrecto,1.9,Averías,1
901172,2025-12,EQ-0455,Envasadora L1,Envasado,Línea 1,A,Desalineamiento,8.1,Setup y ajustes,0
901173,2025-12,EQ-0457,Envasadora L2,Envasado,Línea 2,A,Ajuste incorrecto,7.0,Defectos y reproceso,1
901174,2025-12,EQ-0461,Etiquetadora L1,Envasado,Línea 1,A,Desalineamiento,7.1,Setup y ajustes,1
901175,2025-12,EQ-0211,Chiller 1,Servicios,N/A,A,Ajuste incorrecto,5.9,Arranque,1
901176,2025-12,EQ-0331,Bomba de proceso,Proceso,Línea 1,C,Falla eléctrica,5.9,Averías,1
901177,2025-12,EQ-0201,Caldera 1,Servicios,N/A,A,Contaminación,3.7,Defectos y reproceso,1
901178,2025-12,EQ-0310,Reactor P1,Proceso,Línea 1,A,Ajuste incorrecto,10.0,Arranque,1
901179,2025-12,EQ-0201,Caldera 1,Servicios,N/A,A,Obstrucción,2.1,Averías,1
901180,2025-12,EQ-0331,Bomba de proceso,Proceso,Línea 1,C,Desgaste,1.1,Averías,1
901181,2025-12,EQ-0211,Chiller 1,Servicios,N/A,A,Desalineamiento,8.7,Averías,1
901182,2025-12,EQ-0310,Reactor P1,Proceso,Línea 1,A,Desgaste,3.8,Pérdida de velocidad,1
901183,2025-12,EQ-0471,Transportador L3,Envasado,Línea 3,C,Ajuste incorrecto,4.7,Setup y ajustes,1
901184,2025-12,EQ-0211,Chiller 1,Servicios,N/A,A,Desgaste,12.2,Averías,1
901185,2025-12,EQ-0311,Intercambiador P1,Proceso,Línea 1,B,Desalineamiento,5.3,Averías,1
901186,2025-12,EQ-0461,Etiquetadora L1,Envasado,Línea 1,A,Falla eléctrica,2.3,Paradas menores,1
901187,2025-12,EQ-0211,Chiller 1,Servicios,N/A,A,Desalineamiento,11.7,Averías,1
901188,2025-12,EQ-0330,Bomba CIP,Proceso,Línea 2,B,Falla eléctrica,2.6,Setup y ajustes,1
901189,2025-12,EQ-0310,Reactor P1,Proceso,Línea 1,A,Fatiga de material,9.6,Defectos y reproceso,1
901190,2025-12,EQ-0331,Bomba de proceso,Proceso,Línea 1,C,Desalineamiento,4.4,Defectos y reproceso,1
901191,2025-12,EQ-0457,Envasadora L2,Envasado,Línea 2,A,Falta de lubricación,9.3,Pérdida de velocidad,1
901192,2025-12,EQ-0457,Envasadora L2,Envasado,Línea 2,A,Falta de lubricación,5.6,Averías,1
901193,2025-12,EQ-0210,Compresor 3,Servicios,N/A,B,Ajuste incorrecto,6.9,Averías,1
901194,2025-12,EQ-0201,Caldera 1,Servicios,N/A,A,Falla eléctrica,6.1,Averías,1
901195,2025-12,EQ-0455,Envasadora L1,Envasado,Línea 1,A,Ajuste incorrecto,3.3,Pérdida de velocidad,1
901196,2025-12,EQ-0462,Etiquetadora L2,Envasado,Línea 2,B,Fatiga de material,7.9,Averías,1
901197,2025-12,EQ-0471,Transportador L3,Envasado,Línea 3,C,Desalineamiento,6.2,Defectos y reproceso,1
901198,2025-12,EQ-0461,Etiquetadora L1,Envasado,Línea 1,A,Fatiga de material,10.9,Averías,1
901199,2025-12,EQ-0462,Etiquetadora L2,Envasado,Línea 2,B,Obstrucción,1.0,Paradas menores,0
901200,2025-12,EQ-0470,Paletizador,Envasado,Línea 3,B,Falta de lubricación,1.3,Averías,1
901201,2025-12,EQ-0462,Etiquetadora L2,Envasado,Línea 2,B,Falta de lubricación,3.9,Averías,0
901202,2025-12,EQ-0211,Chiller 1,Servicios,N/A,A,Obstrucción,3.1,Pérdida de velocidad,1
901203,2025-12,EQ-0462,Etiquetadora L2,Envasado,Línea 2,B,Desgaste,7.6,Setup y ajustes,1
901204,2025-12,EQ-0311,Intercambiador P1,Proceso,Línea 1,B,Desalineamiento,8.4,Pérdida de velocidad,1
901205,2025-12,EQ-0455,Envasadora L1,Envasado,Línea 1,A,Falta de lubricación,6.6,Averías,1
901206,2025-12,EQ-0457,Envasadora L2,Envasado,Línea 2,A,Desalineamiento,5.4,Paradas menores,1
901207,2025-12,EQ-0311,Intercambiador P1,Proceso,Línea 1,B,Contaminación,2.3,Averías,1
901208,2025-12,EQ-0210,Compresor 3,Servicios,N/A,B,Falta de lubricación,6.8,Arranque,1
901209,2025-12,EQ-0455,Envasadora L1,Envasado,Línea 1,A,Desalineamiento,6.2,Paradas menores,1
901210,2025-12,EQ-0455,Envasadora L1,Envasado,Línea 1,A,Desalineamiento,6.0,Averías,1
901211,2025-12,EQ-0471,Transportador L3,Envasado,Línea 3,C,Desalineamiento,0.8,Defectos y reproceso,1
901212,2025-12,EQ-0470,Paletizador,Envasado,Línea 3,B,Obstrucción,1.3,Averías,0
901213,2025-12,EQ-0455,Envasadora L1,Envasado,Línea 1,A,Desalineamiento,1.1,Setup y ajustes,1
901214,2025-12,EQ-0455,Envasadora L1,Envasado,Línea 1,A,Desalineamiento,8.1,Averías,1
901215,2025-12,EQ-0457,Envasadora L2,Envasado,Línea 2,A,Desgaste,1.9,Arranque,1
901216,2026-01,EQ-0330,Bomba CIP,Proceso,Línea 2,B,Desalineamiento,4.5,Averías,1
901217,2026-01,EQ-0311,Intercambiador P1,Proceso,Línea 1,B,Contaminación,6.8,Arranque,1
901218,2026-01,EQ-0211,Chiller 1,Servicios,N/A,A,Desgaste,5.8,Pérdida de velocidad,1
901219,2026-01,EQ-0470,Paletizador,Envasado,Línea 3,B,Desalineamiento,0.8,Averías,1
901220,2026-01,EQ-0457,Envasadora L2,Envasado,Línea 2,A,Contaminación,1.4,Setup y ajustes,1
901221,2026-01,EQ-0455,Envasadora L1,Envasado,Línea 1,A,Desalineamiento,5.6,Paradas menores,1
901222,2026-01,EQ-0461,Etiquetadora L1,Envasado,Línea 1,A,Contaminación,7.8,Defectos y reproceso,1
901223,2026-01,EQ-0455,Envasadora L1,Envasado,Línea 1,A,Contaminación,5.5,Paradas menores,1
901224,2026-01,EQ-0201,Caldera 1,Servicios,N/A,A,Desalineamiento,3.2,Defectos y reproceso,1
901225,2026-01,EQ-0462,Etiquetadora L2,Envasado,Línea 2,B,Ajuste incorrecto,7.5,Paradas menores,1
901226,2026-01,EQ-0330,Bomba CIP,Proceso,Línea 2,B,Desalineamiento,1.4,Averías,1
901227,2026-01,EQ-0310,Reactor P1,Proceso,Línea 1,A,Desgaste,10.2,Averías,1
901228,2026-01,EQ-0210,Compresor 3,Servicios,N/A,B,Desgaste,4.3,Paradas menores,1
901229,2026-01,EQ-0461,Etiquetadora L1,Envasado,Línea 1,A,Contaminación,11.1,Setup y ajustes,1
901230,2026-01,EQ-0457,Envasadora L2,Envasado,Línea 2,A,Obstrucción,9.4,Defectos y reproceso,1
901231,2026-01,EQ-0601,Grúa horquilla 4,Bodega,N/A,C,Desalineamiento,3.4,Averías,1
901232,2026-01,EQ-0470,Paletizador,Envasado,Línea 3,B,Desgaste,6.8,Setup y ajustes,1
901233,2026-01,EQ-0470,Paletizador,Envasado,Línea 3,B,Contaminación,5.2,Averías,1
901234,2026-01,EQ-0201,Caldera 1,Servicios,N/A,A,Ajuste incorrecto,7.5,Averías,1
901235,2026-01,EQ-0330,Bomba CIP,Proceso,Línea 2,B,Obstrucción,8.7,Setup y ajustes,1
901236,2026-01,EQ-0470,Paletizador,Envasado,Línea 3,B,Falla eléctrica,3.7,Paradas menores,0
901237,2026-01,EQ-0457,Envasadora L2,Envasado,Línea 2,A,Ajuste incorrecto,8.5,Setup y ajustes,0
901238,2026-01,EQ-0455,Envasadora L1,Envasado,Línea 1,A,Obstrucción,5.0,Averías,1
901239,2026-01,EQ-0320,Mezclador P2,Proceso,Línea 2,B,Desalineamiento,2.7,Averías,1
901240,2026-01,EQ-0310,Reactor P1,Proceso,Línea 1,A,Desalineamiento,8.8,Setup y ajustes,0
901241,2026-01,EQ-0470,Paletizador,Envasado,Línea 3,B,Desalineamiento,2.2,Setup y ajustes,1
901242,2026-01,EQ-0211,Chiller 1,Servicios,N/A,A,Falta de lubricación,7.2,Setup y ajustes,1
901243,2026-01,EQ-0331,Bomba de proceso,Proceso,Línea 1,C,Falta de lubricación,4.6,Pérdida de velocidad,1
901244,2026-01,EQ-0320,Mezclador P2,Proceso,Línea 2,B,Falla eléctrica,2.1,Setup y ajustes,1
901245,2026-01,EQ-0210,Compresor 3,Servicios,N/A,B,Falla eléctrica,2.7,Averías,0
901246,2026-01,EQ-0457,Envasadora L2,Envasado,Línea 2,A,Desgaste,1.7,Paradas menores,1
901247,2026-01,EQ-0330,Bomba CIP,Proceso,Línea 2,B,Falta de lubricación,3.5,Defectos y reproceso,1
901248,2026-01,EQ-0470,Paletizador,Envasado,Línea 3,B,Contaminación,7.2,Paradas menores,0
901249,2026-01,EQ-0211,Chiller 1,Servicios,N/A,A,Desgaste,6.1,Defectos y reproceso,0
901250,2026-01,EQ-0320,Mezclador P2,Proceso,Línea 2,B,Falta de lubricación,1.4,Pérdida de velocidad,1
901251,2026-01,EQ-0461,Etiquetadora L1,Envasado,Línea 1,A,Desgaste,6.2,Averías,1
901252,2026-01,EQ-0331,Bomba de proceso,Proceso,Línea 1,C,Falta de lubricación,5.2,Setup y ajustes,1
901253,2026-01,EQ-0462,Etiquetadora L2,Envasado,Línea 2,B,Contaminación,1.4,Paradas menores,1
901254,2026-01,EQ-0457,Envasadora L2,Envasado,Línea 2,A,Desalineamiento,9.0,Defectos y reproceso,1
901255,2026-01,EQ-0201,Caldera 1,Servicios,N/A,A,Falla eléctrica,9.4,Pérdida de velocidad,1
901256,2026-01,EQ-0210,Compresor 3,Servicios,N/A,B,Fatiga de material,6.7,Defectos y reproceso,1
901257,2026-01,EQ-0210,Compresor 3,Servicios,N/A,B,Falla eléctrica,0.8,Pérdida de velocidad,1
901258,2026-01,EQ-0455,Envasadora L1,Envasado,Línea 1,A,Falla eléctrica,1.1,Averías,1
901259,2026-01,EQ-0457,Envasadora L2,Envasado,Línea 2,A,Obstrucción,11.1,Paradas menores,1
901260,2026-01,EQ-0461,Etiquetadora L1,Envasado,Línea 1,A,Contaminación,7.8,Pérdida de velocidad,1
901261,2026-01,EQ-0461,Etiquetadora L1,Envasado,Línea 1,A,Desalineamiento,7.6,Averías,1
901262,2026-01,EQ-0457,Envasadora L2,Envasado,Línea 2,A,Falla eléctrica,5.0,Setup y ajustes,1
901263,2026-01,EQ-0330,Bomba CIP,Proceso,Línea 2,B,Contaminación,2.3,Setup y ajustes,1
901264,2026-01,EQ-0211,Chiller 1,Servicios,N/A,A,Contaminación,2.7,Pérdida de velocidad,1
901265,2026-01,EQ-0211,Chiller 1,Servicios,N/A,A,Contaminación,7.7,Setup y ajustes,1
901266,2026-01,EQ-0455,Envasadora L1,Envasado,Línea 1,A,Desgaste,6.4,Paradas menores,1
901267,2026-01,EQ-0202,Caldera 2,Servicios,N/A,B,Desgaste,7.9,Pérdida de velocidad,1
901268,2026-01,EQ-0461,Etiquetadora L1,Envasado,Línea 1,A,Falta de lubricación,3.0,Paradas menores,1
901269,2026-01,EQ-0310,Reactor P1,Proceso,Línea 1,A,Falla eléctrica,8.1,Paradas menores,1
901270,2026-01,EQ-0311,Intercambiador P1,Proceso,Línea 1,B,Desgaste,6.1,Averías,1
901271,2026-01,EQ-0210,Compresor 3,Servicios,N/A,B,Obstrucción,5.4,Averías,1
901272,2026-01,EQ-0202,Caldera 2,Servicios,N/A,B,Falla eléctrica,6.5,Averías,1
901273,2026-01,EQ-0455,Envasadora L1,Envasado,Línea 1,A,Falla eléctrica,11.3,Averías,1
901274,2026-01,EQ-0462,Etiquetadora L2,Envasado,Línea 2,B,Ajuste incorrecto,0.8,Averías,1
901275,2026-01,EQ-0470,Paletizador,Envasado,Línea 3,B,Fatiga de material,2.5,Averías,1
901276,2026-01,EQ-0211,Chiller 1,Servicios,N/A,A,Fatiga de material,10.7,Arranque,1
901277,2026-01,EQ-0330,Bomba CIP,Proceso,Línea 2,B,Ajuste incorrecto,5.5,Setup y ajustes,1
901278,2026-01,EQ-0461,Etiquetadora L1,Envasado,Línea 1,A,Contaminación,4.7,Setup y ajustes,0
901279,2026-01,EQ-0457,Envasadora L2,Envasado,Línea 2,A,Falla eléctrica,3.8,Averías,1
901280,2026-01,EQ-0457,Envasadora L2,Envasado,Línea 2,A,Obstrucción,10.8,Averías,1
901281,2026-01,EQ-0457,Envasadora L2,Envasado,Línea 2,A,Falta de lubricación,9.7,Averías,1
901282,2026-01,EQ-0455,Envasadora L1,Envasado,Línea 1,A,Fatiga de material,8.3,Averías,1
901283,2026-01,EQ-0462,Etiquetadora L2,Envasado,Línea 2,B,Ajuste incorrecto,4.6,Paradas menores,1
901284,2026-01,EQ-0461,Etiquetadora L1,Envasado,Línea 1,A,Falla eléctrica,12.0,Arranque,1
901285,2026-01,EQ-0202,Caldera 2,Servicios,N/A,B,Desgaste,0.9,Averías,1
901286,2026-01,EQ-0457,Envasadora L2,Envasado,Línea 2,A,Desgaste,5.5,Pérdida de velocidad,0
901287,2026-01,EQ-0210,Compresor 3,Servicios,N/A,B,Obstrucción,2.5,Averías,1
901288,2026-01,EQ-0211,Chiller 1,Servicios,N/A,A,Falta de lubricación,8.2,Averías,1
901289,2026-01,EQ-0457,Envasadora L2,Envasado,Línea 2,A,Falta de lubricación,1.8,Averías,1
901290,2026-01,EQ-0455,Envasadora L1,Envasado,Línea 1,A,Contaminación,1.3,Averías,1
901291,2026-01,EQ-0210,Compresor 3,Servicios,N/A,B,Desgaste,4.1,Averías,1
901292,2026-01,EQ-0331,Bomba de proceso,Proceso,Línea 1,C,Desalineamiento,2.8,Setup y ajustes,1
901293,2026-01,EQ-0455,Envasadora L1,Envasado,Línea 1,A,Contaminación,2.3,Averías,1
901294,2026-01,EQ-0461,Etiquetadora L1,Envasado,Línea 1,A,Falta de lubricación,10.2,Averías,1
901295,2026-01,EQ-0601,Grúa horquilla 4,Bodega,N/A,C,Ajuste incorrecto,4.2,Averías,1
901296,2026-01,EQ-0210,Compresor 3,Servicios,N/A,B,Fatiga de material,8.1,Setup y ajustes,1
901297,2026-01,EQ-0601,Grúa horquilla 4,Bodega,N/A,C,Desalineamiento,3.3,Setup y ajustes,1
901298,2026-01,EQ-0457,Envasadora L2,Envasado,Línea 2,A,Desalineamiento,1.2,Pérdida de velocidad,1
901299,2026-01,EQ-0330,Bomba CIP,Proceso,Línea 2,B,Falta de lubricación,8.5,Averías,1
901300,2026-01,EQ-0455,Envasadora L1,Envasado,Línea 1,A,Falla eléctrica,2.0,Pérdida de velocidad,1
901301,2026-01,EQ-0457,Envasadora L2,Envasado,Línea 2,A,Desalineamiento,2.6,Averías,1
901302,2026-01,EQ-0462,Etiquetadora L2,Envasado,Línea 2,B,Falla eléctrica,8.4,Defectos y reproceso,1
901303,2026-01,EQ-0331,Bomba de proceso,Proceso,Línea 1,C,Desgaste,2.5,Averías,1
901304,2026-01,EQ-0211,Chiller 1,Servicios,N/A,A,Falta de lubricación,5.9,Averías,1
901305,2026-01,EQ-0211,Chiller 1,Servicios,N/A,A,Desgaste,4.7,Arranque,0
901306,2026-01,EQ-0457,Envasadora L2,Envasado,Línea 2,A,Desgaste,5.9,Paradas menores,1
901307,2026-01,EQ-0457,Envasadora L2,Envasado,Línea 2,A,Fatiga de material,4.8,Defectos y reproceso,1
901308,2026-01,EQ-0330,Bomba CIP,Proceso,Línea 2,B,Ajuste incorrecto,5.1,Paradas menores,1
901309,2026-01,EQ-0210,Compresor 3,Servicios,N/A,B,Desgaste,6.7,Averías,1
901310,2026-01,EQ-0601,Grúa horquilla 4,Bodega,N/A,C,Obstrucción,6.2,Averías,1
901311,2026-01,EQ-0455,Envasadora L1,Envasado,Línea 1,A,Obstrucción,11.9,Averías,1
901312,2026-01,EQ-0320,Mezclador P2,Proceso,Línea 2,B,Falta de lubricación,7.9,Arranque,1
901313,2026-01,EQ-0457,Envasadora L2,Envasado,Línea 2,A,Falla eléctrica,11.6,Setup y ajustes,1
901314,2026-01,EQ-0471,Transportador L3,Envasado,Línea 3,C,Desgaste,1.9,Defectos y reproceso,1
901315,2026-01,EQ-0210,Compresor 3,Servicios,N/A,B,Desalineamiento,1.5,Averías,1
901316,2026-01,EQ-0601,Grúa horquilla 4,Bodega,N/A,C,Desgaste,4.9,Setup y ajustes,1
901317,2026-01,EQ-0455,Envasadora L1,Envasado,Línea 1,A,Falta de lubricación,1.5,Setup y ajustes,1
901318,2026-01,EQ-0601,Grúa horquilla 4,Bodega,N/A,C,Falla eléctrica,5.8,Averías,1
901319,2026-01,EQ-0461,Etiquetadora L1,Envasado,Línea 1,A,Desalineamiento,11.5,Averías,1
901320,2026-01,EQ-0470,Paletizador,Envasado,Línea 3,B,Falta de lubricación,5.2,Paradas menores,1
901321,2026-01,EQ-0320,Mezclador P2,Proceso,Línea 2,B,Falta de lubricación,2.8,Averías,1
901322,2026-01,EQ-0457,Envasadora L2,Envasado,Línea 2,A,Desalineamiento,4.4,Averías,1
901323,2026-01,EQ-0457,Envasadora L2,Envasado,Línea 2,A,Desalineamiento,1.7,Setup y ajustes,1
901324,2026-01,EQ-0202,Caldera 2,Servicios,N/A,B,Falla eléctrica,8.4,Averías,1
901325,2026-01,EQ-0462,Etiquetadora L2,Envasado,Línea 2,B,Obstrucción,3.8,Setup y ajustes,1
901326,2026-01,EQ-0461,Etiquetadora L1,Envasado,Línea 1,A,Desalineamiento,11.8,Arranque,1
901327,2026-01,EQ-0457,Envasadora L2,Envasado,Línea 2,A,Desalineamiento,3.1,Defectos y reproceso,1
901328,2026-01,EQ-0461,Etiquetadora L1,Envasado,Línea 1,A,Desalineamiento,11.1,Defectos y reproceso,1
901329,2026-01,EQ-0457,Envasadora L2,Envasado,Línea 2,A,Obstrucción,1.2,Setup y ajustes,1
901330,2026-01,EQ-0331,Bomba de proceso,Proceso,Línea 1,C,Desalineamiento,5.4,Setup y ajustes,1
901331,2026-01,EQ-0331,Bomba de proceso,Proceso,Línea 1,C,Obstrucción,4.8,Defectos y reproceso,1
901332,2026-01,EQ-0320,Mezclador P2,Proceso,Línea 2,B,Desgaste,5.2,Paradas menores,1
901333,2026-01,EQ-0310,Reactor P1,Proceso,Línea 1,A,Fatiga de material,5.1,Averías,1
901334,2026-01,EQ-0310,Reactor P1,Proceso,Línea 1,A,Ajuste incorrecto,6.7,Defectos y reproceso,1
901335,2026-01,EQ-0311,Intercambiador P1,Proceso,Línea 1,B,Contaminación,3.4,Arranque,1
901336,2026-01,EQ-0330,Bomba CIP,Proceso,Línea 2,B,Ajuste incorrecto,1.0,Arranque,1
901337,2026-01,EQ-0457,Envasadora L2,Envasado,Línea 2,A,Fatiga de material,7.8,Averías,1
901338,2026-01,EQ-0202,Caldera 2,Servicios,N/A,B,Desgaste,1.5,Setup y ajustes,1
901339,2026-01,EQ-0320,Mezclador P2,Proceso,Línea 2,B,Desalineamiento,8.8,Averías,1
901340,2026-01,EQ-0310,Reactor P1,Proceso,Línea 1,A,Falta de lubricación,11.2,Averías,1
901341,2026-01,EQ-0470,Paletizador,Envasado,Línea 3,B,Desalineamiento,7.8,Averías,1
901342,2026-01,EQ-0210,Compresor 3,Servicios,N/A,B,Ajuste incorrecto,6.2,Defectos y reproceso,1
901343,2026-01,EQ-0470,Paletizador,Envasado,Línea 3,B,Desalineamiento,1.1,Setup y ajustes,1
901344,2026-01,EQ-0470,Paletizador,Envasado,Línea 3,B,Obstrucción,7.7,Averías,1
901345,2026-01,EQ-0457,Envasadora L2,Envasado,Línea 2,A,Ajuste incorrecto,4.2,Setup y ajustes,1
901346,2026-01,EQ-0201,Caldera 1,Servicios,N/A,A,Desalineamiento,7.2,Paradas menores,1
901347,2026-01,EQ-0210,Compresor 3,Servicios,N/A,B,Fatiga de material,2.5,Paradas menores,1
901348,2026-02,EQ-0310,Reactor P1,Proceso,Línea 1,A,Falta de lubricación,9.8,Pérdida de velocidad,1
901349,2026-02,EQ-0320,Mezclador P2,Proceso,Línea 2,B,Desgaste,8.4,Averías,1
901350,2026-02,EQ-0461,Etiquetadora L1,Envasado,Línea 1,A,Desalineamiento,9.5,Paradas menores,1
901351,2026-02,EQ-0457,Envasadora L2,Envasado,Línea 2,A,Desgaste,10.7,Setup y ajustes,1
901352,2026-02,EQ-0457,Envasadora L2,Envasado,Línea 2,A,Desgaste,6.3,Paradas menores,1
901353,2026-02,EQ-0331,Bomba de proceso,Proceso,Línea 1,C,Desgaste,4.9,Setup y ajustes,1
901354,2026-02,EQ-0461,Etiquetadora L1,Envasado,Línea 1,A,Falla eléctrica,8.3,Averías,1
901355,2026-02,EQ-0457,Envasadora L2,Envasado,Línea 2,A,Desalineamiento,10.5,Averías,0
901356,2026-02,EQ-0455,Envasadora L1,Envasado,Línea 1,A,Desalineamiento,1.4,Averías,1
901357,2026-02,EQ-0470,Paletizador,Envasado,Línea 3,B,Obstrucción,3.9,Pérdida de velocidad,1
901358,2026-02,EQ-0210,Compresor 3,Servicios,N/A,B,Desalineamiento,8.9,Averías,1
901359,2026-02,EQ-0455,Envasadora L1,Envasado,Línea 1,A,Contaminación,10.3,Pérdida de velocidad,1
901360,2026-02,EQ-0210,Compresor 3,Servicios,N/A,B,Desalineamiento,6.0,Arranque,1
901361,2026-02,EQ-0470,Paletizador,Envasado,Línea 3,B,Falta de lubricación,1.7,Paradas menores,1
901362,2026-02,EQ-0455,Envasadora L1,Envasado,Línea 1,A,Desgaste,4.0,Averías,1
901363,2026-02,EQ-0310,Reactor P1,Proceso,Línea 1,A,Obstrucción,10.0,Defectos y reproceso,1
901364,2026-02,EQ-0211,Chiller 1,Servicios,N/A,A,Ajuste incorrecto,8.8,Averías,1
901365,2026-02,EQ-0310,Reactor P1,Proceso,Línea 1,A,Fatiga de material,6.9,Setup y ajustes,1
901366,2026-02,EQ-0310,Reactor P1,Proceso,Línea 1,A,Ajuste incorrecto,7.2,Averías,1
901367,2026-02,EQ-0462,Etiquetadora L2,Envasado,Línea 2,B,Falla eléctrica,1.6,Arranque,1
901368,2026-02,EQ-0461,Etiquetadora L1,Envasado,Línea 1,A,Fatiga de material,11.4,Averías,1
901369,2026-02,EQ-0455,Envasadora L1,Envasado,Línea 1,A,Obstrucción,10.5,Paradas menores,1
901370,2026-02,EQ-0211,Chiller 1,Servicios,N/A,A,Desalineamiento,7.2,Averías,1
901371,2026-02,EQ-0310,Reactor P1,Proceso,Línea 1,A,Contaminación,2.7,Averías,1
901372,2026-02,EQ-0461,Etiquetadora L1,Envasado,Línea 1,A,Falta de lubricación,10.8,Averías,1
901373,2026-02,EQ-0210,Compresor 3,Servicios,N/A,B,Desgaste,8.1,Averías,1
901374,2026-02,EQ-0461,Etiquetadora L1,Envasado,Línea 1,A,Desalineamiento,3.3,Pérdida de velocidad,1
901375,2026-02,EQ-0601,Grúa horquilla 4,Bodega,N/A,C,Desalineamiento,3.6,Defectos y reproceso,1
901376,2026-02,EQ-0601,Grúa horquilla 4,Bodega,N/A,C,Desalineamiento,6.2,Averías,1
901377,2026-02,EQ-0310,Reactor P1,Proceso,Línea 1,A,Fatiga de material,4.1,Arranque,1
901378,2026-02,EQ-0210,Compresor 3,Servicios,N/A,B,Desalineamiento,4.7,Pérdida de velocidad,1
901379,2026-02,EQ-0457,Envasadora L2,Envasado,Línea 2,A,Falta de lubricación,9.8,Setup y ajustes,1
901380,2026-02,EQ-0320,Mezclador P2,Proceso,Línea 2,B,Desalineamiento,1.2,Defectos y reproceso,1
901381,2026-02,EQ-0457,Envasadora L2,Envasado,Línea 2,A,Obstrucción,4.6,Averías,1
901382,2026-02,EQ-0462,Etiquetadora L2,Envasado,Línea 2,B,Desgaste,7.9,Averías,1
901383,2026-02,EQ-0201,Caldera 1,Servicios,N/A,A,Obstrucción,2.9,Averías,1
901384,2026-02,EQ-0457,Envasadora L2,Envasado,Línea 2,A,Obstrucción,6.5,Defectos y reproceso,1
901385,2026-02,EQ-0471,Transportador L3,Envasado,Línea 3,C,Obstrucción,5.4,Averías,1
901386,2026-02,EQ-0330,Bomba CIP,Proceso,Línea 2,B,Falla eléctrica,2.7,Pérdida de velocidad,1
901387,2026-02,EQ-0310,Reactor P1,Proceso,Línea 1,A,Desalineamiento,1.8,Averías,0
901388,2026-02,EQ-0320,Mezclador P2,Proceso,Línea 2,B,Desgaste,5.6,Pérdida de velocidad,1
901389,2026-02,EQ-0310,Reactor P1,Proceso,Línea 1,A,Desalineamiento,8.1,Pérdida de velocidad,1
901390,2026-02,EQ-0455,Envasadora L1,Envasado,Línea 1,A,Falla eléctrica,11.6,Averías,1
901391,2026-02,EQ-0320,Mezclador P2,Proceso,Línea 2,B,Falta de lubricación,2.3,Pérdida de velocidad,1
901392,2026-02,EQ-0311,Intercambiador P1,Proceso,Línea 1,B,Falla eléctrica,3.2,Averías,1
901393,2026-02,EQ-0311,Intercambiador P1,Proceso,Línea 1,B,Falla eléctrica,1.7,Defectos y reproceso,1
901394,2026-02,EQ-0461,Etiquetadora L1,Envasado,Línea 1,A,Desgaste,3.2,Arranque,1
901395,2026-02,EQ-0470,Paletizador,Envasado,Línea 3,B,Contaminación,6.7,Paradas menores,1
901396,2026-02,EQ-0201,Caldera 1,Servicios,N/A,A,Ajuste incorrecto,8.4,Setup y ajustes,1
901397,2026-02,EQ-0455,Envasadora L1,Envasado,Línea 1,A,Desalineamiento,6.0,Setup y ajustes,1
901398,2026-02,EQ-0210,Compresor 3,Servicios,N/A,B,Obstrucción,4.3,Averías,1
901399,2026-02,EQ-0320,Mezclador P2,Proceso,Línea 2,B,Desgaste,8.5,Defectos y reproceso,1
901400,2026-02,EQ-0210,Compresor 3,Servicios,N/A,B,Falta de lubricación,7.1,Setup y ajustes,1
901401,2026-02,EQ-0320,Mezclador P2,Proceso,Línea 2,B,Desalineamiento,5.3,Averías,1
901402,2026-02,EQ-0202,Caldera 2,Servicios,N/A,B,Falta de lubricación,4.1,Setup y ajustes,1
901403,2026-02,EQ-0470,Paletizador,Envasado,Línea 3,B,Desgaste,2.1,Setup y ajustes,1
901404,2026-02,EQ-0457,Envasadora L2,Envasado,Línea 2,A,Desalineamiento,10.5,Setup y ajustes,1
901405,2026-02,EQ-0210,Compresor 3,Servicios,N/A,B,Desgaste,8.8,Setup y ajustes,1
901406,2026-02,EQ-0601,Grúa horquilla 4,Bodega,N/A,C,Desalineamiento,5.2,Averías,1
901407,2026-02,EQ-0461,Etiquetadora L1,Envasado,Línea 1,A,Desgaste,4.4,Setup y ajustes,1
901408,2026-02,EQ-0210,Compresor 3,Servicios,N/A,B,Desgaste,2.6,Arranque,1
901409,2026-02,EQ-0320,Mezclador P2,Proceso,Línea 2,B,Desalineamiento,8.3,Defectos y reproceso,1
901410,2026-02,EQ-0201,Caldera 1,Servicios,N/A,A,Desgaste,7.3,Averías,1
901411,2026-02,EQ-0210,Compresor 3,Servicios,N/A,B,Obstrucción,4.4,Paradas menores,1
901412,2026-02,EQ-0461,Etiquetadora L1,Envasado,Línea 1,A,Contaminación,2.0,Paradas menores,1
901413,2026-02,EQ-0457,Envasadora L2,Envasado,Línea 2,A,Ajuste incorrecto,9.6,Averías,1
901414,2026-02,EQ-0310,Reactor P1,Proceso,Línea 1,A,Falta de lubricación,11.8,Averías,1
901415,2026-02,EQ-0457,Envasadora L2,Envasado,Línea 2,A,Desgaste,9.4,Averías,1
901416,2026-02,EQ-0470,Paletizador,Envasado,Línea 3,B,Contaminación,7.0,Averías,1
901417,2026-02,EQ-0457,Envasadora L2,Envasado,Línea 2,A,Fatiga de material,11.4,Averías,1
901418,2026-02,EQ-0330,Bomba CIP,Proceso,Línea 2,B,Desgaste,5.8,Averías,1
901419,2026-02,EQ-0330,Bomba CIP,Proceso,Línea 2,B,Desalineamiento,4.4,Setup y ajustes,1
901420,2026-02,EQ-0457,Envasadora L2,Envasado,Línea 2,A,Contaminación,1.4,Setup y ajustes,1
901421,2026-02,EQ-0457,Envasadora L2,Envasado,Línea 2,A,Fatiga de material,11.2,Setup y ajustes,1
901422,2026-02,EQ-0311,Intercambiador P1,Proceso,Línea 1,B,Desgaste,2.8,Arranque,1
901423,2026-02,EQ-0210,Compresor 3,Servicios,N/A,B,Falla eléctrica,3.5,Arranque,1
901424,2026-02,EQ-0457,Envasadora L2,Envasado,Línea 2,A,Falla eléctrica,11.9,Defectos y reproceso,1
901425,2026-02,EQ-0461,Etiquetadora L1,Envasado,Línea 1,A,Desgaste,6.5,Setup y ajustes,1
901426,2026-02,EQ-0310,Reactor P1,Proceso,Línea 1,A,Ajuste incorrecto,11.7,Averías,1
901427,2026-02,EQ-0470,Paletizador,Envasado,Línea 3,B,Falta de lubricación,4.2,Paradas menores,1
901428,2026-02,EQ-0457,Envasadora L2,Envasado,Línea 2,A,Desgaste,10.6,Setup y ajustes,1
901429,2026-02,EQ-0201,Caldera 1,Servicios,N/A,A,Falla eléctrica,7.3,Averías,1
901430,2026-02,EQ-0211,Chiller 1,Servicios,N/A,A,Obstrucción,10.7,Setup y ajustes,1
901431,2026-02,EQ-0310,Reactor P1,Proceso,Línea 1,A,Falta de lubricación,1.2,Setup y ajustes,1
901432,2026-02,EQ-0455,Envasadora L1,Envasado,Línea 1,A,Falta de lubricación,10.8,Averías,1
901433,2026-02,EQ-0457,Envasadora L2,Envasado,Línea 2,A,Falla eléctrica,2.3,Paradas menores,1
901434,2026-02,EQ-0601,Grúa horquilla 4,Bodega,N/A,C,Desgaste,2.4,Averías,1
901435,2026-02,EQ-0601,Grúa horquilla 4,Bodega,N/A,C,Fatiga de material,0.9,Averías,1
901436,2026-02,EQ-0201,Caldera 1,Servicios,N/A,A,Falta de lubricación,9.1,Setup y ajustes,1
901437,2026-02,EQ-0330,Bomba CIP,Proceso,Línea 2,B,Desgaste,3.9,Paradas menores,1
901438,2026-02,EQ-0202,Caldera 2,Servicios,N/A,B,Falla eléctrica,3.1,Defectos y reproceso,1
901439,2026-02,EQ-0470,Paletizador,Envasado,Línea 3,B,Desgaste,8.8,Pérdida de velocidad,1
901440,2026-02,EQ-0461,Etiquetadora L1,Envasado,Línea 1,A,Desgaste,6.4,Averías,1
901441,2026-02,EQ-0461,Etiquetadora L1,Envasado,Línea 1,A,Desalineamiento,5.9,Averías,0
901442,2026-02,EQ-0202,Caldera 2,Servicios,N/A,B,Desalineamiento,3.8,Paradas menores,1
901443,2026-02,EQ-0320,Mezclador P2,Proceso,Línea 2,B,Desalineamiento,2.0,Averías,1
901444,2026-02,EQ-0457,Envasadora L2,Envasado,Línea 2,A,Falla eléctrica,4.9,Pérdida de velocidad,1
901445,2026-02,EQ-0201,Caldera 1,Servicios,N/A,A,Desgaste,10.2,Averías,1
901446,2026-02,EQ-0471,Transportador L3,Envasado,Línea 3,C,Desgaste,1.4,Averías,0
901447,2026-02,EQ-0457,Envasadora L2,Envasado,Línea 2,A,Desgaste,11.6,Averías,1
901448,2026-02,EQ-0311,Intercambiador P1,Proceso,Línea 1,B,Desgaste,5.6,Averías,1
901449,2026-02,EQ-0310,Reactor P1,Proceso,Línea 1,A,Falta de lubricación,3.5,Averías,1
901450,2026-02,EQ-0455,Envasadora L1,Envasado,Línea 1,A,Contaminación,6.5,Paradas menores,1
901451,2026-02,EQ-0470,Paletizador,Envasado,Línea 3,B,Desgaste,1.5,Averías,1
901452,2026-02,EQ-0470,Paletizador,Envasado,Línea 3,B,Obstrucción,8.8,Paradas menores,1
901453,2026-02,EQ-0471,Transportador L3,Envasado,Línea 3,C,Desgaste,5.5,Averías,1
901454,2026-02,EQ-0202,Caldera 2,Servicios,N/A,B,Desgaste,1.8,Defectos y reproceso,1
901455,2026-02,EQ-0455,Envasadora L1,Envasado,Línea 1,A,Fatiga de material,4.0,Averías,1
901456,2026-02,EQ-0330,Bomba CIP,Proceso,Línea 2,B,Desalineamiento,3.0,Pérdida de velocidad,1
901457,2026-02,EQ-0471,Transportador L3,Envasado,Línea 3,C,Contaminación,4.3,Averías,1
901458,2026-02,EQ-0320,Mezclador P2,Proceso,Línea 2,B,Falla eléctrica,7.7,Pérdida de velocidad,1
901459,2026-02,EQ-0461,Etiquetadora L1,Envasado,Línea 1,A,Falta de lubricación,4.1,Pérdida de velocidad,1
901460,2026-02,EQ-0310,Reactor P1,Proceso,Línea 1,A,Fatiga de material,7.5,Setup y ajustes,1
901461,2026-02,EQ-0461,Etiquetadora L1,Envasado,Línea 1,A,Falla eléctrica,3.0,Arranque,1
901462,2026-02,EQ-0311,Intercambiador P1,Proceso,Línea 1,B,Desalineamiento,3.9,Defectos y reproceso,1
901463,2026-02,EQ-0310,Reactor P1,Proceso,Línea 1,A,Desgaste,4.4,Averías,1
901464,2026-02,EQ-0461,Etiquetadora L1,Envasado,Línea 1,A,Obstrucción,1.6,Defectos y reproceso,1
901465,2026-02,EQ-0201,Caldera 1,Servicios,N/A,A,Fatiga de material,10.5,Pérdida de velocidad,1
901466,2026-02,EQ-0457,Envasadora L2,Envasado,Línea 2,A,Falla eléctrica,1.4,Averías,1
901467,2026-02,EQ-0462,Etiquetadora L2,Envasado,Línea 2,B,Desalineamiento,2.0,Averías,0
901468,2026-02,EQ-0461,Etiquetadora L1,Envasado,Línea 1,A,Falla eléctrica,1.7,Paradas menores,1
901469,2026-02,EQ-0320,Mezclador P2,Proceso,Línea 2,B,Falla eléctrica,4.3,Setup y ajustes,1
901470,2026-02,EQ-0457,Envasadora L2,Envasado,Línea 2,A,Falta de lubricación,4.3,Setup y ajustes,1
901471,2026-02,EQ-0310,Reactor P1,Proceso,Línea 1,A,Falla eléctrica,12.1,Averías,0
901472,2026-02,EQ-0210,Compresor 3,Servicios,N/A,B,Fatiga de material,5.8,Averías,1
901473,2026-02,EQ-0202,Caldera 2,Servicios,N/A,B,Desgaste,0.9,Averías,1
901474,2026-02,EQ-0211,Chiller 1,Servicios,N/A,A,Desgaste,7.1,Averías,1
901475,2026-02,EQ-0457,Envasadora L2,Envasado,Línea 2,A,Ajuste incorrecto,8.0,Setup y ajustes,1
901476,2026-03,EQ-0455,Envasadora L1,Envasado,Línea 1,A,Obstrucción,6.7,Pérdida de velocidad,1
901477,2026-03,EQ-0211,Chiller 1,Servicios,N/A,A,Obstrucción,7.4,Paradas menores,1
901478,2026-03,EQ-0461,Etiquetadora L1,Envasado,Línea 1,A,Obstrucción,2.0,Arranque,1
901479,2026-03,EQ-0461,Etiquetadora L1,Envasado,Línea 1,A,Desalineamiento,10.1,Defectos y reproceso,1
901480,2026-03,EQ-0210,Compresor 3,Servicios,N/A,B,Falta de lubricación,1.7,Averías,1
901481,2026-03,EQ-0202,Caldera 2,Servicios,N/A,B,Falta de lubricación,8.1,Paradas menores,1
901482,2026-03,EQ-0330,Bomba CIP,Proceso,Línea 2,B,Ajuste incorrecto,4.1,Averías,1
901483,2026-03,EQ-0211,Chiller 1,Servicios,N/A,A,Obstrucción,8.6,Paradas menores,1
901484,2026-03,EQ-0461,Etiquetadora L1,Envasado,Línea 1,A,Obstrucción,1.2,Setup y ajustes,1
901485,2026-03,EQ-0601,Grúa horquilla 4,Bodega,N/A,C,Falla eléctrica,3.2,Averías,1
901486,2026-03,EQ-0471,Transportador L3,Envasado,Línea 3,C,Falta de lubricación,5.9,Averías,1
901487,2026-03,EQ-0311,Intercambiador P1,Proceso,Línea 1,B,Desalineamiento,8.6,Averías,1
901488,2026-03,EQ-0457,Envasadora L2,Envasado,Línea 2,A,Desgaste,6.7,Averías,1
901489,2026-03,EQ-0470,Paletizador,Envasado,Línea 3,B,Fatiga de material,5.2,Averías,1
901490,2026-03,EQ-0210,Compresor 3,Servicios,N/A,B,Desgaste,1.2,Arranque,1
901491,2026-03,EQ-0330,Bomba CIP,Proceso,Línea 2,B,Obstrucción,1.0,Setup y ajustes,1
901492,2026-03,EQ-0462,Etiquetadora L2,Envasado,Línea 2,B,Falta de lubricación,1.7,Paradas menores,1
901493,2026-03,EQ-0330,Bomba CIP,Proceso,Línea 2,B,Desgaste,5.9,Paradas menores,1
901494,2026-03,EQ-0457,Envasadora L2,Envasado,Línea 2,A,Desgaste,9.9,Averías,1
901495,2026-03,EQ-0210,Compresor 3,Servicios,N/A,B,Falta de lubricación,5.6,Averías,1
901496,2026-03,EQ-0457,Envasadora L2,Envasado,Línea 2,A,Obstrucción,7.8,Averías,1
901497,2026-03,EQ-0201,Caldera 1,Servicios,N/A,A,Desalineamiento,1.9,Paradas menores,1
901498,2026-03,EQ-0461,Etiquetadora L1,Envasado,Línea 1,A,Falla eléctrica,10.1,Paradas menores,1
901499,2026-03,EQ-0461,Etiquetadora L1,Envasado,Línea 1,A,Obstrucción,5.9,Averías,0
901500,2026-03,EQ-0310,Reactor P1,Proceso,Línea 1,A,Desalineamiento,6.3,Averías,1
901501,2026-03,EQ-0455,Envasadora L1,Envasado,Línea 1,A,Desalineamiento,2.5,Averías,1
901502,2026-03,EQ-0211,Chiller 1,Servicios,N/A,A,Fatiga de material,7.7,Averías,1
901503,2026-03,EQ-0311,Intercambiador P1,Proceso,Línea 1,B,Desalineamiento,5.7,Setup y ajustes,1
901504,2026-03,EQ-0201,Caldera 1,Servicios,N/A,A,Falta de lubricación,8.0,Averías,1
901505,2026-03,EQ-0202,Caldera 2,Servicios,N/A,B,Desalineamiento,4.1,Defectos y reproceso,1
901506,2026-03,EQ-0455,Envasadora L1,Envasado,Línea 1,A,Contaminación,6.2,Averías,1
901507,2026-03,EQ-0330,Bomba CIP,Proceso,Línea 2,B,Obstrucción,2.6,Paradas menores,1
901508,2026-03,EQ-0201,Caldera 1,Servicios,N/A,A,Falta de lubricación,9.2,Pérdida de velocidad,1
901509,2026-03,EQ-0330,Bomba CIP,Proceso,Línea 2,B,Fatiga de material,1.7,Setup y ajustes,1
901510,2026-03,EQ-0210,Compresor 3,Servicios,N/A,B,Contaminación,7.4,Paradas menores,1
901511,2026-03,EQ-0201,Caldera 1,Servicios,N/A,A,Ajuste incorrecto,6.0,Defectos y reproceso,1
901512,2026-03,EQ-0455,Envasadora L1,Envasado,Línea 1,A,Falta de lubricación,6.4,Pérdida de velocidad,1
901513,2026-03,EQ-0320,Mezclador P2,Proceso,Línea 2,B,Desgaste,8.5,Averías,1
901514,2026-03,EQ-0210,Compresor 3,Servicios,N/A,B,Desgaste,7.0,Averías,1
901515,2026-03,EQ-0310,Reactor P1,Proceso,Línea 1,A,Desgaste,10.9,Averías,1
901516,2026-03,EQ-0310,Reactor P1,Proceso,Línea 1,A,Ajuste incorrecto,4.6,Averías,1
901517,2026-03,EQ-0210,Compresor 3,Servicios,N/A,B,Falta de lubricación,6.9,Averías,1
901518,2026-03,EQ-0471,Transportador L3,Envasado,Línea 3,C,Desalineamiento,5.0,Defectos y reproceso,1
901519,2026-03,EQ-0211,Chiller 1,Servicios,N/A,A,Desgaste,9.3,Averías,1
901520,2026-03,EQ-0461,Etiquetadora L1,Envasado,Línea 1,A,Obstrucción,9.4,Averías,1
901521,2026-03,EQ-0310,Reactor P1,Proceso,Línea 1,A,Desgaste,2.6,Paradas menores,1
901522,2026-03,EQ-0310,Reactor P1,Proceso,Línea 1,A,Contaminación,2.6,Averías,1
901523,2026-03,EQ-0330,Bomba CIP,Proceso,Línea 2,B,Falta de lubricación,1.2,Averías,1
901524,2026-03,EQ-0320,Mezclador P2,Proceso,Línea 2,B,Desgaste,1.2,Paradas menores,1
901525,2026-03,EQ-0201,Caldera 1,Servicios,N/A,A,Desalineamiento,1.5,Averías,1
901526,2026-03,EQ-0470,Paletizador,Envasado,Línea 3,B,Desalineamiento,6.2,Pérdida de velocidad,1
901527,2026-03,EQ-0201,Caldera 1,Servicios,N/A,A,Falla eléctrica,5.4,Defectos y reproceso,1
901528,2026-03,EQ-0202,Caldera 2,Servicios,N/A,B,Ajuste incorrecto,4.4,Paradas menores,1
901529,2026-03,EQ-0455,Envasadora L1,Envasado,Línea 1,A,Desgaste,9.2,Averías,1
901530,2026-03,EQ-0470,Paletizador,Envasado,Línea 3,B,Falla eléctrica,8.6,Paradas menores,1
901531,2026-03,EQ-0330,Bomba CIP,Proceso,Línea 2,B,Falla eléctrica,2.8,Paradas menores,1
901532,2026-03,EQ-0310,Reactor P1,Proceso,Línea 1,A,Falla eléctrica,8.1,Averías,1
901533,2026-03,EQ-0210,Compresor 3,Servicios,N/A,B,Fatiga de material,2.2,Averías,1
901534,2026-03,EQ-0455,Envasadora L1,Envasado,Línea 1,A,Desalineamiento,9.2,Averías,1
901535,2026-03,EQ-0457,Envasadora L2,Envasado,Línea 2,A,Falla eléctrica,9.9,Averías,1
901536,2026-03,EQ-0330,Bomba CIP,Proceso,Línea 2,B,Contaminación,2.7,Defectos y reproceso,1
901537,2026-03,EQ-0311,Intercambiador P1,Proceso,Línea 1,B,Contaminación,5.5,Defectos y reproceso,1
901538,2026-03,EQ-0457,Envasadora L2,Envasado,Línea 2,A,Falla eléctrica,2.3,Averías,1
901539,2026-03,EQ-0470,Paletizador,Envasado,Línea 3,B,Falla eléctrica,1.7,Setup y ajustes,1
901540,2026-03,EQ-0457,Envasadora L2,Envasado,Línea 2,A,Desalineamiento,10.8,Pérdida de velocidad,1
901541,2026-03,EQ-0461,Etiquetadora L1,Envasado,Línea 1,A,Desgaste,1.7,Pérdida de velocidad,1
901542,2026-03,EQ-0457,Envasadora L2,Envasado,Línea 2,A,Desalineamiento,5.9,Averías,0
901543,2026-03,EQ-0210,Compresor 3,Servicios,N/A,B,Fatiga de material,4.2,Averías,1
901544,2026-03,EQ-0310,Reactor P1,Proceso,Línea 1,A,Desgaste,4.7,Defectos y reproceso,1
901545,2026-03,EQ-0457,Envasadora L2,Envasado,Línea 2,A,Ajuste incorrecto,7.9,Arranque,1
901546,2026-03,EQ-0320,Mezclador P2,Proceso,Línea 2,B,Falta de lubricación,4.1,Setup y ajustes,1
901547,2026-03,EQ-0462,Etiquetadora L2,Envasado,Línea 2,B,Desgaste,4.3,Averías,1
901548,2026-03,EQ-0330,Bomba CIP,Proceso,Línea 2,B,Fatiga de material,4.8,Defectos y reproceso,1
901549,2026-03,EQ-0457,Envasadora L2,Envasado,Línea 2,A,Contaminación,7.0,Setup y ajustes,1
901550,2026-03,EQ-0210,Compresor 3,Servicios,N/A,B,Desgaste,5.0,Paradas menores,1
901551,2026-03,EQ-0471,Transportador L3,Envasado,Línea 3,C,Obstrucción,2.3,Paradas menores,1
901552,2026-03,EQ-0311,Intercambiador P1,Proceso,Línea 1,B,Desalineamiento,6.2,Setup y ajustes,1
901553,2026-03,EQ-0210,Compresor 3,Servicios,N/A,B,Desalineamiento,3.7,Averías,1
901554,2026-03,EQ-0470,Paletizador,Envasado,Línea 3,B,Fatiga de material,2.3,Averías,1
901555,2026-03,EQ-0201,Caldera 1,Servicios,N/A,A,Obstrucción,3.0,Averías,1
901556,2026-03,EQ-0310,Reactor P1,Proceso,Línea 1,A,Desalineamiento,3.4,Paradas menores,1
901557,2026-03,EQ-0462,Etiquetadora L2,Envasado,Línea 2,B,Ajuste incorrecto,4.6,Averías,1
901558,2026-03,EQ-0320,Mezclador P2,Proceso,Línea 2,B,Desalineamiento,4.3,Averías,0
901559,2026-03,EQ-0461,Etiquetadora L1,Envasado,Línea 1,A,Falla eléctrica,3.0,Pérdida de velocidad,1
901560,2026-03,EQ-0457,Envasadora L2,Envasado,Línea 2,A,Fatiga de material,10.5,Arranque,1
901561,2026-03,EQ-0455,Envasadora L1,Envasado,Línea 1,A,Ajuste incorrecto,5.7,Defectos y reproceso,1
901562,2026-03,EQ-0457,Envasadora L2,Envasado,Línea 2,A,Desgaste,5.5,Paradas menores,1
901563,2026-03,EQ-0457,Envasadora L2,Envasado,Línea 2,A,Contaminación,5.7,Setup y ajustes,1
901564,2026-03,EQ-0457,Envasadora L2,Envasado,Línea 2,A,Ajuste incorrecto,11.0,Averías,1
901565,2026-03,EQ-0320,Mezclador P2,Proceso,Línea 2,B,Falla eléctrica,4.8,Defectos y reproceso,1
901566,2026-03,EQ-0461,Etiquetadora L1,Envasado,Línea 1,A,Desalineamiento,11.2,Pérdida de velocidad,1
901567,2026-03,EQ-0201,Caldera 1,Servicios,N/A,A,Falta de lubricación,4.1,Paradas menores,1
901568,2026-03,EQ-0330,Bomba CIP,Proceso,Línea 2,B,Ajuste incorrecto,3.7,Defectos y reproceso,1
901569,2026-03,EQ-0462,Etiquetadora L2,Envasado,Línea 2,B,Desalineamiento,5.0,Setup y ajustes,1
901570,2026-03,EQ-0211,Chiller 1,Servicios,N/A,A,Obstrucción,8.1,Averías,1
901571,2026-03,EQ-0457,Envasadora L2,Envasado,Línea 2,A,Falta de lubricación,8.6,Averías,1
901572,2026-03,EQ-0331,Bomba de proceso,Proceso,Línea 1,C,Falla eléctrica,3.7,Averías,1
901573,2026-03,EQ-0210,Compresor 3,Servicios,N/A,B,Desalineamiento,8.0,Averías,1
901574,2026-03,EQ-0455,Envasadora L1,Envasado,Línea 1,A,Obstrucción,8.2,Averías,1
901575,2026-03,EQ-0330,Bomba CIP,Proceso,Línea 2,B,Desalineamiento,4.9,Averías,1
901576,2026-03,EQ-0201,Caldera 1,Servicios,N/A,A,Desalineamiento,10.5,Averías,1
901577,2026-03,EQ-0311,Intercambiador P1,Proceso,Línea 1,B,Desalineamiento,5.3,Averías,1
901578,2026-03,EQ-0470,Paletizador,Envasado,Línea 3,B,Desalineamiento,4.4,Paradas menores,1
901579,2026-03,EQ-0461,Etiquetadora L1,Envasado,Línea 1,A,Desgaste,5.4,Paradas menores,1
901580,2026-03,EQ-0311,Intercambiador P1,Proceso,Línea 1,B,Fatiga de material,2.9,Averías,1
901581,2026-03,EQ-0320,Mezclador P2,Proceso,Línea 2,B,Desgaste,7.2,Setup y ajustes,0
901582,2026-03,EQ-0455,Envasadora L1,Envasado,Línea 1,A,Ajuste incorrecto,7.0,Defectos y reproceso,1
901583,2026-03,EQ-0461,Etiquetadora L1,Envasado,Línea 1,A,Desgaste,10.1,Defectos y reproceso,1
901584,2026-03,EQ-0462,Etiquetadora L2,Envasado,Línea 2,B,Obstrucción,2.3,Averías,1
901585,2026-03,EQ-0457,Envasadora L2,Envasado,Línea 2,A,Falta de lubricación,4.7,Averías,1
901586,2026-03,EQ-0457,Envasadora L2,Envasado,Línea 2,A,Desalineamiento,9.7,Pérdida de velocidad,1
901587,2026-03,EQ-0211,Chiller 1,Servicios,N/A,A,Obstrucción,3.1,Averías,1
901588,2026-03,EQ-0211,Chiller 1,Servicios,N/A,A,Desgaste,6.6,Averías,1
901589,2026-03,EQ-0455,Envasadora L1,Envasado,Línea 1,A,Obstrucción,5.2,Averías,1
901590,2026-03,EQ-0210,Compresor 3,Servicios,N/A,B,Falta de lubricación,8.4,Setup y ajustes,1
901591,2026-03,EQ-0461,Etiquetadora L1,Envasado,Línea 1,A,Desgaste,1.6,Averías,1
901592,2026-04,EQ-0311,Intercambiador P1,Proceso,Línea 1,B,Falla eléctrica,5.6,Averías,1
901593,2026-04,EQ-0462,Etiquetadora L2,Envasado,Línea 2,B,Contaminación,7.4,Averías,1
901594,2026-04,EQ-0461,Etiquetadora L1,Envasado,Línea 1,A,Falla eléctrica,11.7,Averías,1
901595,2026-04,EQ-0331,Bomba de proceso,Proceso,Línea 1,C,Desalineamiento,0.7,Paradas menores,1
901596,2026-04,EQ-0330,Bomba CIP,Proceso,Línea 2,B,Falla eléctrica,8.0,Paradas menores,1
901597,2026-04,EQ-0470,Paletizador,Envasado,Línea 3,B,Desalineamiento,1.7,Averías,0
901598,2026-04,EQ-0457,Envasadora L2,Envasado,Línea 2,A,Desalineamiento,3.8,Defectos y reproceso,1
901599,2026-04,EQ-0457,Envasadora L2,Envasado,Línea 2,A,Fatiga de material,4.8,Averías,1
901600,2026-04,EQ-0457,Envasadora L2,Envasado,Línea 2,A,Falta de lubricación,6.6,Setup y ajustes,1
901601,2026-04,EQ-0457,Envasadora L2,Envasado,Línea 2,A,Contaminación,11.5,Averías,1
901602,2026-04,EQ-0210,Compresor 3,Servicios,N/A,B,Contaminación,5.9,Paradas menores,1
901603,2026-04,EQ-0310,Reactor P1,Proceso,Línea 1,A,Contaminación,2.1,Paradas menores,1
901604,2026-04,EQ-0330,Bomba CIP,Proceso,Línea 2,B,Desalineamiento,2.9,Averías,1
901605,2026-04,EQ-0471,Transportador L3,Envasado,Línea 3,C,Desgaste,1.8,Pérdida de velocidad,1
901606,2026-04,EQ-0470,Paletizador,Envasado,Línea 3,B,Desalineamiento,2.0,Averías,1
901607,2026-04,EQ-0455,Envasadora L1,Envasado,Línea 1,A,Falta de lubricación,4.6,Averías,1
901608,2026-04,EQ-0457,Envasadora L2,Envasado,Línea 2,A,Falla eléctrica,8.4,Averías,1
901609,2026-04,EQ-0320,Mezclador P2,Proceso,Línea 2,B,Desalineamiento,3.5,Averías,1
901610,2026-04,EQ-0311,Intercambiador P1,Proceso,Línea 1,B,Desgaste,2.3,Defectos y reproceso,1
901611,2026-04,EQ-0457,Envasadora L2,Envasado,Línea 2,A,Desgaste,7.0,Averías,1
901612,2026-04,EQ-0331,Bomba de proceso,Proceso,Línea 1,C,Desgaste,4.7,Averías,1
901613,2026-04,EQ-0457,Envasadora L2,Envasado,Línea 2,A,Desalineamiento,1.1,Pérdida de velocidad,1
901614,2026-04,EQ-0471,Transportador L3,Envasado,Línea 3,C,Desalineamiento,4.0,Setup y ajustes,1
901615,2026-04,EQ-0457,Envasadora L2,Envasado,Línea 2,A,Falta de lubricación,1.6,Averías,1
901616,2026-04,EQ-0320,Mezclador P2,Proceso,Línea 2,B,Falla eléctrica,3.4,Paradas menores,1
901617,2026-04,EQ-0320,Mezclador P2,Proceso,Línea 2,B,Desalineamiento,6.2,Averías,1
901618,2026-04,EQ-0455,Envasadora L1,Envasado,Línea 1,A,Obstrucción,7.5,Averías,1
901619,2026-04,EQ-0457,Envasadora L2,Envasado,Línea 2,A,Falla eléctrica,8.5,Arranque,1
901620,2026-04,EQ-0311,Intercambiador P1,Proceso,Línea 1,B,Falta de lubricación,0.8,Averías,1
901621,2026-04,EQ-0457,Envasadora L2,Envasado,Línea 2,A,Falta de lubricación,11.7,Paradas menores,1
901622,2026-04,EQ-0457,Envasadora L2,Envasado,Línea 2,A,Falla eléctrica,7.8,Pérdida de velocidad,1
901623,2026-04,EQ-0455,Envasadora L1,Envasado,Línea 1,A,Falla eléctrica,11.1,Averías,1
901624,2026-04,EQ-0457,Envasadora L2,Envasado,Línea 2,A,Falla eléctrica,1.7,Pérdida de velocidad,1
901625,2026-04,EQ-0462,Etiquetadora L2,Envasado,Línea 2,B,Desgaste,6.1,Setup y ajustes,1
901626,2026-04,EQ-0457,Envasadora L2,Envasado,Línea 2,A,Falla eléctrica,6.4,Paradas menores,1
901627,2026-04,EQ-0457,Envasadora L2,Envasado,Línea 2,A,Ajuste incorrecto,1.8,Averías,1
901628,2026-04,EQ-0202,Caldera 2,Servicios,N/A,B,Obstrucción,5.7,Averías,1
901629,2026-04,EQ-0310,Reactor P1,Proceso,Línea 1,A,Desgaste,10.6,Averías,1
901630,2026-04,EQ-0461,Etiquetadora L1,Envasado,Línea 1,A,Desgaste,8.1,Averías,1
901631,2026-04,EQ-0471,Transportador L3,Envasado,Línea 3,C,Falla eléctrica,1.3,Averías,1
901632,2026-04,EQ-0311,Intercambiador P1,Proceso,Línea 1,B,Desalineamiento,4.9,Averías,1
901633,2026-04,EQ-0455,Envasadora L1,Envasado,Línea 1,A,Desgaste,3.5,Averías,1
901634,2026-04,EQ-0457,Envasadora L2,Envasado,Línea 2,A,Ajuste incorrecto,11.1,Arranque,1
901635,2026-04,EQ-0601,Grúa horquilla 4,Bodega,N/A,C,Contaminación,2.5,Averías,1
901636,2026-04,EQ-0461,Etiquetadora L1,Envasado,Línea 1,A,Obstrucción,7.7,Averías,1
901637,2026-04,EQ-0455,Envasadora L1,Envasado,Línea 1,A,Contaminación,8.9,Averías,1
901638,2026-04,EQ-0210,Compresor 3,Servicios,N/A,B,Desalineamiento,4.2,Paradas menores,1
901639,2026-04,EQ-0462,Etiquetadora L2,Envasado,Línea 2,B,Desgaste,6.7,Averías,1
901640,2026-04,EQ-0211,Chiller 1,Servicios,N/A,A,Falla eléctrica,6.5,Setup y ajustes,1
901641,2026-04,EQ-0462,Etiquetadora L2,Envasado,Línea 2,B,Desgaste,5.0,Averías,1
901642,2026-04,EQ-0461,Etiquetadora L1,Envasado,Línea 1,A,Falta de lubricación,6.2,Setup y ajustes,1
901643,2026-04,EQ-0461,Etiquetadora L1,Envasado,Línea 1,A,Desalineamiento,1.2,Defectos y reproceso,1
901644,2026-04,EQ-0210,Compresor 3,Servicios,N/A,B,Desgaste,5.3,Averías,1
901645,2026-04,EQ-0320,Mezclador P2,Proceso,Línea 2,B,Falla eléctrica,7.9,Paradas menores,1
901646,2026-04,EQ-0455,Envasadora L1,Envasado,Línea 1,A,Desalineamiento,4.0,Averías,1
901647,2026-04,EQ-0311,Intercambiador P1,Proceso,Línea 1,B,Desgaste,8.6,Averías,1
901648,2026-04,EQ-0470,Paletizador,Envasado,Línea 3,B,Falla eléctrica,6.7,Paradas menores,1
901649,2026-04,EQ-0310,Reactor P1,Proceso,Línea 1,A,Desalineamiento,1.7,Averías,1
901650,2026-04,EQ-0455,Envasadora L1,Envasado,Línea 1,A,Falla eléctrica,6.9,Averías,1
901651,2026-04,EQ-0457,Envasadora L2,Envasado,Línea 2,A,Falla eléctrica,2.0,Averías,1
901652,2026-04,EQ-0471,Transportador L3,Envasado,Línea 3,C,Contaminación,4.5,Averías,1
901653,2026-04,EQ-0320,Mezclador P2,Proceso,Línea 2,B,Desalineamiento,7.9,Averías,1
901654,2026-04,EQ-0457,Envasadora L2,Envasado,Línea 2,A,Ajuste incorrecto,4.8,Defectos y reproceso,1
901655,2026-04,EQ-0210,Compresor 3,Servicios,N/A,B,Desalineamiento,8.6,Averías,1
901656,2026-04,EQ-0310,Reactor P1,Proceso,Línea 1,A,Falta de lubricación,11.0,Averías,1
901657,2026-04,EQ-0455,Envasadora L1,Envasado,Línea 1,A,Fatiga de material,7.8,Defectos y reproceso,1
901658,2026-04,EQ-0455,Envasadora L1,Envasado,Línea 1,A,Desgaste,7.3,Averías,0
901659,2026-04,EQ-0310,Reactor P1,Proceso,Línea 1,A,Falla eléctrica,9.5,Paradas menores,1
901660,2026-04,EQ-0202,Caldera 2,Servicios,N/A,B,Fatiga de material,6.7,Averías,1
901661,2026-04,EQ-0455,Envasadora L1,Envasado,Línea 1,A,Obstrucción,1.5,Averías,1
901662,2026-04,EQ-0462,Etiquetadora L2,Envasado,Línea 2,B,Desgaste,6.5,Averías,1
901663,2026-04,EQ-0310,Reactor P1,Proceso,Línea 1,A,Desgaste,1.6,Arranque,1
901664,2026-04,EQ-0320,Mezclador P2,Proceso,Línea 2,B,Desalineamiento,1.0,Pérdida de velocidad,1
901665,2026-04,EQ-0462,Etiquetadora L2,Envasado,Línea 2,B,Obstrucción,5.6,Paradas menores,1
901666,2026-04,EQ-0462,Etiquetadora L2,Envasado,Línea 2,B,Ajuste incorrecto,6.4,Averías,0
901667,2026-04,EQ-0210,Compresor 3,Servicios,N/A,B,Obstrucción,7.7,Averías,1
901668,2026-04,EQ-0461,Etiquetadora L1,Envasado,Línea 1,A,Desalineamiento,3.7,Defectos y reproceso,1
901669,2026-04,EQ-0330,Bomba CIP,Proceso,Línea 2,B,Desalineamiento,1.9,Averías,1
901670,2026-04,EQ-0331,Bomba de proceso,Proceso,Línea 1,C,Desgaste,2.7,Averías,1
901671,2026-04,EQ-0210,Compresor 3,Servicios,N/A,B,Obstrucción,8.6,Averías,1
901672,2026-04,EQ-0470,Paletizador,Envasado,Línea 3,B,Desgaste,2.7,Averías,1
901673,2026-04,EQ-0330,Bomba CIP,Proceso,Línea 2,B,Desalineamiento,0.9,Defectos y reproceso,1
901674,2026-04,EQ-0201,Caldera 1,Servicios,N/A,A,Desgaste,1.0,Setup y ajustes,1
901675,2026-04,EQ-0311,Intercambiador P1,Proceso,Línea 1,B,Falla eléctrica,6.6,Defectos y reproceso,1
901676,2026-04,EQ-0461,Etiquetadora L1,Envasado,Línea 1,A,Desgaste,10.6,Setup y ajustes,1
901677,2026-04,EQ-0210,Compresor 3,Servicios,N/A,B,Desgaste,5.8,Averías,1
901678,2026-04,EQ-0202,Caldera 2,Servicios,N/A,B,Desalineamiento,2.7,Averías,1
901679,2026-04,EQ-0330,Bomba CIP,Proceso,Línea 2,B,Ajuste incorrecto,6.2,Averías,1
901680,2026-04,EQ-0457,Envasadora L2,Envasado,Línea 2,A,Ajuste incorrecto,3.5,Averías,1
901681,2026-04,EQ-0457,Envasadora L2,Envasado,Línea 2,A,Obstrucción,4.0,Setup y ajustes,1
901682,2026-04,EQ-0210,Compresor 3,Servicios,N/A,B,Desalineamiento,7.8,Setup y ajustes,1
901683,2026-04,EQ-0457,Envasadora L2,Envasado,Línea 2,A,Falta de lubricación,4.6,Paradas menores,1
901684,2026-04,EQ-0457,Envasadora L2,Envasado,Línea 2,A,Desalineamiento,1.6,Setup y ajustes,1
901685,2026-04,EQ-0320,Mezclador P2,Proceso,Línea 2,B,Ajuste incorrecto,6.5,Averías,1
901686,2026-04,EQ-0457,Envasadora L2,Envasado,Línea 2,A,Desgaste,10.2,Paradas menores,1
901687,2026-04,EQ-0311,Intercambiador P1,Proceso,Línea 1,B,Contaminación,6.6,Setup y ajustes,1
901688,2026-04,EQ-0202,Caldera 2,Servicios,N/A,B,Ajuste incorrecto,5.5,Averías,1
901689,2026-04,EQ-0457,Envasadora L2,Envasado,Línea 2,A,Ajuste incorrecto,7.7,Averías,1
901690,2026-04,EQ-0310,Reactor P1,Proceso,Línea 1,A,Obstrucción,2.8,Averías,1
901691,2026-04,EQ-0470,Paletizador,Envasado,Línea 3,B,Ajuste incorrecto,7.1,Pérdida de velocidad,1
901692,2026-04,EQ-0457,Envasadora L2,Envasado,Línea 2,A,Desgaste,4.2,Defectos y reproceso,1
901693,2026-04,EQ-0471,Transportador L3,Envasado,Línea 3,C,Ajuste incorrecto,1.6,Paradas menores,1
901694,2026-04,EQ-0457,Envasadora L2,Envasado,Línea 2,A,Fatiga de material,6.3,Pérdida de velocidad,1
901695,2026-04,EQ-0601,Grúa horquilla 4,Bodega,N/A,C,Desalineamiento,4.5,Averías,1
901696,2026-04,EQ-0330,Bomba CIP,Proceso,Línea 2,B,Falta de lubricación,1.9,Averías,1
901697,2026-04,EQ-0310,Reactor P1,Proceso,Línea 1,A,Desalineamiento,4.6,Arranque,1
901698,2026-04,EQ-0457,Envasadora L2,Envasado,Línea 2,A,Falta de lubricación,8.5,Pérdida de velocidad,1
901699,2026-05,EQ-0210,Compresor 3,Servicios,N/A,B,Obstrucción,6.5,Paradas menores,1
901700,2026-05,EQ-0462,Etiquetadora L2,Envasado,Línea 2,B,Ajuste incorrecto,7.2,Averías,1
901701,2026-05,EQ-0330,Bomba CIP,Proceso,Línea 2,B,Falla eléctrica,3.6,Paradas menores,1
901702,2026-05,EQ-0210,Compresor 3,Servicios,N/A,B,Obstrucción,6.8,Averías,1
901703,2026-05,EQ-0201,Caldera 1,Servicios,N/A,A,Desgaste,5.9,Setup y ajustes,1
901704,2026-05,EQ-0457,Envasadora L2,Envasado,Línea 2,A,Desgaste,6.4,Pérdida de velocidad,1
901705,2026-05,EQ-0330,Bomba CIP,Proceso,Línea 2,B,Desalineamiento,8.2,Averías,1
901706,2026-05,EQ-0331,Bomba de proceso,Proceso,Línea 1,C,Desgaste,2.5,Paradas menores,1
901707,2026-05,EQ-0330,Bomba CIP,Proceso,Línea 2,B,Ajuste incorrecto,7.1,Pérdida de velocidad,1
901708,2026-05,EQ-0457,Envasadora L2,Envasado,Línea 2,A,Falta de lubricación,8.6,Pérdida de velocidad,1
901709,2026-05,EQ-0455,Envasadora L1,Envasado,Línea 1,A,Falta de lubricación,3.6,Setup y ajustes,1
901710,2026-05,EQ-0311,Intercambiador P1,Proceso,Línea 1,B,Desalineamiento,2.4,Paradas menores,1
901711,2026-05,EQ-0470,Paletizador,Envasado,Línea 3,B,Fatiga de material,8.1,Arranque,1
901712,2026-05,EQ-0601,Grúa horquilla 4,Bodega,N/A,C,Desalineamiento,5.3,Defectos y reproceso,1
901713,2026-05,EQ-0462,Etiquetadora L2,Envasado,Línea 2,B,Desalineamiento,4.3,Averías,1
901714,2026-05,EQ-0210,Compresor 3,Servicios,N/A,B,Desgaste,6.7,Averías,1
901715,2026-05,EQ-0210,Compresor 3,Servicios,N/A,B,Desgaste,6.2,Averías,1
901716,2026-05,EQ-0457,Envasadora L2,Envasado,Línea 2,A,Falla eléctrica,6.3,Paradas menores,1
901717,2026-05,EQ-0331,Bomba de proceso,Proceso,Línea 1,C,Contaminación,5.6,Averías,1
901718,2026-05,EQ-0457,Envasadora L2,Envasado,Línea 2,A,Desalineamiento,8.6,Averías,1
901719,2026-05,EQ-0201,Caldera 1,Servicios,N/A,A,Fatiga de material,3.6,Averías,1
901720,2026-05,EQ-0461,Etiquetadora L1,Envasado,Línea 1,A,Falla eléctrica,6.9,Paradas menores,1
901721,2026-05,EQ-0455,Envasadora L1,Envasado,Línea 1,A,Falla eléctrica,5.4,Averías,1
901722,2026-05,EQ-0457,Envasadora L2,Envasado,Línea 2,A,Falta de lubricación,11.5,Pérdida de velocidad,1
901723,2026-05,EQ-0211,Chiller 1,Servicios,N/A,A,Falta de lubricación,8.5,Paradas menores,1
901724,2026-05,EQ-0210,Compresor 3,Servicios,N/A,B,Desgaste,8.6,Paradas menores,1
901725,2026-05,EQ-0330,Bomba CIP,Proceso,Línea 2,B,Desalineamiento,6.9,Defectos y reproceso,1
901726,2026-05,EQ-0455,Envasadora L1,Envasado,Línea 1,A,Desgaste,6.7,Setup y ajustes,1
901727,2026-05,EQ-0330,Bomba CIP,Proceso,Línea 2,B,Falta de lubricación,5.8,Defectos y reproceso,1
901728,2026-05,EQ-0601,Grúa horquilla 4,Bodega,N/A,C,Desgaste,5.2,Averías,1
901729,2026-05,EQ-0310,Reactor P1,Proceso,Línea 1,A,Obstrucción,7.1,Averías,1
901730,2026-05,EQ-0470,Paletizador,Envasado,Línea 3,B,Desgaste,7.6,Averías,1
901731,2026-05,EQ-0461,Etiquetadora L1,Envasado,Línea 1,A,Contaminación,8.5,Setup y ajustes,1
901732,2026-05,EQ-0457,Envasadora L2,Envasado,Línea 2,A,Desgaste,8.3,Defectos y reproceso,1
901733,2026-05,EQ-0331,Bomba de proceso,Proceso,Línea 1,C,Contaminación,1.6,Paradas menores,1
901734,2026-05,EQ-0330,Bomba CIP,Proceso,Línea 2,B,Falla eléctrica,7.8,Averías,1
901735,2026-05,EQ-0330,Bomba CIP,Proceso,Línea 2,B,Falla eléctrica,1.3,Setup y ajustes,1
901736,2026-05,EQ-0201,Caldera 1,Servicios,N/A,A,Falta de lubricación,4.5,Pérdida de velocidad,0
901737,2026-05,EQ-0461,Etiquetadora L1,Envasado,Línea 1,A,Desalineamiento,2.1,Averías,0
901738,2026-05,EQ-0201,Caldera 1,Servicios,N/A,A,Desgaste,4.8,Averías,1
901739,2026-05,EQ-0462,Etiquetadora L2,Envasado,Línea 2,B,Desalineamiento,4.1,Setup y ajustes,1
901740,2026-05,EQ-0455,Envasadora L1,Envasado,Línea 1,A,Desgaste,5.2,Averías,1
901741,2026-05,EQ-0310,Reactor P1,Proceso,Línea 1,A,Obstrucción,5.6,Paradas menores,1
901742,2026-05,EQ-0457,Envasadora L2,Envasado,Línea 2,A,Desalineamiento,3.6,Pérdida de velocidad,1
901743,2026-05,EQ-0462,Etiquetadora L2,Envasado,Línea 2,B,Desgaste,5.3,Pérdida de velocidad,1
901744,2026-05,EQ-0330,Bomba CIP,Proceso,Línea 2,B,Falta de lubricación,7.6,Averías,1
901745,2026-05,EQ-0457,Envasadora L2,Envasado,Línea 2,A,Desalineamiento,1.2,Defectos y reproceso,1
901746,2026-05,EQ-0457,Envasadora L2,Envasado,Línea 2,A,Desalineamiento,7.6,Pérdida de velocidad,1
901747,2026-05,EQ-0201,Caldera 1,Servicios,N/A,A,Desgaste,4.2,Setup y ajustes,1
901748,2026-05,EQ-0455,Envasadora L1,Envasado,Línea 1,A,Falta de lubricación,4.0,Averías,1
901749,2026-05,EQ-0457,Envasadora L2,Envasado,Línea 2,A,Falta de lubricación,4.9,Paradas menores,1
901750,2026-05,EQ-0470,Paletizador,Envasado,Línea 3,B,Ajuste incorrecto,5.6,Arranque,1
901751,2026-05,EQ-0457,Envasadora L2,Envasado,Línea 2,A,Obstrucción,8.3,Averías,1
901752,2026-05,EQ-0457,Envasadora L2,Envasado,Línea 2,A,Desgaste,6.6,Paradas menores,1
901753,2026-05,EQ-0320,Mezclador P2,Proceso,Línea 2,B,Contaminación,1.3,Setup y ajustes,1
901754,2026-05,EQ-0211,Chiller 1,Servicios,N/A,A,Fatiga de material,5.2,Pérdida de velocidad,0
901755,2026-05,EQ-0211,Chiller 1,Servicios,N/A,A,Falla eléctrica,6.9,Averías,1
901756,2026-05,EQ-0320,Mezclador P2,Proceso,Línea 2,B,Obstrucción,1.5,Defectos y reproceso,1
901757,2026-05,EQ-0601,Grúa horquilla 4,Bodega,N/A,C,Fatiga de material,5.6,Pérdida de velocidad,1
901758,2026-05,EQ-0457,Envasadora L2,Envasado,Línea 2,A,Desgaste,8.1,Paradas menores,1
901759,2026-05,EQ-0461,Etiquetadora L1,Envasado,Línea 1,A,Desalineamiento,6.8,Setup y ajustes,1
901760,2026-05,EQ-0320,Mezclador P2,Proceso,Línea 2,B,Obstrucción,3.3,Averías,1
901761,2026-05,EQ-0310,Reactor P1,Proceso,Línea 1,A,Falta de lubricación,3.5,Pérdida de velocidad,1
901762,2026-05,EQ-0210,Compresor 3,Servicios,N/A,B,Desgaste,4.5,Averías,1
901763,2026-05,EQ-0455,Envasadora L1,Envasado,Línea 1,A,Desgaste,5.2,Averías,1
901764,2026-05,EQ-0455,Envasadora L1,Envasado,Línea 1,A,Desalineamiento,5.2,Setup y ajustes,1
901765,2026-05,EQ-0330,Bomba CIP,Proceso,Línea 2,B,Desgaste,7.3,Pérdida de velocidad,1
901766,2026-05,EQ-0455,Envasadora L1,Envasado,Línea 1,A,Desgaste,7.8,Averías,1
901767,2026-05,EQ-0201,Caldera 1,Servicios,N/A,A,Desalineamiento,7.2,Averías,1
901768,2026-05,EQ-0457,Envasadora L2,Envasado,Línea 2,A,Obstrucción,10.5,Setup y ajustes,1
901769,2026-05,EQ-0457,Envasadora L2,Envasado,Línea 2,A,Desalineamiento,9.2,Setup y ajustes,1
901770,2026-05,EQ-0210,Compresor 3,Servicios,N/A,B,Desalineamiento,3.5,Paradas menores,1
901771,2026-05,EQ-0211,Chiller 1,Servicios,N/A,A,Desalineamiento,8.1,Pérdida de velocidad,1
901772,2026-05,EQ-0201,Caldera 1,Servicios,N/A,A,Obstrucción,11.1,Arranque,1
901773,2026-05,EQ-0331,Bomba de proceso,Proceso,Línea 1,C,Desgaste,3.4,Arranque,1
901774,2026-05,EQ-0331,Bomba de proceso,Proceso,Línea 1,C,Desalineamiento,6.0,Setup y ajustes,1
901775,2026-05,EQ-0461,Etiquetadora L1,Envasado,Línea 1,A,Ajuste incorrecto,5.1,Averías,1
901776,2026-05,EQ-0320,Mezclador P2,Proceso,Línea 2,B,Desalineamiento,6.4,Averías,1
901777,2026-05,EQ-0331,Bomba de proceso,Proceso,Línea 1,C,Falla eléctrica,2.9,Averías,1
901778,2026-05,EQ-0210,Compresor 3,Servicios,N/A,B,Fatiga de material,7.6,Averías,1
901779,2026-05,EQ-0310,Reactor P1,Proceso,Línea 1,A,Ajuste incorrecto,7.9,Averías,1
901780,2026-05,EQ-0457,Envasadora L2,Envasado,Línea 2,A,Desalineamiento,2.2,Paradas menores,1
901781,2026-05,EQ-0470,Paletizador,Envasado,Línea 3,B,Desgaste,4.7,Defectos y reproceso,1
901782,2026-05,EQ-0201,Caldera 1,Servicios,N/A,A,Fatiga de material,9.7,Defectos y reproceso,1
901783,2026-05,EQ-0311,Intercambiador P1,Proceso,Línea 1,B,Contaminación,5.6,Paradas menores,1
901784,2026-05,EQ-0210,Compresor 3,Servicios,N/A,B,Desgaste,3.4,Averías,1
901785,2026-05,EQ-0201,Caldera 1,Servicios,N/A,A,Falla eléctrica,11.2,Paradas menores,1
901786,2026-05,EQ-0601,Grúa horquilla 4,Bodega,N/A,C,Obstrucción,5.0,Averías,1
901787,2026-05,EQ-0461,Etiquetadora L1,Envasado,Línea 1,A,Desgaste,9.7,Setup y ajustes,1
901788,2026-05,EQ-0461,Etiquetadora L1,Envasado,Línea 1,A,Desgaste,5.6,Paradas menores,1
901789,2026-05,EQ-0201,Caldera 1,Servicios,N/A,A,Desalineamiento,8.6,Setup y ajustes,1
901790,2026-05,EQ-0461,Etiquetadora L1,Envasado,Línea 1,A,Ajuste incorrecto,11.2,Averías,1
901791,2026-05,EQ-0310,Reactor P1,Proceso,Línea 1,A,Desgaste,6.7,Averías,1
901792,2026-05,EQ-0455,Envasadora L1,Envasado,Línea 1,A,Desgaste,4.5,Setup y ajustes,1
901793,2026-05,EQ-0201,Caldera 1,Servicios,N/A,A,Desgaste,7.7,Averías,1
901794,2026-05,EQ-0201,Caldera 1,Servicios,N/A,A,Falla eléctrica,6.6,Paradas menores,1
901795,2026-05,EQ-0457,Envasadora L2,Envasado,Línea 2,A,Desgaste,9.5,Setup y ajustes,1
901796,2026-05,EQ-0320,Mezclador P2,Proceso,Línea 2,B,Falla eléctrica,6.4,Pérdida de velocidad,1
901797,2026-05,EQ-0455,Envasadora L1,Envasado,Línea 1,A,Desgaste,7.3,Paradas menores,1
901798,2026-05,EQ-0201,Caldera 1,Servicios,N/A,A,Desgaste,8.6,Averías,1
901799,2026-05,EQ-0457,Envasadora L2,Envasado,Línea 2,A,Fatiga de material,4.7,Paradas menores,1
901800,2026-05,EQ-0457,Envasadora L2,Envasado,Línea 2,A,Falla eléctrica,2.3,Averías,1
901801,2026-05,EQ-0330,Bomba CIP,Proceso,Línea 2,B,Fatiga de material,8.2,Paradas menores,1
901802,2026-05,EQ-0330,Bomba CIP,Proceso,Línea 2,B,Obstrucción,1.1,Averías,1
901803,2026-05,EQ-0330,Bomba CIP,Proceso,Línea 2,B,Ajuste incorrecto,1.6,Averías,1
901804,2026-05,EQ-0210,Compresor 3,Servicios,N/A,B,Desalineamiento,2.8,Paradas menores,1
901805,2026-06,EQ-0470,Paletizador,Envasado,Línea 3,B,Desalineamiento,3.4,Defectos y reproceso,1
901806,2026-06,EQ-0461,Etiquetadora L1,Envasado,Línea 1,A,Fatiga de material,11.3,Averías,1
901807,2026-06,EQ-0310,Reactor P1,Proceso,Línea 1,A,Contaminación,10.3,Averías,1
901808,2026-06,EQ-0457,Envasadora L2,Envasado,Línea 2,A,Falla eléctrica,9.9,Setup y ajustes,1
901809,2026-06,EQ-0310,Reactor P1,Proceso,Línea 1,A,Falla eléctrica,5.0,Setup y ajustes,1
901810,2026-06,EQ-0210,Compresor 3,Servicios,N/A,B,Falta de lubricación,3.2,Averías,1
901811,2026-06,EQ-0455,Envasadora L1,Envasado,Línea 1,A,Desalineamiento,9.0,Averías,1
901812,2026-06,EQ-0210,Compresor 3,Servicios,N/A,B,Desgaste,3.8,Averías,1
901813,2026-06,EQ-0210,Compresor 3,Servicios,N/A,B,Falta de lubricación,0.9,Paradas menores,0
901814,2026-06,EQ-0210,Compresor 3,Servicios,N/A,B,Obstrucción,3.0,Averías,1
901815,2026-06,EQ-0457,Envasadora L2,Envasado,Línea 2,A,Contaminación,7.7,Averías,1
901816,2026-06,EQ-0201,Caldera 1,Servicios,N/A,A,Falta de lubricación,10.2,Paradas menores,1
901817,2026-06,EQ-0462,Etiquetadora L2,Envasado,Línea 2,B,Desgaste,2.7,Paradas menores,1
901818,2026-06,EQ-0210,Compresor 3,Servicios,N/A,B,Obstrucción,8.4,Setup y ajustes,1
901819,2026-06,EQ-0330,Bomba CIP,Proceso,Línea 2,B,Obstrucción,4.1,Averías,1
901820,2026-06,EQ-0455,Envasadora L1,Envasado,Línea 1,A,Contaminación,7.5,Pérdida de velocidad,1
901821,2026-06,EQ-0320,Mezclador P2,Proceso,Línea 2,B,Desalineamiento,6.5,Averías,1
901822,2026-06,EQ-0471,Transportador L3,Envasado,Línea 3,C,Ajuste incorrecto,4.8,Pérdida de velocidad,1
901823,2026-06,EQ-0211,Chiller 1,Servicios,N/A,A,Falta de lubricación,10.8,Arranque,1
901824,2026-06,EQ-0320,Mezclador P2,Proceso,Línea 2,B,Desalineamiento,7.4,Averías,1
901825,2026-06,EQ-0330,Bomba CIP,Proceso,Línea 2,B,Falla eléctrica,5.6,Averías,1
901826,2026-06,EQ-0202,Caldera 2,Servicios,N/A,B,Fatiga de material,8.0,Averías,1
901827,2026-06,EQ-0457,Envasadora L2,Envasado,Línea 2,A,Desgaste,1.2,Averías,1
901828,2026-06,EQ-0457,Envasadora L2,Envasado,Línea 2,A,Falla eléctrica,5.7,Defectos y reproceso,1
901829,2026-06,EQ-0201,Caldera 1,Servicios,N/A,A,Falta de lubricación,4.0,Averías,1
901830,2026-06,EQ-0471,Transportador L3,Envasado,Línea 3,C,Falla eléctrica,4.5,Defectos y reproceso,1
901831,2026-06,EQ-0211,Chiller 1,Servicios,N/A,A,Desalineamiento,10.7,Averías,1
901832,2026-06,EQ-0210,Compresor 3,Servicios,N/A,B,Falta de lubricación,6.3,Averías,1
901833,2026-06,EQ-0311,Intercambiador P1,Proceso,Línea 1,B,Desalineamiento,5.2,Averías,1
901834,2026-06,EQ-0310,Reactor P1,Proceso,Línea 1,A,Ajuste incorrecto,11.1,Pérdida de velocidad,1
901835,2026-06,EQ-0470,Paletizador,Envasado,Línea 3,B,Desgaste,3.5,Averías,1
901836,2026-06,EQ-0457,Envasadora L2,Envasado,Línea 2,A,Desalineamiento,7.3,Defectos y reproceso,1
901837,2026-06,EQ-0457,Envasadora L2,Envasado,Línea 2,A,Obstrucción,11.3,Averías,1
901838,2026-06,EQ-0601,Grúa horquilla 4,Bodega,N/A,C,Desgaste,1.5,Averías,1
901839,2026-06,EQ-0210,Compresor 3,Servicios,N/A,B,Desalineamiento,3.0,Pérdida de velocidad,1
901840,2026-06,EQ-0462,Etiquetadora L2,Envasado,Línea 2,B,Desalineamiento,7.5,Averías,1
901841,2026-06,EQ-0201,Caldera 1,Servicios,N/A,A,Obstrucción,6.3,Averías,1
901842,2026-06,EQ-0457,Envasadora L2,Envasado,Línea 2,A,Desalineamiento,1.2,Averías,1
901843,2026-06,EQ-0211,Chiller 1,Servicios,N/A,A,Desalineamiento,6.7,Averías,1
901844,2026-06,EQ-0210,Compresor 3,Servicios,N/A,B,Falta de lubricación,1.0,Setup y ajustes,1
901845,2026-06,EQ-0455,Envasadora L1,Envasado,Línea 1,A,Ajuste incorrecto,11.0,Averías,1
901846,2026-06,EQ-0461,Etiquetadora L1,Envasado,Línea 1,A,Obstrucción,5.4,Averías,1
901847,2026-06,EQ-0601,Grúa horquilla 4,Bodega,N/A,C,Contaminación,4.0,Paradas menores,1
901848,2026-06,EQ-0211,Chiller 1,Servicios,N/A,A,Desalineamiento,2.8,Setup y ajustes,1
901849,2026-06,EQ-0457,Envasadora L2,Envasado,Línea 2,A,Falta de lubricación,2.5,Paradas menores,1
901850,2026-06,EQ-0457,Envasadora L2,Envasado,Línea 2,A,Falta de lubricación,3.2,Paradas menores,1
901851,2026-06,EQ-0457,Envasadora L2,Envasado,Línea 2,A,Obstrucción,6.0,Averías,1
901852,2026-06,EQ-0311,Intercambiador P1,Proceso,Línea 1,B,Falla eléctrica,4.8,Setup y ajustes,1
901853,2026-06,EQ-0455,Envasadora L1,Envasado,Línea 1,A,Fatiga de material,10.0,Paradas menores,1
901854,2026-06,EQ-0457,Envasadora L2,Envasado,Línea 2,A,Desalineamiento,7.3,Pérdida de velocidad,0
901855,2026-06,EQ-0210,Compresor 3,Servicios,N/A,B,Desalineamiento,8.5,Averías,1
901856,2026-06,EQ-0330,Bomba CIP,Proceso,Línea 2,B,Desalineamiento,3.8,Averías,1
901857,2026-06,EQ-0310,Reactor P1,Proceso,Línea 1,A,Desgaste,4.0,Pérdida de velocidad,1
901858,2026-06,EQ-0457,Envasadora L2,Envasado,Línea 2,A,Contaminación,3.8,Paradas menores,1
901859,2026-06,EQ-0457,Envasadora L2,Envasado,Línea 2,A,Falla eléctrica,7.7,Paradas menores,1
901860,2026-06,EQ-0457,Envasadora L2,Envasado,Línea 2,A,Desalineamiento,9.9,Setup y ajustes,1
901861,2026-06,EQ-0457,Envasadora L2,Envasado,Línea 2,A,Obstrucción,2.2,Defectos y reproceso,1
901862,2026-06,EQ-0330,Bomba CIP,Proceso,Línea 2,B,Falta de lubricación,8.2,Averías,1
901863,2026-06,EQ-0461,Etiquetadora L1,Envasado,Línea 1,A,Desalineamiento,11.0,Averías,1
901864,2026-06,EQ-0471,Transportador L3,Envasado,Línea 3,C,Falta de lubricación,2.3,Paradas menores,1
901865,2026-06,EQ-0462,Etiquetadora L2,Envasado,Línea 2,B,Ajuste incorrecto,3.4,Averías,1
901866,2026-06,EQ-0455,Envasadora L1,Envasado,Línea 1,A,Ajuste incorrecto,3.8,Averías,1
901867,2026-06,EQ-0201,Caldera 1,Servicios,N/A,A,Desalineamiento,3.6,Averías,1
901868,2026-06,EQ-0311,Intercambiador P1,Proceso,Línea 1,B,Ajuste incorrecto,1.3,Pérdida de velocidad,1
901869,2026-06,EQ-0210,Compresor 3,Servicios,N/A,B,Ajuste incorrecto,4.2,Averías,1
901870,2026-06,EQ-0471,Transportador L3,Envasado,Línea 3,C,Falla eléctrica,1.9,Averías,1
901871,2026-06,EQ-0457,Envasadora L2,Envasado,Línea 2,A,Falla eléctrica,8.4,Averías,1
901872,2026-06,EQ-0457,Envasadora L2,Envasado,Línea 2,A,Desalineamiento,3.3,Paradas menores,1
901873,2026-06,EQ-0201,Caldera 1,Servicios,N/A,A,Obstrucción,10.0,Setup y ajustes,1
901874,2026-06,EQ-0457,Envasadora L2,Envasado,Línea 2,A,Desgaste,3.9,Setup y ajustes,1
901875,2026-06,EQ-0201,Caldera 1,Servicios,N/A,A,Desgaste,5.0,Averías,1
901876,2026-06,EQ-0201,Caldera 1,Servicios,N/A,A,Desalineamiento,10.3,Averías,1
901877,2026-06,EQ-0331,Bomba de proceso,Proceso,Línea 1,C,Falta de lubricación,3.0,Setup y ajustes,1
901878,2026-06,EQ-0331,Bomba de proceso,Proceso,Línea 1,C,Falta de lubricación,0.8,Paradas menores,1
901879,2026-06,EQ-0455,Envasadora L1,Envasado,Línea 1,A,Falta de lubricación,11.1,Setup y ajustes,1
901880,2026-06,EQ-0210,Compresor 3,Servicios,N/A,B,Desgaste,3.4,Setup y ajustes,1
901881,2026-06,EQ-0311,Intercambiador P1,Proceso,Línea 1,B,Desgaste,6.5,Averías,1
901882,2026-06,EQ-0462,Etiquetadora L2,Envasado,Línea 2,B,Falta de lubricación,1.7,Averías,0
901883,2026-06,EQ-0471,Transportador L3,Envasado,Línea 3,C,Obstrucción,1.9,Averías,1
901884,2026-06,EQ-0210,Compresor 3,Servicios,N/A,B,Fatiga de material,7.8,Pérdida de velocidad,1
901885,2026-06,EQ-0311,Intercambiador P1,Proceso,Línea 1,B,Falla eléctrica,1.6,Defectos y reproceso,1
901886,2026-06,EQ-0310,Reactor P1,Proceso,Línea 1,A,Desalineamiento,10.2,Setup y ajustes,1
901887,2026-06,EQ-0461,Etiquetadora L1,Envasado,Línea 1,A,Ajuste incorrecto,11.2,Setup y ajustes,1
901888,2026-06,EQ-0457,Envasadora L2,Envasado,Línea 2,A,Desgaste,7.3,Averías,1
901889,2026-06,EQ-0470,Paletizador,Envasado,Línea 3,B,Desalineamiento,1.6,Averías,1
901890,2026-06,EQ-0457,Envasadora L2,Envasado,Línea 2,A,Desgaste,7.5,Averías,1
901891,2026-06,EQ-0320,Mezclador P2,Proceso,Línea 2,B,Desgaste,2.2,Paradas menores,1
901892,2026-06,EQ-0470,Paletizador,Envasado,Línea 3,B,Ajuste incorrecto,7.9,Averías,1
901893,2026-06,EQ-0470,Paletizador,Envasado,Línea 3,B,Desgaste,8.3,Averías,1
901894,2026-06,EQ-0455,Envasadora L1,Envasado,Línea 1,A,Contaminación,4.8,Paradas menores,1
901895,2026-06,EQ-0455,Envasadora L1,Envasado,Línea 1,A,Contaminación,10.9,Setup y ajustes,1
901896,2026-06,EQ-0601,Grúa horquilla 4,Bodega,N/A,C,Falla eléctrica,1.1,Arranque,1
901897,2026-06,EQ-0462,Etiquetadora L2,Envasado,Línea 2,B,Falta de lubricación,6.4,Averías,1
901898,2026-06,EQ-0210,Compresor 3,Servicios,N/A,B,Desalineamiento,6.3,Paradas menores,1
901899,2026-06,EQ-0330,Bomba CIP,Proceso,Línea 2,B,Falta de lubricación,7.2,Paradas menores,1
901900,2026-06,EQ-0310,Reactor P1,Proceso,Línea 1,A,Ajuste incorrecto,7.2,Paradas menores,1
901901,2026-06,EQ-0601,Grúa horquilla 4,Bodega,N/A,C,Desgaste,5.3,Averías,1
901902,2026-06,EQ-0457,Envasadora L2,Envasado,Línea 2,A,Obstrucción,5.1,Setup y ajustes,1
901903,2026-06,EQ-0601,Grúa horquilla 4,Bodega,N/A,C,Ajuste incorrecto,5.6,Averías,1
901904,2026-06,EQ-0470,Paletizador,Envasado,Línea 3,B,Obstrucción,7.2,Setup y ajustes,1
901905,2026-06,EQ-0457,Envasadora L2,Envasado,Línea 2,A,Desalineamiento,2.1,Paradas menores,1
901906,2026-06,EQ-0462,Etiquetadora L2,Envasado,Línea 2,B,Fatiga de material,2.4,Averías,1
901907,2026-06,EQ-0331,Bomba de proceso,Proceso,Línea 1,C,Fatiga de material,4.8,Paradas menores,1
901908,2026-06,EQ-0210,Compresor 3,Servicios,N/A,B,Desalineamiento,3.3,Averías,1
901909,2026-06,EQ-0455,Envasadora L1,Envasado,Línea 1,A,Fatiga de material,1.9,Pérdida de velocidad,1
901910,2026-06,EQ-0457,Envasadora L2,Envasado,Línea 2,A,Desalineamiento,7.5,Arranque,1
901911,2026-06,EQ-0201,Caldera 1,Servicios,N/A,A,Desgaste,2.1,Pérdida de velocidad,1
901912,2026-06,EQ-0457,Envasadora L2,Envasado,Línea 2,A,Falla eléctrica,2.7,Pérdida de velocidad,1
901913,2026-06,EQ-0330,Bomba CIP,Proceso,Línea 2,B,Falla eléctrica,3.5,Paradas menores,1
901914,2026-06,EQ-0471,Transportador L3,Envasado,Línea 3,C,Fatiga de material,2.4,Pérdida de velocidad,1
901915,2026-06,EQ-0455,Envasadora L1,Envasado,Línea 1,A,Ajuste incorrecto,9.1,Setup y ajustes,1
901916,2026-06,EQ-0210,Compresor 3,Servicios,N/A,B,Obstrucción,8.4,Averías,0
901917,2026-06,EQ-0320,Mezclador P2,Proceso,Línea 2,B,Falta de lubricación,2.1,Defectos y reproceso,1
901918,2026-06,EQ-0211,Chiller 1,Servicios,N/A,A,Obstrucción,5.0,Setup y ajustes,1
901919,2026-06,EQ-0462,Etiquetadora L2,Envasado,Línea 2,B,Obstrucción,7.8,Averías,1
901920,2026-06,EQ-0462,Etiquetadora L2,Envasado,Línea 2,B,Fatiga de material,2.5,Averías,1
901921,2026-07,EQ-0320,Mezclador P2,Proceso,Línea 2,B,Falta de lubricación,6.4,Averías,1
901922,2026-07,EQ-0311,Intercambiador P1,Proceso,Línea 1,B,Desgaste,8.2,Pérdida de velocidad,1
901923,2026-07,EQ-0457,Envasadora L2,Envasado,Línea 2,A,Desalineamiento,1.6,Pérdida de velocidad,1
901924,2026-07,EQ-0201,Caldera 1,Servicios,N/A,A,Falta de lubricación,10.2,Arranque,1
901925,2026-07,EQ-0471,Transportador L3,Envasado,Línea 3,C,Desalineamiento,5.6,Averías,1
901926,2026-07,EQ-0471,Transportador L3,Envasado,Línea 3,C,Desalineamiento,2.8,Setup y ajustes,1
901927,2026-07,EQ-0457,Envasadora L2,Envasado,Línea 2,A,Desalineamiento,7.8,Paradas menores,1
901928,2026-07,EQ-0330,Bomba CIP,Proceso,Línea 2,B,Desgaste,2.7,Averías,1
901929,2026-07,EQ-0457,Envasadora L2,Envasado,Línea 2,A,Desgaste,6.0,Setup y ajustes,1
901930,2026-07,EQ-0201,Caldera 1,Servicios,N/A,A,Desgaste,9.0,Arranque,1
901931,2026-07,EQ-0601,Grúa horquilla 4,Bodega,N/A,C,Falla eléctrica,1.6,Averías,1
901932,2026-07,EQ-0331,Bomba de proceso,Proceso,Línea 1,C,Obstrucción,4.0,Averías,1
901933,2026-07,EQ-0331,Bomba de proceso,Proceso,Línea 1,C,Contaminación,2.6,Setup y ajustes,1
901934,2026-07,EQ-0330,Bomba CIP,Proceso,Línea 2,B,Obstrucción,2.6,Pérdida de velocidad,1
901935,2026-07,EQ-0462,Etiquetadora L2,Envasado,Línea 2,B,Fatiga de material,0.7,Defectos y reproceso,1
901936,2026-07,EQ-0331,Bomba de proceso,Proceso,Línea 1,C,Falta de lubricación,2.3,Averías,1
901937,2026-07,EQ-0211,Chiller 1,Servicios,N/A,A,Contaminación,2.3,Averías,1
901938,2026-07,EQ-0330,Bomba CIP,Proceso,Línea 2,B,Falla eléctrica,5.1,Paradas menores,1
901939,2026-07,EQ-0455,Envasadora L1,Envasado,Línea 1,A,Desgaste,1.2,Paradas menores,1
901940,2026-07,EQ-0210,Compresor 3,Servicios,N/A,B,Falta de lubricación,7.5,Averías,1
901941,2026-07,EQ-0330,Bomba CIP,Proceso,Línea 2,B,Falta de lubricación,8.1,Paradas menores,1
901942,2026-07,EQ-0310,Reactor P1,Proceso,Línea 1,A,Desalineamiento,6.7,Averías,1
901943,2026-07,EQ-0471,Transportador L3,Envasado,Línea 3,C,Contaminación,1.9,Averías,1
901944,2026-07,EQ-0310,Reactor P1,Proceso,Línea 1,A,Desalineamiento,2.1,Setup y ajustes,1
901945,2026-07,EQ-0457,Envasadora L2,Envasado,Línea 2,A,Obstrucción,4.0,Paradas menores,1
901946,2026-07,EQ-0310,Reactor P1,Proceso,Línea 1,A,Falla eléctrica,4.0,Paradas menores,1
901947,2026-07,EQ-0457,Envasadora L2,Envasado,Línea 2,A,Desgaste,10.2,Averías,1
901948,2026-07,EQ-0310,Reactor P1,Proceso,Línea 1,A,Desalineamiento,3.1,Pérdida de velocidad,1
901949,2026-07,EQ-0455,Envasadora L1,Envasado,Línea 1,A,Desgaste,1.1,Paradas menores,1
901950,2026-07,EQ-0457,Envasadora L2,Envasado,Línea 2,A,Desgaste,4.4,Paradas menores,1
901951,2026-07,EQ-0462,Etiquetadora L2,Envasado,Línea 2,B,Falla eléctrica,4.1,Setup y ajustes,1
901952,2026-07,EQ-0470,Paletizador,Envasado,Línea 3,B,Falta de lubricación,2.6,Pérdida de velocidad,1
901953,2026-07,EQ-0461,Etiquetadora L1,Envasado,Línea 1,A,Desgaste,2.1,Pérdida de velocidad,1
901954,2026-07,EQ-0201,Caldera 1,Servicios,N/A,A,Obstrucción,4.6,Averías,1
901955,2026-07,EQ-0601,Grúa horquilla 4,Bodega,N/A,C,Desgaste,3.1,Setup y ajustes,1
901956,2026-07,EQ-0210,Compresor 3,Servicios,N/A,B,Desgaste,1.6,Averías,1
901957,2026-07,EQ-0457,Envasadora L2,Envasado,Línea 2,A,Falta de lubricación,3.8,Paradas menores,1
901958,2026-07,EQ-0320,Mezclador P2,Proceso,Línea 2,B,Obstrucción,7.9,Setup y ajustes,1
901959,2026-07,EQ-0211,Chiller 1,Servicios,N/A,A,Ajuste incorrecto,9.0,Paradas menores,1
901960,2026-07,EQ-0455,Envasadora L1,Envasado,Línea 1,A,Fatiga de material,8.5,Pérdida de velocidad,1
901961,2026-07,EQ-0457,Envasadora L2,Envasado,Línea 2,A,Falla eléctrica,1.4,Pérdida de velocidad,1
901962,2026-07,EQ-0330,Bomba CIP,Proceso,Línea 2,B,Desalineamiento,5.0,Paradas menores,1
901963,2026-07,EQ-0470,Paletizador,Envasado,Línea 3,B,Desgaste,1.8,Averías,1
901964,2026-07,EQ-0461,Etiquetadora L1,Envasado,Línea 1,A,Ajuste incorrecto,5.3,Pérdida de velocidad,1
901965,2026-07,EQ-0202,Caldera 2,Servicios,N/A,B,Obstrucción,3.6,Averías,1
901966,2026-07,EQ-0311,Intercambiador P1,Proceso,Línea 1,B,Ajuste incorrecto,1.7,Averías,1
901967,2026-07,EQ-0462,Etiquetadora L2,Envasado,Línea 2,B,Desalineamiento,3.0,Paradas menores,1
901968,2026-07,EQ-0210,Compresor 3,Servicios,N/A,B,Falta de lubricación,5.1,Averías,1
901969,2026-07,EQ-0211,Chiller 1,Servicios,N/A,A,Falta de lubricación,5.1,Averías,1
901970,2026-07,EQ-0470,Paletizador,Envasado,Línea 3,B,Falla eléctrica,7.9,Pérdida de velocidad,1
901971,2026-07,EQ-0455,Envasadora L1,Envasado,Línea 1,A,Desalineamiento,9.6,Defectos y reproceso,1
901972,2026-07,EQ-0311,Intercambiador P1,Proceso,Línea 1,B,Contaminación,6.9,Averías,1
901973,2026-07,EQ-0461,Etiquetadora L1,Envasado,Línea 1,A,Obstrucción,5.6,Paradas menores,1
901974,2026-07,EQ-0311,Intercambiador P1,Proceso,Línea 1,B,Desalineamiento,8.1,Setup y ajustes,1
901975,2026-07,EQ-0210,Compresor 3,Servicios,N/A,B,Desalineamiento,1.1,Setup y ajustes,1
901976,2026-07,EQ-0461,Etiquetadora L1,Envasado,Línea 1,A,Desalineamiento,3.3,Setup y ajustes,1
901977,2026-07,EQ-0457,Envasadora L2,Envasado,Línea 2,A,Falta de lubricación,5.7,Averías,1
901978,2026-07,EQ-0210,Compresor 3,Servicios,N/A,B,Desalineamiento,5.5,Averías,1
901979,2026-07,EQ-0461,Etiquetadora L1,Envasado,Línea 1,A,Fatiga de material,5.2,Averías,1
901980,2026-07,EQ-0457,Envasadora L2,Envasado,Línea 2,A,Desgaste,11.0,Paradas menores,1
901981,2026-07,EQ-0461,Etiquetadora L1,Envasado,Línea 1,A,Desalineamiento,1.4,Averías,1
901982,2026-07,EQ-0457,Envasadora L2,Envasado,Línea 2,A,Fatiga de material,2.1,Defectos y reproceso,1
901983,2026-07,EQ-0457,Envasadora L2,Envasado,Línea 2,A,Desalineamiento,6.0,Averías,1
901984,2026-07,EQ-0471,Transportador L3,Envasado,Línea 3,C,Falta de lubricación,4.9,Paradas menores,1
901985,2026-07,EQ-0331,Bomba de proceso,Proceso,Línea 1,C,Fatiga de material,1.8,Paradas menores,1
901986,2026-07,EQ-0457,Envasadora L2,Envasado,Línea 2,A,Desgaste,11.1,Paradas menores,1
901987,2026-07,EQ-0457,Envasadora L2,Envasado,Línea 2,A,Ajuste incorrecto,4.5,Paradas menores,1
901988,2026-07,EQ-0461,Etiquetadora L1,Envasado,Línea 1,A,Desalineamiento,6.5,Arranque,1
901989,2026-07,EQ-0471,Transportador L3,Envasado,Línea 3,C,Obstrucción,2.8,Pérdida de velocidad,1
901990,2026-07,EQ-0320,Mezclador P2,Proceso,Línea 2,B,Contaminación,0.7,Averías,1
901991,2026-07,EQ-0455,Envasadora L1,Envasado,Línea 1,A,Falta de lubricación,10.8,Arranque,1
901992,2026-07,EQ-0310,Reactor P1,Proceso,Línea 1,A,Desalineamiento,3.0,Averías,1
901993,2026-07,EQ-0462,Etiquetadora L2,Envasado,Línea 2,B,Obstrucción,5.5,Paradas menores,1
901994,2026-07,EQ-0201,Caldera 1,Servicios,N/A,A,Desalineamiento,8.5,Setup y ajustes,1
901995,2026-07,EQ-0455,Envasadora L1,Envasado,Línea 1,A,Falta de lubricación,4.0,Averías,0
901996,2026-07,EQ-0461,Etiquetadora L1,Envasado,Línea 1,A,Desalineamiento,8.2,Averías,1
901997,2026-07,EQ-0462,Etiquetadora L2,Envasado,Línea 2,B,Desalineamiento,8.1,Defectos y reproceso,1
901998,2026-07,EQ-0320,Mezclador P2,Proceso,Línea 2,B,Desgaste,5.3,Defectos y reproceso,1
901999,2026-07,EQ-0461,Etiquetadora L1,Envasado,Línea 1,A,Falta de lubricación,7.4,Averías,1
902000,2026-07,EQ-0330,Bomba CIP,Proceso,Línea 2,B,Desgaste,3.3,Paradas menores,1
902001,2026-07,EQ-0601,Grúa horquilla 4,Bodega,N/A,C,Desgaste,4.3,Averías,1
902002,2026-07,EQ-0461,Etiquetadora L1,Envasado,Línea 1,A,Ajuste incorrecto,5.1,Setup y ajustes,1
902003,2026-07,EQ-0310,Reactor P1,Proceso,Línea 1,A,Falla eléctrica,5.7,Averías,1
902004,2026-07,EQ-0211,Chiller 1,Servicios,N/A,A,Obstrucción,3.6,Pérdida de velocidad,1
902005,2026-07,EQ-0601,Grúa horquilla 4,Bodega,N/A,C,Ajuste incorrecto,3.7,Averías,1
902006,2026-07,EQ-0462,Etiquetadora L2,Envasado,Línea 2,B,Fatiga de material,5.1,Paradas menores,1
902007,2026-07,EQ-0310,Reactor P1,Proceso,Línea 1,A,Falla eléctrica,2.4,Averías,1
902008,2026-07,EQ-0210,Compresor 3,Servicios,N/A,B,Fatiga de material,1.0,Setup y ajustes,1
902009,2026-07,EQ-0211,Chiller 1,Servicios,N/A,A,Contaminación,8.2,Arranque,1
902010,2026-07,EQ-0311,Intercambiador P1,Proceso,Línea 1,B,Falta de lubricación,4.7,Averías,1
902011,2026-07,EQ-0457,Envasadora L2,Envasado,Línea 2,A,Desalineamiento,8.8,Pérdida de velocidad,1
902012,2026-07,EQ-0470,Paletizador,Envasado,Línea 3,B,Desgaste,8.3,Paradas menores,1
902013,2026-07,EQ-0457,Envasadora L2,Envasado,Línea 2,A,Falla eléctrica,4.0,Averías,1
902014,2026-07,EQ-0310,Reactor P1,Proceso,Línea 1,A,Ajuste incorrecto,5.6,Paradas menores,1
902015,2026-07,EQ-0331,Bomba de proceso,Proceso,Línea 1,C,Fatiga de material,2.9,Arranque,1
902016,2026-07,EQ-0211,Chiller 1,Servicios,N/A,A,Desgaste,9.8,Setup y ajustes,1
902017,2026-07,EQ-0457,Envasadora L2,Envasado,Línea 2,A,Desgaste,5.2,Averías,1
902018,2026-07,EQ-0311,Intercambiador P1,Proceso,Línea 1,B,Obstrucción,5.8,Paradas menores,1
902019,2026-07,EQ-0320,Mezclador P2,Proceso,Línea 2,B,Desgaste,5.5,Averías,1
902020,2026-07,EQ-0457,Envasadora L2,Envasado,Línea 2,A,Obstrucción,10.0,Setup y ajustes,1
902021,2026-07,EQ-0461,Etiquetadora L1,Envasado,Línea 1,A,Contaminación,6.5,Pérdida de velocidad,0
902022,2026-07,EQ-0462,Etiquetadora L2,Envasado,Línea 2,B,Fatiga de material,2.9,Averías,1
902023,2026-07,EQ-0210,Compresor 3,Servicios,N/A,B,Ajuste incorrecto,4.8,Averías,1
902024,2026-07,EQ-0457,Envasadora L2,Envasado,Línea 2,A,Falta de lubricación,10.0,Paradas menores,1
902025,2026-07,EQ-0201,Caldera 1,Servicios,N/A,A,Desalineamiento,9.2,Defectos y reproceso,1
902026,2026-07,EQ-0331,Bomba de proceso,Proceso,Línea 1,C,Falla eléctrica,4.4,Averías,1
902027,2026-07,EQ-0462,Etiquetadora L2,Envasado,Línea 2,B,Falla eléctrica,6.8,Averías,1
902028,2026-07,EQ-0601,Grúa horquilla 4,Bodega,N/A,C,Desgaste,2.5,Averías,1
902029,2026-07,EQ-0330,Bomba CIP,Proceso,Línea 2,B,Desalineamiento,8.0,Paradas menores,1
902030,2026-07,EQ-0461,Etiquetadora L1,Envasado,Línea 1,A,Fatiga de material,3.7,Paradas menores,1
902031,2026-07,EQ-0202,Caldera 2,Servicios,N/A,B,Ajuste incorrecto,7.2,Pérdida de velocidad,1
902032,2026-07,EQ-0202,Caldera 2,Servicios,N/A,B,Desgaste,7.8,Averías,1
902033,2026-07,EQ-0457,Envasadora L2,Envasado,Línea 2,A,Falla eléctrica,11.3,Averías,1
902034,2026-07,EQ-0201,Caldera 1,Servicios,N/A,A,Ajuste incorrecto,7.6,Setup y ajustes,1
902035,2026-07,EQ-0330,Bomba CIP,Proceso,Línea 2,B,Contaminación,5.2,Arranque,1
902036,2026-07,EQ-0310,Reactor P1,Proceso,Línea 1,A,Falta de lubricación,3.0,Paradas menores,1
902037,2026-07,EQ-0461,Etiquetadora L1,Envasado,Línea 1,A,Fatiga de material,2.7,Setup y ajustes,1
902038,2026-07,EQ-0210,Compresor 3,Servicios,N/A,B,Desalineamiento,2.8,Averías,1
902039,2026-07,EQ-0461,Etiquetadora L1,Envasado,Línea 1,A,Desgaste,1.2,Setup y ajustes,1
902040,2026-07,EQ-0462,Etiquetadora L2,Envasado,Línea 2,B,Desgaste,0.8,Averías,1
902041,2026-07,EQ-0470,Paletizador,Envasado,Línea 3,B,Desalineamiento,7.4,Averías,1
902042,2026-07,EQ-0211,Chiller 1,Servicios,N/A,A,Obstrucción,10.4,Setup y ajustes,1
902043,2026-07,EQ-0461,Etiquetadora L1,Envasado,Línea 1,A,Falla eléctrica,1.6,Defectos y reproceso,1
902044,2026-07,EQ-0201,Caldera 1,Servicios,N/A,A,Fatiga de material,2.3,Averías,1
902045,2026-07,EQ-0201,Caldera 1,Servicios,N/A,A,Desalineamiento,3.0,Pérdida de velocidad,1
902046,2026-07,EQ-0201,Caldera 1,Servicios,N/A,A,Falta de lubricación,9.7,Arranque,0
902047,2026-08,EQ-0470,Paletizador,Envasado,Línea 3,B,Ajuste incorrecto,6.3,Averías,1
902048,2026-08,EQ-0471,Transportador L3,Envasado,Línea 3,C,Desgaste,0.7,Pérdida de velocidad,1
902049,2026-08,EQ-0471,Transportador L3,Envasado,Línea 3,C,Desalineamiento,2.2,Averías,1
902050,2026-08,EQ-0330,Bomba CIP,Proceso,Línea 2,B,Falta de lubricación,7.0,Defectos y reproceso,1
902051,2026-08,EQ-0457,Envasadora L2,Envasado,Línea 2,A,Desgaste,3.1,Averías,1
902052,2026-08,EQ-0320,Mezclador P2,Proceso,Línea 2,B,Ajuste incorrecto,2.3,Pérdida de velocidad,1
902053,2026-08,EQ-0201,Caldera 1,Servicios,N/A,A,Desalineamiento,9.8,Defectos y reproceso,1
902054,2026-08,EQ-0210,Compresor 3,Servicios,N/A,B,Desgaste,6.9,Averías,1
902055,2026-08,EQ-0457,Envasadora L2,Envasado,Línea 2,A,Desgaste,9.9,Averías,1
902056,2026-08,EQ-0601,Grúa horquilla 4,Bodega,N/A,C,Desgaste,2.1,Averías,1
902057,2026-08,EQ-0461,Etiquetadora L1,Envasado,Línea 1,A,Fatiga de material,5.1,Averías,1
902058,2026-08,EQ-0201,Caldera 1,Servicios,N/A,A,Contaminación,5.1,Defectos y reproceso,1
902059,2026-08,EQ-0211,Chiller 1,Servicios,N/A,A,Ajuste incorrecto,7.6,Arranque,1
902060,2026-08,EQ-0311,Intercambiador P1,Proceso,Línea 1,B,Falla eléctrica,6.6,Defectos y reproceso,1
902061,2026-08,EQ-0455,Envasadora L1,Envasado,Línea 1,A,Falta de lubricación,9.9,Averías,1
902062,2026-08,EQ-0330,Bomba CIP,Proceso,Línea 2,B,Desalineamiento,1.7,Averías,1
902063,2026-08,EQ-0210,Compresor 3,Servicios,N/A,B,Desalineamiento,5.4,Setup y ajustes,1
902064,2026-08,EQ-0211,Chiller 1,Servicios,N/A,A,Falla eléctrica,9.4,Averías,1
902065,2026-08,EQ-0457,Envasadora L2,Envasado,Línea 2,A,Desalineamiento,5.7,Averías,1
902066,2026-08,EQ-0457,Envasadora L2,Envasado,Línea 2,A,Contaminación,2.9,Arranque,1
902067,2026-08,EQ-0201,Caldera 1,Servicios,N/A,A,Obstrucción,2.0,Arranque,1
902068,2026-08,EQ-0457,Envasadora L2,Envasado,Línea 2,A,Ajuste incorrecto,1.4,Averías,1
902069,2026-08,EQ-0320,Mezclador P2,Proceso,Línea 2,B,Falla eléctrica,7.6,Pérdida de velocidad,1
902070,2026-08,EQ-0457,Envasadora L2,Envasado,Línea 2,A,Falta de lubricación,3.3,Averías,1
902071,2026-08,EQ-0457,Envasadora L2,Envasado,Línea 2,A,Desalineamiento,3.2,Averías,1
902072,2026-08,EQ-0457,Envasadora L2,Envasado,Línea 2,A,Falla eléctrica,9.5,Averías,1
902073,2026-08,EQ-0470,Paletizador,Envasado,Línea 3,B,Obstrucción,1.3,Averías,1
902074,2026-08,EQ-0310,Reactor P1,Proceso,Línea 1,A,Desalineamiento,6.4,Paradas menores,1
902075,2026-08,EQ-0330,Bomba CIP,Proceso,Línea 2,B,Obstrucción,6.5,Paradas menores,1
902076,2026-08,EQ-0210,Compresor 3,Servicios,N/A,B,Falta de lubricación,1.1,Setup y ajustes,1
902077,2026-08,EQ-0461,Etiquetadora L1,Envasado,Línea 1,A,Obstrucción,9.3,Averías,1
902078,2026-08,EQ-0455,Envasadora L1,Envasado,Línea 1,A,Fatiga de material,8.5,Defectos y reproceso,1
902079,2026-08,EQ-0471,Transportador L3,Envasado,Línea 3,C,Falta de lubricación,3.6,Paradas menores,1
902080,2026-08,EQ-0457,Envasadora L2,Envasado,Línea 2,A,Fatiga de material,7.3,Averías,1
902081,2026-08,EQ-0455,Envasadora L1,Envasado,Línea 1,A,Falta de lubricación,4.4,Pérdida de velocidad,1
902082,2026-08,EQ-0457,Envasadora L2,Envasado,Línea 2,A,Falta de lubricación,11.0,Paradas menores,1
902083,2026-08,EQ-0601,Grúa horquilla 4,Bodega,N/A,C,Desgaste,4.1,Averías,1
902084,2026-08,EQ-0455,Envasadora L1,Envasado,Línea 1,A,Fatiga de material,2.8,Paradas menores,1
902085,2026-08,EQ-0455,Envasadora L1,Envasado,Línea 1,A,Ajuste incorrecto,1.0,Averías,1
902086,2026-08,EQ-0202,Caldera 2,Servicios,N/A,B,Obstrucción,0.8,Paradas menores,1
902087,2026-08,EQ-0331,Bomba de proceso,Proceso,Línea 1,C,Obstrucción,2.1,Averías,1
902088,2026-08,EQ-0331,Bomba de proceso,Proceso,Línea 1,C,Obstrucción,2.9,Averías,1
902089,2026-08,EQ-0320,Mezclador P2,Proceso,Línea 2,B,Obstrucción,3.1,Setup y ajustes,1
902090,2026-08,EQ-0211,Chiller 1,Servicios,N/A,A,Contaminación,1.8,Averías,1
902091,2026-08,EQ-0210,Compresor 3,Servicios,N/A,B,Desgaste,7.2,Arranque,1
902092,2026-08,EQ-0457,Envasadora L2,Envasado,Línea 2,A,Fatiga de material,6.6,Averías,1
902093,2026-08,EQ-0310,Reactor P1,Proceso,Línea 1,A,Desgaste,8.3,Setup y ajustes,1
902094,2026-08,EQ-0211,Chiller 1,Servicios,N/A,A,Desgaste,10.1,Paradas menores,1
902095,2026-08,EQ-0210,Compresor 3,Servicios,N/A,B,Falla eléctrica,5.7,Paradas menores,1
902096,2026-08,EQ-0310,Reactor P1,Proceso,Línea 1,A,Desgaste,8.5,Arranque,1
902097,2026-08,EQ-0310,Reactor P1,Proceso,Línea 1,A,Falta de lubricación,6.6,Averías,1
902098,2026-08,EQ-0470,Paletizador,Envasado,Línea 3,B,Desalineamiento,7.5,Defectos y reproceso,1
902099,2026-08,EQ-0331,Bomba de proceso,Proceso,Línea 1,C,Contaminación,4.6,Averías,1
902100,2026-08,EQ-0331,Bomba de proceso,Proceso,Línea 1,C,Fatiga de material,1.9,Averías,1
902101,2026-08,EQ-0330,Bomba CIP,Proceso,Línea 2,B,Obstrucción,2.2,Setup y ajustes,1
902102,2026-08,EQ-0211,Chiller 1,Servicios,N/A,A,Desgaste,6.5,Setup y ajustes,1
902103,2026-08,EQ-0210,Compresor 3,Servicios,N/A,B,Desalineamiento,6.3,Paradas menores,1
902104,2026-08,EQ-0462,Etiquetadora L2,Envasado,Línea 2,B,Fatiga de material,6.9,Paradas menores,1
902105,2026-08,EQ-0310,Reactor P1,Proceso,Línea 1,A,Falta de lubricación,6.4,Averías,1
902106,2026-08,EQ-0457,Envasadora L2,Envasado,Línea 2,A,Falla eléctrica,2.6,Averías,1
902107,2026-08,EQ-0455,Envasadora L1,Envasado,Línea 1,A,Desgaste,8.5,Paradas menores,1
902108,2026-08,EQ-0471,Transportador L3,Envasado,Línea 3,C,Desgaste,4.8,Averías,1
902109,2026-08,EQ-0457,Envasadora L2,Envasado,Línea 2,A,Falla eléctrica,2.9,Averías,1
902110,2026-08,EQ-0201,Caldera 1,Servicios,N/A,A,Fatiga de material,6.3,Averías,1
902111,2026-08,EQ-0462,Etiquetadora L2,Envasado,Línea 2,B,Falla eléctrica,2.0,Averías,1
902112,2026-08,EQ-0455,Envasadora L1,Envasado,Línea 1,A,Desalineamiento,2.3,Averías,1
902113,2026-08,EQ-0310,Reactor P1,Proceso,Línea 1,A,Desalineamiento,10.5,Paradas menores,0
902114,2026-08,EQ-0211,Chiller 1,Servicios,N/A,A,Ajuste incorrecto,7.4,Averías,1
902115,2026-08,EQ-0310,Reactor P1,Proceso,Línea 1,A,Desgaste,5.1,Pérdida de velocidad,1
902116,2026-08,EQ-0461,Etiquetadora L1,Envasado,Línea 1,A,Ajuste incorrecto,5.1,Averías,1
902117,2026-08,EQ-0462,Etiquetadora L2,Envasado,Línea 2,B,Fatiga de material,1.5,Averías,1
902118,2026-08,EQ-0461,Etiquetadora L1,Envasado,Línea 1,A,Desalineamiento,2.6,Averías,1
902119,2026-08,EQ-0457,Envasadora L2,Envasado,Línea 2,A,Ajuste incorrecto,1.9,Paradas menores,1
902120,2026-08,EQ-0455,Envasadora L1,Envasado,Línea 1,A,Falla eléctrica,3.9,Averías,1
902121,2026-08,EQ-0462,Etiquetadora L2,Envasado,Línea 2,B,Ajuste incorrecto,3.3,Averías,1
902122,2026-08,EQ-0471,Transportador L3,Envasado,Línea 3,C,Desgaste,0.9,Defectos y reproceso,1
902123,2026-08,EQ-0470,Paletizador,Envasado,Línea 3,B,Falla eléctrica,0.9,Defectos y reproceso,1
902124,2026-08,EQ-0201,Caldera 1,Servicios,N/A,A,Falla eléctrica,8.7,Paradas menores,1
902125,2026-08,EQ-0210,Compresor 3,Servicios,N/A,B,Falta de lubricación,7.1,Pérdida de velocidad,1
902126,2026-08,EQ-0310,Reactor P1,Proceso,Línea 1,A,Desgaste,9.3,Paradas menores,1
902127,2026-08,EQ-0210,Compresor 3,Servicios,N/A,B,Desalineamiento,0.9,Defectos y reproceso,1
902128,2026-08,EQ-0202,Caldera 2,Servicios,N/A,B,Falta de lubricación,4.3,Averías,1
902129,2026-08,EQ-0331,Bomba de proceso,Proceso,Línea 1,C,Desgaste,0.7,Averías,1
902130,2026-08,EQ-0470,Paletizador,Envasado,Línea 3,B,Falla eléctrica,6.2,Pérdida de velocidad,1
902131,2026-08,EQ-0202,Caldera 2,Servicios,N/A,B,Desgaste,6.4,Averías,1
902132,2026-08,EQ-0330,Bomba CIP,Proceso,Línea 2,B,Falta de lubricación,5.0,Averías,1
902133,2026-08,EQ-0457,Envasadora L2,Envasado,Línea 2,A,Fatiga de material,4.8,Paradas menores,1
902134,2026-08,EQ-0201,Caldera 1,Servicios,N/A,A,Desalineamiento,10.5,Averías,1
902135,2026-08,EQ-0310,Reactor P1,Proceso,Línea 1,A,Desgaste,9.2,Averías,1
902136,2026-08,EQ-0331,Bomba de proceso,Proceso,Línea 1,C,Desgaste,4.5,Paradas menores,1
902137,2026-08,EQ-0462,Etiquetadora L2,Envasado,Línea 2,B,Contaminación,1.2,Paradas menores,1
902138,2026-08,EQ-0331,Bomba de proceso,Proceso,Línea 1,C,Desalineamiento,4.9,Paradas menores,1
902139,2026-08,EQ-0457,Envasadora L2,Envasado,Línea 2,A,Desalineamiento,4.9,Arranque,1
902140,2026-08,EQ-0211,Chiller 1,Servicios,N/A,A,Desgaste,8.4,Pérdida de velocidad,1
902141,2026-08,EQ-0210,Compresor 3,Servicios,N/A,B,Falla eléctrica,6.9,Averías,1
902142,2026-08,EQ-0470,Paletizador,Envasado,Línea 3,B,Falta de lubricación,6.6,Setup y ajustes,1
902143,2026-08,EQ-0457,Envasadora L2,Envasado,Línea 2,A,Desalineamiento,10.3,Averías,1
902144,2026-08,EQ-0461,Etiquetadora L1,Envasado,Línea 1,A,Contaminación,5.1,Paradas menores,1
902145,2026-08,EQ-0202,Caldera 2,Servicios,N/A,B,Obstrucción,4.5,Averías,1
902146,2026-08,EQ-0330,Bomba CIP,Proceso,Línea 2,B,Ajuste incorrecto,8.1,Averías,1
902147,2026-08,EQ-0330,Bomba CIP,Proceso,Línea 2,B,Falta de lubricación,7.1,Setup y ajustes,1
902148,2026-08,EQ-0310,Reactor P1,Proceso,Línea 1,A,Fatiga de material,10.4,Averías,1
902149,2026-08,EQ-0310,Reactor P1,Proceso,Línea 1,A,Desgaste,8.8,Averías,1
902150,2026-08,EQ-0471,Transportador L3,Envasado,Línea 3,C,Fatiga de material,0.8,Setup y ajustes,1
902151,2026-08,EQ-0311,Intercambiador P1,Proceso,Línea 1,B,Contaminación,3.6,Paradas menores,1
902152,2026-08,EQ-0210,Compresor 3,Servicios,N/A,B,Obstrucción,6.9,Pérdida de velocidad,1
902153,2026-08,EQ-0457,Envasadora L2,Envasado,Línea 2,A,Ajuste incorrecto,7.2,Defectos y reproceso,1
902154,2026-08,EQ-0311,Intercambiador P1,Proceso,Línea 1,B,Fatiga de material,4.8,Setup y ajustes,1
902155,2026-08,EQ-0331,Bomba de proceso,Proceso,Línea 1,C,Falla eléctrica,1.2,Pérdida de velocidad,1
902156,2026-08,EQ-0457,Envasadora L2,Envasado,Línea 2,A,Desalineamiento,9.9,Setup y ajustes,1
902157,2026-08,EQ-0601,Grúa horquilla 4,Bodega,N/A,C,Desgaste,0.6,Averías,1
902158,2026-08,EQ-0310,Reactor P1,Proceso,Línea 1,A,Falta de lubricación,1.5,Pérdida de velocidad,1
902159,2026-08,EQ-0211,Chiller 1,Servicios,N/A,A,Desalineamiento,9.9,Arranque,1
902160,2026-08,EQ-0201,Caldera 1,Servicios,N/A,A,Fatiga de material,4.2,Averías,1
902161,2026-08,EQ-0311,Intercambiador P1,Proceso,Línea 1,B,Desalineamiento,6.3,Averías,1
902162,2026-08,EQ-0455,Envasadora L1,Envasado,Línea 1,A,Desgaste,7.7,Pérdida de velocidad,1
902163,2026-08,EQ-0202,Caldera 2,Servicios,N/A,B,Falla eléctrica,6.4,Paradas menores,1
902164,2026-08,EQ-0331,Bomba de proceso,Proceso,Línea 1,C,Falla eléctrica,3.5,Setup y ajustes,1
902165,2026-08,EQ-0457,Envasadora L2,Envasado,Línea 2,A,Falta de lubricación,3.4,Setup y ajustes,1
902166,2026-09,EQ-0202,Caldera 2,Servicios,N/A,B,Ajuste incorrecto,2.2,Paradas menores,1
902167,2026-09,EQ-0461,Etiquetadora L1,Envasado,Línea 1,A,Desgaste,5.8,Paradas menores,0
902168,2026-09,EQ-0461,Etiquetadora L1,Envasado,Línea 1,A,Falta de lubricación,10.9,Averías,1
902169,2026-09,EQ-0201,Caldera 1,Servicios,N/A,A,Desgaste,9.7,Averías,0
902170,2026-09,EQ-0601,Grúa horquilla 4,Bodega,N/A,C,Obstrucción,2.9,Setup y ajustes,1
902171,2026-09,EQ-0202,Caldera 2,Servicios,N/A,B,Falta de lubricación,5.3,Averías,1
902172,2026-09,EQ-0455,Envasadora L1,Envasado,Línea 1,A,Fatiga de material,2.6,Defectos y reproceso,0
902173,2026-09,EQ-0457,Envasadora L2,Envasado,Línea 2,A,Ajuste incorrecto,1.2,Averías,1
902174,2026-09,EQ-0455,Envasadora L1,Envasado,Línea 1,A,Obstrucción,4.8,Paradas menores,1
902175,2026-09,EQ-0210,Compresor 3,Servicios,N/A,B,Desalineamiento,6.0,Pérdida de velocidad,1
902176,2026-09,EQ-0457,Envasadora L2,Envasado,Línea 2,A,Desgaste,4.7,Averías,1
902177,2026-09,EQ-0330,Bomba CIP,Proceso,Línea 2,B,Falla eléctrica,2.4,Pérdida de velocidad,1
902178,2026-09,EQ-0320,Mezclador P2,Proceso,Línea 2,B,Desalineamiento,3.3,Paradas menores,1
902179,2026-09,EQ-0470,Paletizador,Envasado,Línea 3,B,Desalineamiento,0.8,Paradas menores,1
902180,2026-09,EQ-0457,Envasadora L2,Envasado,Línea 2,A,Desalineamiento,6.5,Averías,1
902181,2026-09,EQ-0310,Reactor P1,Proceso,Línea 1,A,Falta de lubricación,4.5,Defectos y reproceso,1
902182,2026-09,EQ-0211,Chiller 1,Servicios,N/A,A,Desgaste,8.1,Averías,1
902183,2026-09,EQ-0457,Envasadora L2,Envasado,Línea 2,A,Obstrucción,1.2,Pérdida de velocidad,1
902184,2026-09,EQ-0210,Compresor 3,Servicios,N/A,B,Fatiga de material,5.0,Averías,1
902185,2026-09,EQ-0201,Caldera 1,Servicios,N/A,A,Desgaste,7.2,Setup y ajustes,1
902186,2026-09,EQ-0330,Bomba CIP,Proceso,Línea 2,B,Desgaste,4.1,Defectos y reproceso,1
902187,2026-09,EQ-0470,Paletizador,Envasado,Línea 3,B,Falla eléctrica,7.5,Pérdida de velocidad,1
902188,2026-09,EQ-0601,Grúa horquilla 4,Bodega,N/A,C,Desalineamiento,5.2,Averías,1
902189,2026-09,EQ-0310,Reactor P1,Proceso,Línea 1,A,Fatiga de material,3.6,Averías,1
902190,2026-09,EQ-0320,Mezclador P2,Proceso,Línea 2,B,Falta de lubricación,2.9,Pérdida de velocidad,1
902191,2026-09,EQ-0461,Etiquetadora L1,Envasado,Línea 1,A,Fatiga de material,8.7,Averías,1
902192,2026-09,EQ-0457,Envasadora L2,Envasado,Línea 2,A,Desgaste,9.8,Averías,1
902193,2026-09,EQ-0457,Envasadora L2,Envasado,Línea 2,A,Obstrucción,7.7,Paradas menores,1
902194,2026-09,EQ-0210,Compresor 3,Servicios,N/A,B,Desgaste,2.8,Setup y ajustes,1
902195,2026-09,EQ-0457,Envasadora L2,Envasado,Línea 2,A,Falta de lubricación,7.6,Averías,1
902196,2026-09,EQ-0471,Transportador L3,Envasado,Línea 3,C,Obstrucción,1.9,Paradas menores,1
902197,2026-09,EQ-0461,Etiquetadora L1,Envasado,Línea 1,A,Contaminación,9.1,Arranque,1
902198,2026-09,EQ-0310,Reactor P1,Proceso,Línea 1,A,Desalineamiento,8.3,Averías,1
902199,2026-09,EQ-0331,Bomba de proceso,Proceso,Línea 1,C,Desgaste,1.5,Paradas menores,1
902200,2026-09,EQ-0457,Envasadora L2,Envasado,Línea 2,A,Falla eléctrica,4.9,Setup y ajustes,1
902201,2026-09,EQ-0461,Etiquetadora L1,Envasado,Línea 1,A,Desgaste,9.5,Averías,1
902202,2026-09,EQ-0330,Bomba CIP,Proceso,Línea 2,B,Desgaste,5.4,Averías,1
902203,2026-09,EQ-0310,Reactor P1,Proceso,Línea 1,A,Desgaste,10.0,Averías,1
902204,2026-09,EQ-0470,Paletizador,Envasado,Línea 3,B,Desalineamiento,1.5,Pérdida de velocidad,1
902205,2026-09,EQ-0320,Mezclador P2,Proceso,Línea 2,B,Obstrucción,1.8,Arranque,1
902206,2026-09,EQ-0210,Compresor 3,Servicios,N/A,B,Desalineamiento,3.9,Pérdida de velocidad,1
902207,2026-09,EQ-0201,Caldera 1,Servicios,N/A,A,Contaminación,3.8,Averías,1
902208,2026-09,EQ-0461,Etiquetadora L1,Envasado,Línea 1,A,Falla eléctrica,9.8,Setup y ajustes,1
902209,2026-09,EQ-0310,Reactor P1,Proceso,Línea 1,A,Fatiga de material,8.0,Averías,1
902210,2026-09,EQ-0471,Transportador L3,Envasado,Línea 3,C,Desalineamiento,2.5,Setup y ajustes,1
902211,2026-09,EQ-0210,Compresor 3,Servicios,N/A,B,Desgaste,8.0,Paradas menores,1
902212,2026-09,EQ-0457,Envasadora L2,Envasado,Línea 2,A,Fatiga de material,2.5,Defectos y reproceso,1
902213,2026-09,EQ-0462,Etiquetadora L2,Envasado,Línea 2,B,Desalineamiento,6.4,Averías,1
902214,2026-09,EQ-0210,Compresor 3,Servicios,N/A,B,Desgaste,1.5,Setup y ajustes,1
902215,2026-09,EQ-0455,Envasadora L1,Envasado,Línea 1,A,Desgaste,10.1,Averías,1
902216,2026-09,EQ-0311,Intercambiador P1,Proceso,Línea 1,B,Desalineamiento,7.3,Defectos y reproceso,1
902217,2026-09,EQ-0330,Bomba CIP,Proceso,Línea 2,B,Falta de lubricación,1.3,Averías,1
902218,2026-09,EQ-0462,Etiquetadora L2,Envasado,Línea 2,B,Obstrucción,8.2,Averías,1
902219,2026-09,EQ-0210,Compresor 3,Servicios,N/A,B,Fatiga de material,7.5,Setup y ajustes,1
902220,2026-09,EQ-0471,Transportador L3,Envasado,Línea 3,C,Ajuste incorrecto,2.3,Pérdida de velocidad,1
902221,2026-09,EQ-0601,Grúa horquilla 4,Bodega,N/A,C,Obstrucción,4.1,Averías,1
902222,2026-09,EQ-0311,Intercambiador P1,Proceso,Línea 1,B,Obstrucción,5.9,Paradas menores,1
902223,2026-09,EQ-0211,Chiller 1,Servicios,N/A,A,Desgaste,3.2,Defectos y reproceso,1
902224,2026-09,EQ-0310,Reactor P1,Proceso,Línea 1,A,Contaminación,7.8,Setup y ajustes,1
902225,2026-09,EQ-0470,Paletizador,Envasado,Línea 3,B,Falta de lubricación,1.4,Averías,1
902226,2026-09,EQ-0457,Envasadora L2,Envasado,Línea 2,A,Desalineamiento,6.5,Averías,1
902227,2026-09,EQ-0455,Envasadora L1,Envasado,Línea 1,A,Desgaste,4.7,Averías,1
902228,2026-09,EQ-0330,Bomba CIP,Proceso,Línea 2,B,Obstrucción,4.7,Setup y ajustes,1
902229,2026-09,EQ-0457,Envasadora L2,Envasado,Línea 2,A,Ajuste incorrecto,4.6,Setup y ajustes,1
902230,2026-09,EQ-0201,Caldera 1,Servicios,N/A,A,Fatiga de material,10.7,Averías,1
902231,2026-09,EQ-0455,Envasadora L1,Envasado,Línea 1,A,Desgaste,1.2,Setup y ajustes,1
902232,2026-09,EQ-0457,Envasadora L2,Envasado,Línea 2,A,Desalineamiento,6.0,Averías,1
902233,2026-09,EQ-0457,Envasadora L2,Envasado,Línea 2,A,Contaminación,8.2,Paradas menores,1
902234,2026-09,EQ-0320,Mezclador P2,Proceso,Línea 2,B,Desalineamiento,3.3,Averías,1
902235,2026-09,EQ-0455,Envasadora L1,Envasado,Línea 1,A,Contaminación,2.8,Averías,1
902236,2026-09,EQ-0211,Chiller 1,Servicios,N/A,A,Desgaste,3.2,Defectos y reproceso,1
902237,2026-09,EQ-0320,Mezclador P2,Proceso,Línea 2,B,Desalineamiento,4.7,Pérdida de velocidad,1
902238,2026-09,EQ-0330,Bomba CIP,Proceso,Línea 2,B,Desgaste,0.8,Setup y ajustes,1
902239,2026-09,EQ-0457,Envasadora L2,Envasado,Línea 2,A,Contaminación,9.2,Arranque,1
902240,2026-09,EQ-0455,Envasadora L1,Envasado,Línea 1,A,Falta de lubricación,6.9,Arranque,1
902241,2026-09,EQ-0462,Etiquetadora L2,Envasado,Línea 2,B,Obstrucción,4.0,Averías,1
902242,2026-09,EQ-0462,Etiquetadora L2,Envasado,Línea 2,B,Desgaste,4.1,Averías,1
902243,2026-09,EQ-0210,Compresor 3,Servicios,N/A,B,Falta de lubricación,6.9,Averías,1
902244,2026-09,EQ-0310,Reactor P1,Proceso,Línea 1,A,Falta de lubricación,10.1,Averías,1
902245,2026-09,EQ-0330,Bomba CIP,Proceso,Línea 2,B,Ajuste incorrecto,7.5,Paradas menores,1
902246,2026-09,EQ-0457,Envasadora L2,Envasado,Línea 2,A,Fatiga de material,7.0,Averías,1
902247,2026-09,EQ-0457,Envasadora L2,Envasado,Línea 2,A,Falla eléctrica,6.8,Paradas menores,1
902248,2026-09,EQ-0330,Bomba CIP,Proceso,Línea 2,B,Falla eléctrica,6.9,Averías,1
902249,2026-09,EQ-0457,Envasadora L2,Envasado,Línea 2,A,Contaminación,5.8,Setup y ajustes,1
902250,2026-09,EQ-0455,Envasadora L1,Envasado,Línea 1,A,Desgaste,4.9,Setup y ajustes,1
902251,2026-09,EQ-0311,Intercambiador P1,Proceso,Línea 1,B,Falta de lubricación,5.1,Averías,1
902252,2026-09,EQ-0311,Intercambiador P1,Proceso,Línea 1,B,Ajuste incorrecto,1.4,Averías,1
902253,2026-09,EQ-0210,Compresor 3,Servicios,N/A,B,Desgaste,3.3,Setup y ajustes,1
902254,2026-09,EQ-0461,Etiquetadora L1,Envasado,Línea 1,A,Falla eléctrica,9.8,Pérdida de velocidad,1
902255,2026-09,EQ-0210,Compresor 3,Servicios,N/A,B,Desalineamiento,6.9,Defectos y reproceso,1
902256,2026-09,EQ-0471,Transportador L3,Envasado,Línea 3,C,Desgaste,2.0,Defectos y reproceso,1
902257,2026-09,EQ-0457,Envasadora L2,Envasado,Línea 2,A,Ajuste incorrecto,1.6,Averías,1
902258,2026-09,EQ-0211,Chiller 1,Servicios,N/A,A,Falta de lubricación,8.2,Averías,1
902259,2026-09,EQ-0201,Caldera 1,Servicios,N/A,A,Falla eléctrica,2.1,Paradas menores,1
902260,2026-09,EQ-0457,Envasadora L2,Envasado,Línea 2,A,Obstrucción,3.5,Defectos y reproceso,1
902261,2026-09,EQ-0457,Envasadora L2,Envasado,Línea 2,A,Obstrucción,1.9,Averías,1
902262,2026-09,EQ-0331,Bomba de proceso,Proceso,Línea 1,C,Falla eléctrica,3.3,Paradas menores,1
902263,2026-09,EQ-0310,Reactor P1,Proceso,Línea 1,A,Desalineamiento,10.3,Paradas menores,1
902264,2026-09,EQ-0311,Intercambiador P1,Proceso,Línea 1,B,Falta de lubricación,2.3,Averías,1
902265,2026-09,EQ-0320,Mezclador P2,Proceso,Línea 2,B,Contaminación,7.3,Averías,1
902266,2026-09,EQ-0461,Etiquetadora L1,Envasado,Línea 1,A,Fatiga de material,5.1,Setup y ajustes,1
902267,2026-09,EQ-0311,Intercambiador P1,Proceso,Línea 1,B,Falla eléctrica,6.3,Setup y ajustes,1
902268,2026-09,EQ-0330,Bomba CIP,Proceso,Línea 2,B,Falta de lubricación,3.8,Paradas menores,1
902269,2026-09,EQ-0455,Envasadora L1,Envasado,Línea 1,A,Desalineamiento,3.8,Averías,1
902270,2026-09,EQ-0311,Intercambiador P1,Proceso,Línea 1,B,Obstrucción,5.5,Paradas menores,1
902271,2026-09,EQ-0457,Envasadora L2,Envasado,Línea 2,A,Desalineamiento,5.5,Averías,1
902272,2026-09,EQ-0455,Envasadora L1,Envasado,Línea 1,A,Desalineamiento,7.7,Setup y ajustes,1
902273,2026-09,EQ-0211,Chiller 1,Servicios,N/A,A,Desgaste,10.6,Arranque,1
902274,2026-09,EQ-0201,Caldera 1,Servicios,N/A,A,Ajuste incorrecto,9.9,Paradas menores,1
902275,2026-09,EQ-0457,Envasadora L2,Envasado,Línea 2,A,Desalineamiento,8.7,Averías,1
902276,2026-10,EQ-0457,Envasadora L2,Envasado,Línea 2,A,Desalineamiento,8.8,Paradas menores,1
902277,2026-10,EQ-0330,Bomba CIP,Proceso,Línea 2,B,Falta de lubricación,3.1,Setup y ajustes,1
902278,2026-10,EQ-0470,Paletizador,Envasado,Línea 3,B,Contaminación,2.1,Arranque,1
902279,2026-10,EQ-0330,Bomba CIP,Proceso,Línea 2,B,Falta de lubricación,7.6,Paradas menores,1
902280,2026-10,EQ-0311,Intercambiador P1,Proceso,Línea 1,B,Fatiga de material,8.1,Averías,1
902281,2026-10,EQ-0210,Compresor 3,Servicios,N/A,B,Desalineamiento,6.1,Paradas menores,1
902282,2026-10,EQ-0330,Bomba CIP,Proceso,Línea 2,B,Falla eléctrica,7.8,Averías,1
902283,2026-10,EQ-0210,Compresor 3,Servicios,N/A,B,Obstrucción,4.3,Pérdida de velocidad,1
902284,2026-10,EQ-0210,Compresor 3,Servicios,N/A,B,Falta de lubricación,0.7,Pérdida de velocidad,1
902285,2026-10,EQ-0211,Chiller 1,Servicios,N/A,A,Contaminación,3.9,Paradas menores,1
902286,2026-10,EQ-0457,Envasadora L2,Envasado,Línea 2,A,Desalineamiento,2.7,Averías,1
902287,2026-10,EQ-0457,Envasadora L2,Envasado,Línea 2,A,Obstrucción,6.3,Setup y ajustes,1
902288,2026-10,EQ-0310,Reactor P1,Proceso,Línea 1,A,Desgaste,2.4,Averías,1
902289,2026-10,EQ-0211,Chiller 1,Servicios,N/A,A,Desgaste,3.8,Averías,1
902290,2026-10,EQ-0457,Envasadora L2,Envasado,Línea 2,A,Falla eléctrica,6.9,Pérdida de velocidad,1
902291,2026-10,EQ-0211,Chiller 1,Servicios,N/A,A,Contaminación,10.2,Defectos y reproceso,1
902292,2026-10,EQ-0211,Chiller 1,Servicios,N/A,A,Falta de lubricación,7.8,Averías,1
902293,2026-10,EQ-0462,Etiquetadora L2,Envasado,Línea 2,B,Obstrucción,3.3,Arranque,1
902294,2026-10,EQ-0457,Envasadora L2,Envasado,Línea 2,A,Obstrucción,1.1,Averías,1
902295,2026-10,EQ-0201,Caldera 1,Servicios,N/A,A,Ajuste incorrecto,1.1,Averías,1
902296,2026-10,EQ-0470,Paletizador,Envasado,Línea 3,B,Falla eléctrica,4.7,Averías,1
902297,2026-10,EQ-0311,Intercambiador P1,Proceso,Línea 1,B,Falta de lubricación,3.5,Paradas menores,1
902298,2026-10,EQ-0330,Bomba CIP,Proceso,Línea 2,B,Ajuste incorrecto,4.1,Averías,1
902299,2026-10,EQ-0462,Etiquetadora L2,Envasado,Línea 2,B,Falla eléctrica,6.1,Setup y ajustes,1
902300,2026-10,EQ-0311,Intercambiador P1,Proceso,Línea 1,B,Contaminación,1.0,Averías,1
902301,2026-10,EQ-0470,Paletizador,Envasado,Línea 3,B,Falta de lubricación,7.4,Averías,1
902302,2026-10,EQ-0210,Compresor 3,Servicios,N/A,B,Desalineamiento,1.1,Paradas menores,1
902303,2026-10,EQ-0320,Mezclador P2,Proceso,Línea 2,B,Falla eléctrica,6.4,Averías,1
902304,2026-10,EQ-0455,Envasadora L1,Envasado,Línea 1,A,Falta de lubricación,2.7,Averías,1
902305,2026-10,EQ-0471,Transportador L3,Envasado,Línea 3,C,Fatiga de material,2.9,Paradas menores,1
902306,2026-10,EQ-0320,Mezclador P2,Proceso,Línea 2,B,Desalineamiento,3.0,Paradas menores,1
902307,2026-10,EQ-0210,Compresor 3,Servicios,N/A,B,Desgaste,8.2,Defectos y reproceso,1
902308,2026-10,EQ-0330,Bomba CIP,Proceso,Línea 2,B,Falla eléctrica,4.3,Pérdida de velocidad,1
902309,2026-10,EQ-0320,Mezclador P2,Proceso,Línea 2,B,Falta de lubricación,6.6,Averías,1
902310,2026-10,EQ-0331,Bomba de proceso,Proceso,Línea 1,C,Obstrucción,4.8,Averías,1
902311,2026-10,EQ-0455,Envasadora L1,Envasado,Línea 1,A,Obstrucción,1.5,Averías,1
902312,2026-10,EQ-0455,Envasadora L1,Envasado,Línea 1,A,Desalineamiento,9.1,Averías,1
902313,2026-10,EQ-0211,Chiller 1,Servicios,N/A,A,Desgaste,8.0,Setup y ajustes,1
902314,2026-10,EQ-0330,Bomba CIP,Proceso,Línea 2,B,Desalineamiento,4.8,Paradas menores,1
902315,2026-10,EQ-0462,Etiquetadora L2,Envasado,Línea 2,B,Desalineamiento,4.6,Setup y ajustes,1
902316,2026-10,EQ-0201,Caldera 1,Servicios,N/A,A,Desalineamiento,8.2,Averías,1
902317,2026-10,EQ-0210,Compresor 3,Servicios,N/A,B,Desalineamiento,0.9,Paradas menores,1
902318,2026-10,EQ-0210,Compresor 3,Servicios,N/A,B,Obstrucción,6.4,Averías,1
902319,2026-10,EQ-0310,Reactor P1,Proceso,Línea 1,A,Ajuste incorrecto,3.7,Averías,1
902320,2026-10,EQ-0457,Envasadora L2,Envasado,Línea 2,A,Fatiga de material,8.8,Averías,1
902321,2026-10,EQ-0210,Compresor 3,Servicios,N/A,B,Contaminación,4.2,Averías,1
902322,2026-10,EQ-0457,Envasadora L2,Envasado,Línea 2,A,Falta de lubricación,7.1,Averías,1
902323,2026-10,EQ-0457,Envasadora L2,Envasado,Línea 2,A,Ajuste incorrecto,11.0,Averías,1
902324,2026-10,EQ-0462,Etiquetadora L2,Envasado,Línea 2,B,Desalineamiento,3.5,Pérdida de velocidad,1
902325,2026-10,EQ-0310,Reactor P1,Proceso,Línea 1,A,Fatiga de material,1.6,Setup y ajustes,1
902326,2026-10,EQ-0211,Chiller 1,Servicios,N/A,A,Falla eléctrica,1.7,Averías,1
902327,2026-10,EQ-0461,Etiquetadora L1,Envasado,Línea 1,A,Falla eléctrica,1.2,Paradas menores,1
902328,2026-10,EQ-0311,Intercambiador P1,Proceso,Línea 1,B,Contaminación,3.6,Averías,1
902329,2026-10,EQ-0331,Bomba de proceso,Proceso,Línea 1,C,Contaminación,1.4,Defectos y reproceso,1
902330,2026-10,EQ-0201,Caldera 1,Servicios,N/A,A,Obstrucción,3.4,Setup y ajustes,1
902331,2026-10,EQ-0471,Transportador L3,Envasado,Línea 3,C,Desalineamiento,2.2,Averías,1
902332,2026-10,EQ-0470,Paletizador,Envasado,Línea 3,B,Falta de lubricación,4.9,Averías,1
902333,2026-10,EQ-0470,Paletizador,Envasado,Línea 3,B,Desalineamiento,3.7,Averías,1
902334,2026-10,EQ-0462,Etiquetadora L2,Envasado,Línea 2,B,Desalineamiento,6.7,Defectos y reproceso,1
902335,2026-10,EQ-0470,Paletizador,Envasado,Línea 3,B,Falta de lubricación,5.7,Averías,1
902336,2026-10,EQ-0310,Reactor P1,Proceso,Línea 1,A,Fatiga de material,10.0,Averías,1
902337,2026-10,EQ-0457,Envasadora L2,Envasado,Línea 2,A,Desalineamiento,8.7,Pérdida de velocidad,1
902338,2026-10,EQ-0210,Compresor 3,Servicios,N/A,B,Fatiga de material,4.6,Averías,1
902339,2026-10,EQ-0201,Caldera 1,Servicios,N/A,A,Obstrucción,1.1,Defectos y reproceso,1
902340,2026-10,EQ-0320,Mezclador P2,Proceso,Línea 2,B,Falta de lubricación,5.9,Setup y ajustes,1
902341,2026-10,EQ-0462,Etiquetadora L2,Envasado,Línea 2,B,Ajuste incorrecto,5.4,Arranque,1
902342,2026-10,EQ-0462,Etiquetadora L2,Envasado,Línea 2,B,Desgaste,4.8,Averías,1
902343,2026-10,EQ-0320,Mezclador P2,Proceso,Línea 2,B,Falla eléctrica,2.8,Averías,1
902344,2026-10,EQ-0211,Chiller 1,Servicios,N/A,A,Falta de lubricación,6.9,Defectos y reproceso,1
902345,2026-10,EQ-0457,Envasadora L2,Envasado,Línea 2,A,Ajuste incorrecto,4.5,Paradas menores,1
902346,2026-10,EQ-0310,Reactor P1,Proceso,Línea 1,A,Desgaste,11.0,Setup y ajustes,1
902347,2026-10,EQ-0210,Compresor 3,Servicios,N/A,B,Fatiga de material,7.0,Paradas menores,1
902348,2026-10,EQ-0310,Reactor P1,Proceso,Línea 1,A,Fatiga de material,2.0,Paradas menores,1
902349,2026-10,EQ-0202,Caldera 2,Servicios,N/A,B,Desgaste,3.2,Averías,1
902350,2026-10,EQ-0210,Compresor 3,Servicios,N/A,B,Desalineamiento,4.2,Pérdida de velocidad,1
902351,2026-10,EQ-0331,Bomba de proceso,Proceso,Línea 1,C,Obstrucción,0.8,Averías,0
902352,2026-10,EQ-0311,Intercambiador P1,Proceso,Línea 1,B,Falla eléctrica,1.5,Pérdida de velocidad,0
902353,2026-10,EQ-0470,Paletizador,Envasado,Línea 3,B,Desgaste,0.9,Paradas menores,1
902354,2026-10,EQ-0201,Caldera 1,Servicios,N/A,A,Ajuste incorrecto,6.1,Paradas menores,1
902355,2026-10,EQ-0471,Transportador L3,Envasado,Línea 3,C,Fatiga de material,4.0,Averías,1
902356,2026-10,EQ-0320,Mezclador P2,Proceso,Línea 2,B,Falta de lubricación,1.9,Defectos y reproceso,1
902357,2026-10,EQ-0471,Transportador L3,Envasado,Línea 3,C,Desalineamiento,0.5,Setup y ajustes,1
902358,2026-10,EQ-0471,Transportador L3,Envasado,Línea 3,C,Desalineamiento,5.5,Averías,1
902359,2026-10,EQ-0457,Envasadora L2,Envasado,Línea 2,A,Falla eléctrica,6.6,Pérdida de velocidad,1
902360,2026-10,EQ-0311,Intercambiador P1,Proceso,Línea 1,B,Ajuste incorrecto,3.7,Averías,1
902361,2026-10,EQ-0457,Envasadora L2,Envasado,Línea 2,A,Desalineamiento,9.2,Averías,1
902362,2026-10,EQ-0457,Envasadora L2,Envasado,Línea 2,A,Desgaste,5.8,Averías,1
902363,2026-10,EQ-0461,Etiquetadora L1,Envasado,Línea 1,A,Desalineamiento,2.5,Paradas menores,1
902364,2026-10,EQ-0461,Etiquetadora L1,Envasado,Línea 1,A,Obstrucción,8.8,Averías,1
902365,2026-10,EQ-0330,Bomba CIP,Proceso,Línea 2,B,Desgaste,2.3,Paradas menores,1
902366,2026-10,EQ-0457,Envasadora L2,Envasado,Línea 2,A,Desalineamiento,6.4,Averías,1
902367,2026-10,EQ-0330,Bomba CIP,Proceso,Línea 2,B,Falta de lubricación,6.2,Paradas menores,1
902368,2026-10,EQ-0457,Envasadora L2,Envasado,Línea 2,A,Obstrucción,6.9,Paradas menores,1
902369,2026-10,EQ-0457,Envasadora L2,Envasado,Línea 2,A,Desalineamiento,4.2,Setup y ajustes,1
902370,2026-10,EQ-0457,Envasadora L2,Envasado,Línea 2,A,Falta de lubricación,9.6,Averías,1
902371,2026-10,EQ-0471,Transportador L3,Envasado,Línea 3,C,Desalineamiento,3.1,Defectos y reproceso,1
902372,2026-10,EQ-0311,Intercambiador P1,Proceso,Línea 1,B,Desgaste,4.0,Averías,0
902373,2026-10,EQ-0457,Envasadora L2,Envasado,Línea 2,A,Falla eléctrica,4.4,Setup y ajustes,1
902374,2026-10,EQ-0470,Paletizador,Envasado,Línea 3,B,Falta de lubricación,2.9,Defectos y reproceso,1
902375,2026-10,EQ-0210,Compresor 3,Servicios,N/A,B,Ajuste incorrecto,7.9,Pérdida de velocidad,1
902376,2026-10,EQ-0320,Mezclador P2,Proceso,Línea 2,B,Obstrucción,6.2,Averías,1
902377,2026-10,EQ-0310,Reactor P1,Proceso,Línea 1,A,Falla eléctrica,8.1,Averías,1
902378,2026-10,EQ-0320,Mezclador P2,Proceso,Línea 2,B,Obstrucción,1.5,Averías,1
902379,2026-10,EQ-0211,Chiller 1,Servicios,N/A,A,Obstrucción,10.5,Averías,1
902380,2026-10,EQ-0461,Etiquetadora L1,Envasado,Línea 1,A,Desalineamiento,1.2,Paradas menores,1
902381,2026-10,EQ-0210,Compresor 3,Servicios,N/A,B,Desalineamiento,5.4,Averías,1
902382,2026-10,EQ-0320,Mezclador P2,Proceso,Línea 2,B,Ajuste incorrecto,2.1,Averías,1
902383,2026-10,EQ-0470,Paletizador,Envasado,Línea 3,B,Desalineamiento,1.7,Setup y ajustes,1
902384,2026-11,EQ-0457,Envasadora L2,Envasado,Línea 2,A,Desalineamiento,6.9,Setup y ajustes,1
902385,2026-11,EQ-0461,Etiquetadora L1,Envasado,Línea 1,A,Ajuste incorrecto,3.1,Setup y ajustes,1
902386,2026-11,EQ-0457,Envasadora L2,Envasado,Línea 2,A,Desalineamiento,3.5,Setup y ajustes,1
902387,2026-11,EQ-0310,Reactor P1,Proceso,Línea 1,A,Desalineamiento,8.5,Averías,1
902388,2026-11,EQ-0320,Mezclador P2,Proceso,Línea 2,B,Desgaste,3.9,Arranque,1
902389,2026-11,EQ-0211,Chiller 1,Servicios,N/A,A,Falta de lubricación,6.4,Arranque,1
902390,2026-11,EQ-0471,Transportador L3,Envasado,Línea 3,C,Desalineamiento,5.6,Setup y ajustes,1
902391,2026-11,EQ-0330,Bomba CIP,Proceso,Línea 2,B,Desalineamiento,5.5,Setup y ajustes,1
902392,2026-11,EQ-0331,Bomba de proceso,Proceso,Línea 1,C,Falta de lubricación,0.8,Averías,1
902393,2026-11,EQ-0330,Bomba CIP,Proceso,Línea 2,B,Obstrucción,0.9,Defectos y reproceso,1
902394,2026-11,EQ-0210,Compresor 3,Servicios,N/A,B,Desalineamiento,3.3,Defectos y reproceso,1
902395,2026-11,EQ-0461,Etiquetadora L1,Envasado,Línea 1,A,Fatiga de material,8.3,Paradas menores,1
902396,2026-11,EQ-0457,Envasadora L2,Envasado,Línea 2,A,Falla eléctrica,4.5,Setup y ajustes,1
902397,2026-11,EQ-0320,Mezclador P2,Proceso,Línea 2,B,Desalineamiento,4.3,Pérdida de velocidad,1
902398,2026-11,EQ-0320,Mezclador P2,Proceso,Línea 2,B,Contaminación,3.3,Averías,1
902399,2026-11,EQ-0310,Reactor P1,Proceso,Línea 1,A,Falla eléctrica,1.2,Pérdida de velocidad,1
902400,2026-11,EQ-0457,Envasadora L2,Envasado,Línea 2,A,Desalineamiento,1.9,Setup y ajustes,1
902401,2026-11,EQ-0457,Envasadora L2,Envasado,Línea 2,A,Falta de lubricación,8.2,Paradas menores,1
902402,2026-11,EQ-0310,Reactor P1,Proceso,Línea 1,A,Obstrucción,7.6,Arranque,1
902403,2026-11,EQ-0455,Envasadora L1,Envasado,Línea 1,A,Fatiga de material,8.4,Averías,1
902404,2026-11,EQ-0330,Bomba CIP,Proceso,Línea 2,B,Desalineamiento,6.5,Setup y ajustes,1
902405,2026-11,EQ-0311,Intercambiador P1,Proceso,Línea 1,B,Desalineamiento,3.8,Arranque,1
902406,2026-11,EQ-0457,Envasadora L2,Envasado,Línea 2,A,Desalineamiento,9.8,Averías,1
902407,2026-11,EQ-0210,Compresor 3,Servicios,N/A,B,Desalineamiento,2.3,Paradas menores,1
902408,2026-11,EQ-0330,Bomba CIP,Proceso,Línea 2,B,Desgaste,3.2,Averías,1
902409,2026-11,EQ-0330,Bomba CIP,Proceso,Línea 2,B,Desgaste,1.4,Averías,1
902410,2026-11,EQ-0210,Compresor 3,Servicios,N/A,B,Desalineamiento,2.4,Pérdida de velocidad,1
902411,2026-11,EQ-0457,Envasadora L2,Envasado,Línea 2,A,Fatiga de material,9.3,Paradas menores,1
902412,2026-11,EQ-0210,Compresor 3,Servicios,N/A,B,Desalineamiento,3.7,Pérdida de velocidad,1
902413,2026-11,EQ-0330,Bomba CIP,Proceso,Línea 2,B,Desalineamiento,8.0,Paradas menores,1
902414,2026-11,EQ-0461,Etiquetadora L1,Envasado,Línea 1,A,Falta de lubricación,10.9,Averías,1
902415,2026-11,EQ-0457,Envasadora L2,Envasado,Línea 2,A,Falta de lubricación,11.1,Setup y ajustes,1
902416,2026-11,EQ-0457,Envasadora L2,Envasado,Línea 2,A,Obstrucción,9.5,Averías,1
902417,2026-11,EQ-0201,Caldera 1,Servicios,N/A,A,Desgaste,4.9,Averías,1
902418,2026-11,EQ-0210,Compresor 3,Servicios,N/A,B,Desalineamiento,1.9,Averías,1
902419,2026-11,EQ-0330,Bomba CIP,Proceso,Línea 2,B,Falta de lubricación,6.0,Averías,1
902420,2026-11,EQ-0330,Bomba CIP,Proceso,Línea 2,B,Desalineamiento,6.8,Arranque,1
902421,2026-11,EQ-0462,Etiquetadora L2,Envasado,Línea 2,B,Falta de lubricación,8.2,Averías,1
902422,2026-11,EQ-0457,Envasadora L2,Envasado,Línea 2,A,Desalineamiento,3.1,Averías,1
902423,2026-11,EQ-0462,Etiquetadora L2,Envasado,Línea 2,B,Contaminación,4.1,Averías,1
902424,2026-11,EQ-0320,Mezclador P2,Proceso,Línea 2,B,Fatiga de material,4.8,Pérdida de velocidad,1
902425,2026-11,EQ-0471,Transportador L3,Envasado,Línea 3,C,Falta de lubricación,1.7,Pérdida de velocidad,1
902426,2026-11,EQ-0331,Bomba de proceso,Proceso,Línea 1,C,Desalineamiento,3.5,Averías,1
902427,2026-11,EQ-0457,Envasadora L2,Envasado,Línea 2,A,Fatiga de material,2.5,Averías,1
902428,2026-11,EQ-0471,Transportador L3,Envasado,Línea 3,C,Desalineamiento,3.9,Paradas menores,1
902429,2026-11,EQ-0457,Envasadora L2,Envasado,Línea 2,A,Desgaste,10.6,Averías,1
902430,2026-11,EQ-0330,Bomba CIP,Proceso,Línea 2,B,Desalineamiento,3.1,Averías,1
902431,2026-11,EQ-0201,Caldera 1,Servicios,N/A,A,Desgaste,1.2,Averías,1
902432,2026-11,EQ-0457,Envasadora L2,Envasado,Línea 2,A,Falta de lubricación,9.1,Averías,1
902433,2026-11,EQ-0210,Compresor 3,Servicios,N/A,B,Contaminación,2.4,Averías,1
902434,2026-11,EQ-0470,Paletizador,Envasado,Línea 3,B,Desalineamiento,7.3,Paradas menores,1
902435,2026-11,EQ-0210,Compresor 3,Servicios,N/A,B,Desgaste,5.2,Averías,1
902436,2026-11,EQ-0210,Compresor 3,Servicios,N/A,B,Desgaste,7.1,Averías,1
902437,2026-11,EQ-0310,Reactor P1,Proceso,Línea 1,A,Desalineamiento,4.7,Averías,1
902438,2026-11,EQ-0330,Bomba CIP,Proceso,Línea 2,B,Desgaste,3.2,Paradas menores,1
902439,2026-11,EQ-0330,Bomba CIP,Proceso,Línea 2,B,Desalineamiento,7.9,Paradas menores,1
902440,2026-11,EQ-0331,Bomba de proceso,Proceso,Línea 1,C,Desgaste,4.8,Averías,1
902441,2026-11,EQ-0210,Compresor 3,Servicios,N/A,B,Obstrucción,1.4,Paradas menores,1
902442,2026-11,EQ-0320,Mezclador P2,Proceso,Línea 2,B,Desalineamiento,2.5,Averías,1
902443,2026-11,EQ-0470,Paletizador,Envasado,Línea 3,B,Desalineamiento,1.6,Defectos y reproceso,1
902444,2026-11,EQ-0457,Envasadora L2,Envasado,Línea 2,A,Desalineamiento,6.4,Averías,1
902445,2026-11,EQ-0471,Transportador L3,Envasado,Línea 3,C,Desgaste,4.6,Defectos y reproceso,1
902446,2026-11,EQ-0330,Bomba CIP,Proceso,Línea 2,B,Obstrucción,7.0,Averías,1
902447,2026-11,EQ-0457,Envasadora L2,Envasado,Línea 2,A,Desgaste,4.3,Paradas menores,1
902448,2026-11,EQ-0211,Chiller 1,Servicios,N/A,A,Ajuste incorrecto,8.5,Averías,1
902449,2026-11,EQ-0461,Etiquetadora L1,Envasado,Línea 1,A,Desgaste,7.3,Arranque,1
902450,2026-11,EQ-0310,Reactor P1,Proceso,Línea 1,A,Ajuste incorrecto,9.7,Averías,1
902451,2026-11,EQ-0210,Compresor 3,Servicios,N/A,B,Falla eléctrica,5.1,Pérdida de velocidad,1
902452,2026-11,EQ-0201,Caldera 1,Servicios,N/A,A,Desalineamiento,8.8,Paradas menores,1
902453,2026-11,EQ-0462,Etiquetadora L2,Envasado,Línea 2,B,Ajuste incorrecto,7.7,Setup y ajustes,1
902454,2026-11,EQ-0320,Mezclador P2,Proceso,Línea 2,B,Obstrucción,6.9,Pérdida de velocidad,1
902455,2026-11,EQ-0455,Envasadora L1,Envasado,Línea 1,A,Fatiga de material,1.9,Pérdida de velocidad,1
902456,2026-11,EQ-0457,Envasadora L2,Envasado,Línea 2,A,Desgaste,4.5,Averías,1
902457,2026-11,EQ-0311,Intercambiador P1,Proceso,Línea 1,B,Fatiga de material,3.1,Averías,1
902458,2026-11,EQ-0211,Chiller 1,Servicios,N/A,A,Falta de lubricación,1.2,Averías,1
902459,2026-11,EQ-0310,Reactor P1,Proceso,Línea 1,A,Desalineamiento,8.7,Arranque,1
902460,2026-11,EQ-0310,Reactor P1,Proceso,Línea 1,A,Falta de lubricación,2.0,Setup y ajustes,1
902461,2026-11,EQ-0457,Envasadora L2,Envasado,Línea 2,A,Desalineamiento,6.6,Averías,1
902462,2026-11,EQ-0455,Envasadora L1,Envasado,Línea 1,A,Falta de lubricación,5.6,Paradas menores,1
902463,2026-11,EQ-0330,Bomba CIP,Proceso,Línea 2,B,Falta de lubricación,1.2,Paradas menores,1
902464,2026-11,EQ-0601,Grúa horquilla 4,Bodega,N/A,C,Desalineamiento,1.9,Paradas menores,1
902465,2026-11,EQ-0455,Envasadora L1,Envasado,Línea 1,A,Falta de lubricación,6.8,Setup y ajustes,1
902466,2026-11,EQ-0457,Envasadora L2,Envasado,Línea 2,A,Desalineamiento,6.0,Averías,1
902467,2026-11,EQ-0210,Compresor 3,Servicios,N/A,B,Desalineamiento,3.5,Setup y ajustes,1
902468,2026-11,EQ-0461,Etiquetadora L1,Envasado,Línea 1,A,Desgaste,10.4,Paradas menores,1
902469,2026-11,EQ-0201,Caldera 1,Servicios,N/A,A,Desgaste,5.8,Averías,1
902470,2026-11,EQ-0462,Etiquetadora L2,Envasado,Línea 2,B,Obstrucción,7.6,Averías,1
902471,2026-11,EQ-0470,Paletizador,Envasado,Línea 3,B,Desalineamiento,0.7,Setup y ajustes,1
902472,2026-11,EQ-0455,Envasadora L1,Envasado,Línea 1,A,Falta de lubricación,4.2,Averías,0
902473,2026-11,EQ-0457,Envasadora L2,Envasado,Línea 2,A,Obstrucción,1.8,Defectos y reproceso,1
902474,2026-11,EQ-0461,Etiquetadora L1,Envasado,Línea 1,A,Desgaste,5.0,Setup y ajustes,1
902475,2026-11,EQ-0211,Chiller 1,Servicios,N/A,A,Fatiga de material,2.0,Averías,1
902476,2026-11,EQ-0201,Caldera 1,Servicios,N/A,A,Desgaste,10.5,Averías,1
902477,2026-11,EQ-0202,Caldera 2,Servicios,N/A,B,Falta de lubricación,7.4,Averías,1
902478,2026-11,EQ-0311,Intercambiador P1,Proceso,Línea 1,B,Desalineamiento,3.9,Setup y ajustes,1
902479,2026-11,EQ-0210,Compresor 3,Servicios,N/A,B,Obstrucción,2.4,Averías,1
902480,2026-11,EQ-0470,Paletizador,Envasado,Línea 3,B,Desalineamiento,7.3,Averías,1
902481,2026-11,EQ-0471,Transportador L3,Envasado,Línea 3,C,Contaminación,4.1,Pérdida de velocidad,1
902482,2026-11,EQ-0461,Etiquetadora L1,Envasado,Línea 1,A,Obstrucción,2.5,Averías,1
902483,2026-11,EQ-0211,Chiller 1,Servicios,N/A,A,Falta de lubricación,2.3,Paradas menores,1
902484,2026-11,EQ-0320,Mezclador P2,Proceso,Línea 2,B,Falta de lubricación,7.2,Pérdida de velocidad,1
902485,2026-11,EQ-0210,Compresor 3,Servicios,N/A,B,Desgaste,5.2,Pérdida de velocidad,1
902486,2026-11,EQ-0455,Envasadora L1,Envasado,Línea 1,A,Falta de lubricación,7.0,Paradas menores,1
902487,2026-11,EQ-0457,Envasadora L2,Envasado,Línea 2,A,Falla eléctrica,7.3,Setup y ajustes,1
902488,2026-11,EQ-0457,Envasadora L2,Envasado,Línea 2,A,Falla eléctrica,10.2,Averías,1
902489,2026-11,EQ-0462,Etiquetadora L2,Envasado,Línea 2,B,Fatiga de material,1.7,Paradas menores,1
902490,2026-11,EQ-0330,Bomba CIP,Proceso,Línea 2,B,Ajuste incorrecto,3.2,Paradas menores,1
902491,2026-11,EQ-0461,Etiquetadora L1,Envasado,Línea 1,A,Falla eléctrica,8.1,Setup y ajustes,1
902492,2026-11,EQ-0601,Grúa horquilla 4,Bodega,N/A,C,Falta de lubricación,4.9,Averías,1
902493,2026-11,EQ-0457,Envasadora L2,Envasado,Línea 2,A,Desalineamiento,5.1,Paradas menores,1
902494,2026-11,EQ-0462,Etiquetadora L2,Envasado,Línea 2,B,Desgaste,5.1,Setup y ajustes,1
902495,2026-11,EQ-0331,Bomba de proceso,Proceso,Línea 1,C,Desgaste,4.8,Defectos y reproceso,1
902496,2026-11,EQ-0210,Compresor 3,Servicios,N/A,B,Desgaste,7.1,Defectos y reproceso,1
902497,2026-11,EQ-0211,Chiller 1,Servicios,N/A,A,Falta de lubricación,10.7,Averías,1
902498,2026-12,EQ-0201,Caldera 1,Servicios,N/A,A,Falta de lubricación,7.7,Setup y ajustes,1
902499,2026-12,EQ-0461,Etiquetadora L1,Envasado,Línea 1,A,Desalineamiento,9.2,Paradas menores,1
902500,2026-12,EQ-0461,Etiquetadora L1,Envasado,Línea 1,A,Fatiga de material,10.5,Arranque,1
902501,2026-12,EQ-0461,Etiquetadora L1,Envasado,Línea 1,A,Desgaste,7.8,Averías,1
902502,2026-12,EQ-0470,Paletizador,Envasado,Línea 3,B,Falla eléctrica,2.8,Pérdida de velocidad,1
902503,2026-12,EQ-0310,Reactor P1,Proceso,Línea 1,A,Desalineamiento,2.6,Averías,1
902504,2026-12,EQ-0601,Grúa horquilla 4,Bodega,N/A,C,Fatiga de material,2.0,Defectos y reproceso,1
902505,2026-12,EQ-0320,Mezclador P2,Proceso,Línea 2,B,Desgaste,2.9,Averías,1
902506,2026-12,EQ-0210,Compresor 3,Servicios,N/A,B,Ajuste incorrecto,0.9,Paradas menores,1
902507,2026-12,EQ-0330,Bomba CIP,Proceso,Línea 2,B,Ajuste incorrecto,2.4,Pérdida de velocidad,1
902508,2026-12,EQ-0461,Etiquetadora L1,Envasado,Línea 1,A,Desgaste,5.7,Pérdida de velocidad,1
902509,2026-12,EQ-0457,Envasadora L2,Envasado,Línea 2,A,Falta de lubricación,5.1,Setup y ajustes,1
902510,2026-12,EQ-0471,Transportador L3,Envasado,Línea 3,C,Desalineamiento,0.6,Averías,1
902511,2026-12,EQ-0311,Intercambiador P1,Proceso,Línea 1,B,Falta de lubricación,3.2,Averías,1
902512,2026-12,EQ-0471,Transportador L3,Envasado,Línea 3,C,Ajuste incorrecto,1.7,Defectos y reproceso,1
902513,2026-12,EQ-0310,Reactor P1,Proceso,Línea 1,A,Fatiga de material,5.3,Averías,1
902514,2026-12,EQ-0471,Transportador L3,Envasado,Línea 3,C,Desalineamiento,1.8,Pérdida de velocidad,1
902515,2026-12,EQ-0201,Caldera 1,Servicios,N/A,A,Desalineamiento,8.1,Setup y ajustes,1
902516,2026-12,EQ-0455,Envasadora L1,Envasado,Línea 1,A,Desalineamiento,9.5,Averías,1
902517,2026-12,EQ-0330,Bomba CIP,Proceso,Línea 2,B,Contaminación,1.0,Paradas menores,1
902518,2026-12,EQ-0330,Bomba CIP,Proceso,Línea 2,B,Falta de lubricación,1.3,Pérdida de velocidad,1
902519,2026-12,EQ-0201,Caldera 1,Servicios,N/A,A,Contaminación,3.4,Averías,1
902520,2026-12,EQ-0211,Chiller 1,Servicios,N/A,A,Falla eléctrica,7.4,Arranque,1
902521,2026-12,EQ-0457,Envasadora L2,Envasado,Línea 2,A,Desgaste,1.5,Paradas menores,1
902522,2026-12,EQ-0311,Intercambiador P1,Proceso,Línea 1,B,Contaminación,1.6,Paradas menores,1
902523,2026-12,EQ-0455,Envasadora L1,Envasado,Línea 1,A,Desalineamiento,2.2,Paradas menores,1
902524,2026-12,EQ-0202,Caldera 2,Servicios,N/A,B,Falla eléctrica,4.1,Paradas menores,1
902525,2026-12,EQ-0211,Chiller 1,Servicios,N/A,A,Falta de lubricación,10.1,Averías,1
902526,2026-12,EQ-0457,Envasadora L2,Envasado,Línea 2,A,Ajuste incorrecto,8.2,Averías,1
902527,2026-12,EQ-0455,Envasadora L1,Envasado,Línea 1,A,Fatiga de material,1.6,Defectos y reproceso,1
902528,2026-12,EQ-0470,Paletizador,Envasado,Línea 3,B,Ajuste incorrecto,0.7,Pérdida de velocidad,1
902529,2026-12,EQ-0470,Paletizador,Envasado,Línea 3,B,Obstrucción,0.9,Averías,1
902530,2026-12,EQ-0470,Paletizador,Envasado,Línea 3,B,Desalineamiento,0.8,Averías,1
902531,2026-12,EQ-0461,Etiquetadora L1,Envasado,Línea 1,A,Fatiga de material,7.6,Averías,1
902532,2026-12,EQ-0461,Etiquetadora L1,Envasado,Línea 1,A,Desalineamiento,9.0,Paradas menores,1
902533,2026-12,EQ-0601,Grúa horquilla 4,Bodega,N/A,C,Desalineamiento,4.8,Averías,1
902534,2026-12,EQ-0455,Envasadora L1,Envasado,Línea 1,A,Ajuste incorrecto,10.5,Averías,1
902535,2026-12,EQ-0311,Intercambiador P1,Proceso,Línea 1,B,Falta de lubricación,3.4,Averías,1
902536,2026-12,EQ-0455,Envasadora L1,Envasado,Línea 1,A,Obstrucción,1.3,Averías,1
902537,2026-12,EQ-0330,Bomba CIP,Proceso,Línea 2,B,Obstrucción,1.4,Pérdida de velocidad,1
902538,2026-12,EQ-0455,Envasadora L1,Envasado,Línea 1,A,Falta de lubricación,5.5,Pérdida de velocidad,1
902539,2026-12,EQ-0310,Reactor P1,Proceso,Línea 1,A,Falla eléctrica,2.1,Averías,1
902540,2026-12,EQ-0211,Chiller 1,Servicios,N/A,A,Falla eléctrica,9.1,Averías,1
902541,2026-12,EQ-0462,Etiquetadora L2,Envasado,Línea 2,B,Falta de lubricación,5.8,Averías,1
902542,2026-12,EQ-0330,Bomba CIP,Proceso,Línea 2,B,Obstrucción,5.0,Setup y ajustes,1
902543,2026-12,EQ-0310,Reactor P1,Proceso,Línea 1,A,Desgaste,7.7,Defectos y reproceso,1
902544,2026-12,EQ-0455,Envasadora L1,Envasado,Línea 1,A,Fatiga de material,7.7,Averías,1
902545,2026-12,EQ-0311,Intercambiador P1,Proceso,Línea 1,B,Desalineamiento,7.5,Arranque,1
902546,2026-12,EQ-0310,Reactor P1,Proceso,Línea 1,A,Desgaste,5.7,Paradas menores,1
902547,2026-12,EQ-0310,Reactor P1,Proceso,Línea 1,A,Desalineamiento,10.5,Averías,1
902548,2026-12,EQ-0461,Etiquetadora L1,Envasado,Línea 1,A,Contaminación,9.6,Paradas menores,1
902549,2026-12,EQ-0457,Envasadora L2,Envasado,Línea 2,A,Desgaste,4.9,Paradas menores,1
902550,2026-12,EQ-0331,Bomba de proceso,Proceso,Línea 1,C,Desgaste,5.7,Averías,1
902551,2026-12,EQ-0201,Caldera 1,Servicios,N/A,A,Falta de lubricación,11.0,Paradas menores,1
902552,2026-12,EQ-0470,Paletizador,Envasado,Línea 3,B,Desalineamiento,3.4,Averías,1
902553,2026-12,EQ-0461,Etiquetadora L1,Envasado,Línea 1,A,Desgaste,1.6,Pérdida de velocidad,1
902554,2026-12,EQ-0201,Caldera 1,Servicios,N/A,A,Falla eléctrica,4.3,Averías,1
902555,2026-12,EQ-0455,Envasadora L1,Envasado,Línea 1,A,Contaminación,6.9,Setup y ajustes,1
902556,2026-12,EQ-0457,Envasadora L2,Envasado,Línea 2,A,Desalineamiento,8.1,Averías,1
902557,2026-12,EQ-0457,Envasadora L2,Envasado,Línea 2,A,Obstrucción,10.9,Averías,1
902558,2026-12,EQ-0461,Etiquetadora L1,Envasado,Línea 1,A,Ajuste incorrecto,3.3,Defectos y reproceso,1
902559,2026-12,EQ-0320,Mezclador P2,Proceso,Línea 2,B,Desgaste,1.9,Pérdida de velocidad,1
902560,2026-12,EQ-0457,Envasadora L2,Envasado,Línea 2,A,Desalineamiento,1.3,Averías,1
902561,2026-12,EQ-0320,Mezclador P2,Proceso,Línea 2,B,Desalineamiento,2.4,Averías,1
902562,2026-12,EQ-0457,Envasadora L2,Envasado,Línea 2,A,Contaminación,7.6,Pérdida de velocidad,1
902563,2026-12,EQ-0310,Reactor P1,Proceso,Línea 1,A,Falla eléctrica,7.9,Setup y ajustes,1
902564,2026-12,EQ-0211,Chiller 1,Servicios,N/A,A,Fatiga de material,6.7,Defectos y reproceso,1
902565,2026-12,EQ-0320,Mezclador P2,Proceso,Línea 2,B,Desgaste,7.8,Pérdida de velocidad,1
902566,2026-12,EQ-0320,Mezclador P2,Proceso,Línea 2,B,Desgaste,2.9,Averías,1
902567,2026-12,EQ-0462,Etiquetadora L2,Envasado,Línea 2,B,Desgaste,1.8,Paradas menores,1
902568,2026-12,EQ-0320,Mezclador P2,Proceso,Línea 2,B,Obstrucción,6.4,Averías,1
902569,2026-12,EQ-0201,Caldera 1,Servicios,N/A,A,Fatiga de material,3.4,Averías,1
902570,2026-12,EQ-0330,Bomba CIP,Proceso,Línea 2,B,Desalineamiento,6.1,Pérdida de velocidad,1
902571,2026-12,EQ-0211,Chiller 1,Servicios,N/A,A,Ajuste incorrecto,6.5,Paradas menores,1
902572,2026-12,EQ-0310,Reactor P1,Proceso,Línea 1,A,Falta de lubricación,10.7,Setup y ajustes,1
902573,2026-12,EQ-0310,Reactor P1,Proceso,Línea 1,A,Desgaste,8.9,Defectos y reproceso,1
902574,2026-12,EQ-0331,Bomba de proceso,Proceso,Línea 1,C,Falla eléctrica,4.7,Setup y ajustes,1
902575,2026-12,EQ-0457,Envasadora L2,Envasado,Línea 2,A,Desalineamiento,7.6,Paradas menores,1
902576,2026-12,EQ-0601,Grúa horquilla 4,Bodega,N/A,C,Obstrucción,4.9,Averías,1
902577,2026-12,EQ-0455,Envasadora L1,Envasado,Línea 1,A,Falla eléctrica,2.0,Setup y ajustes,1
902578,2026-12,EQ-0210,Compresor 3,Servicios,N/A,B,Desalineamiento,1.7,Setup y ajustes,1
902579,2026-12,EQ-0461,Etiquetadora L1,Envasado,Línea 1,A,Falla eléctrica,8.6,Paradas menores,1
902580,2026-12,EQ-0461,Etiquetadora L1,Envasado,Línea 1,A,Ajuste incorrecto,1.3,Averías,1
902581,2026-12,EQ-0455,Envasadora L1,Envasado,Línea 1,A,Falla eléctrica,9.6,Averías,1
902582,2026-12,EQ-0331,Bomba de proceso,Proceso,Línea 1,C,Contaminación,1.4,Paradas menores,1
902583,2026-12,EQ-0457,Envasadora L2,Envasado,Línea 2,A,Desgaste,7.6,Averías,1
902584,2026-12,EQ-0457,Envasadora L2,Envasado,Línea 2,A,Desgaste,7.3,Paradas menores,1
902585,2026-12,EQ-0320,Mezclador P2,Proceso,Línea 2,B,Falta de lubricación,5.1,Pérdida de velocidad,1
902586,2026-12,EQ-0330,Bomba CIP,Proceso,Línea 2,B,Fatiga de material,8.0,Setup y ajustes,1
902587,2026-12,EQ-0310,Reactor P1,Proceso,Línea 1,A,Desalineamiento,11.0,Pérdida de velocidad,0
902588,2026-12,EQ-0457,Envasadora L2,Envasado,Línea 2,A,Desalineamiento,6.9,Defectos y reproceso,1
902589,2026-12,EQ-0201,Caldera 1,Servicios,N/A,A,Desgaste,10.4,Paradas menores,1
902590,2026-12,EQ-0601,Grúa horquilla 4,Bodega,N/A,C,Contaminación,4.1,Paradas menores,1
902591,2026-12,EQ-0455,Envasadora L1,Envasado,Línea 1,A,Falta de lubricación,9.5,Averías,1
902592,2026-12,EQ-0462,Etiquetadora L2,Envasado,Línea 2,B,Ajuste incorrecto,3.5,Averías,1
902593,2026-12,EQ-0330,Bomba CIP,Proceso,Línea 2,B,Desalineamiento,5.3,Averías,1
902594,2026-12,EQ-0461,Etiquetadora L1,Envasado,Línea 1,A,Contaminación,10.7,Averías,1
902595,2026-12,EQ-0311,Intercambiador P1,Proceso,Línea 1,B,Desalineamiento,7.1,Paradas menores,1
902596,2026-12,EQ-0210,Compresor 3,Servicios,N/A,B,Falla eléctrica,3.8,Setup y ajustes,1
902597,2026-12,EQ-0462,Etiquetadora L2,Envasado,Línea 2,B,Contaminación,7.4,Paradas menores,1
902598,2026-12,EQ-0310,Reactor P1,Proceso,Línea 1,A,Fatiga de material,10.4,Averías,1
902599,2026-12,EQ-0210,Compresor 3,Servicios,N/A,B,Ajuste incorrecto,6.1,Defectos y reproceso,1
902600,2026-12,EQ-0462,Etiquetadora L2,Envasado,Línea 2,B,Fatiga de material,4.3,Averías,1
902601,2026-12,EQ-0462,Etiquetadora L2,Envasado,Línea 2,B,Obstrucción,7.1,Setup y ajustes,1
902602,2026-12,EQ-0201,Caldera 1,Servicios,N/A,A,Desgaste,8.2,Setup y ajustes,1
902603,2026-12,EQ-0457,Envasadora L2,Envasado,Línea 2,A,Desalineamiento,6.3,Averías,1
902604,2026-12,EQ-0331,Bomba de proceso,Proceso,Línea 1,C,Contaminación,5.2,Averías,1
902605,2026-12,EQ-0457,Envasadora L2,Envasado,Línea 2,A,Obstrucción,6.6,Paradas menores,1
902606,2026-12,EQ-0457,Envasadora L2,Envasado,Línea 2,A,Falla eléctrica,2.7,Averías,1
902607,2026-12,EQ-0461,Etiquetadora L1,Envasado,Línea 1,A,Desgaste,3.6,Paradas menores,1
902608,2026-12,EQ-0601,Grúa horquilla 4,Bodega,N/A,C,Ajuste incorrecto,4.6,Paradas menores,1
902609,2026-12,EQ-0210,Compresor 3,Servicios,N/A,B,Falla eléctrica,2.4,Averías,1
902610,2026-12,EQ-0470,Paletizador,Envasado,Línea 3,B,Fatiga de material,1.5,Paradas menores,1
902611,2026-12,EQ-0462,Etiquetadora L2,Envasado,Línea 2,B,Ajuste incorrecto,5.9,Averías,1
902612,2026-12,EQ-0330,Bomba CIP,Proceso,Línea 2,B,Contaminación,4.9,Setup y ajustes,1
902613,2026-12,EQ-0471,Transportador L3,Envasado,Línea 3,C,Falta de lubricación,5.7,Averías,1
902614,2026-12,EQ-0601,Grúa horquilla 4,Bodega,N/A,C,Obstrucción,0.9,Pérdida de velocidad,1
902615,2026-12,EQ-0211,Chiller 1,Servicios,N/A,A,Falta de lubricación,9.3,Paradas menores,1
902616,2026-12,EQ-0310,Reactor P1,Proceso,Línea 1,A,Obstrucción,1.0,Setup y ajustes,1
902617,2026-12,EQ-0210,Compresor 3,Servicios,N/A,B,Desalineamiento,7.9,Pérdida de velocidad,1
902618,2026-12,EQ-0330,Bomba CIP,Proceso,Línea 2,B,Falla eléctrica,4.3,Arranque,1
902619,2026-12,EQ-0210,Compresor 3,Servicios,N/A,B,Contaminación,1.7,Averías,1
902620,2026-12,EQ-0210,Compresor 3,Servicios,N/A,B,Falla eléctrica,6.9,Pérdida de velocidad,1
902621,2026-12,EQ-0330,Bomba CIP,Proceso,Línea 2,B,Falta de lubricación,7.2,Averías,1
902622,2026-12,EQ-0457,Envasadora L2,Envasado,Línea 2,A,Ajuste incorrecto,6.5,Paradas menores,1
902623,2026-12,EQ-0202,Caldera 2,Servicios,N/A,B,Ajuste incorrecto,8.0,Averías,1
